player_api_id,player_name,team_api_id,team_fifa_api_id,team_name,team_long_name,Country,League,season,PiyasaDegeri
505942,Aaron Appindangoye,8613,1898,Boavista FC,Boavista FC,Portugal,Portugal Liga ZON Sagres,2014/2015,600000
155782,Aaron Cresswell,8654,19,West Ham United,West Ham United,England,England Premier League,2015/2016,12000000
162549,Aaron Doran,8066,620,Inverness Caledonian Thistle,Inverness Caledonian Thistle,Scotland,Scotland Premier League,2014/2015,400000
27316,Aaron Hunt,9790,28,Hamburger SV,Hamburger SV,Germany,Germany 1. Bundesliga,2015/2016,3000000
564793,Aaron Kuhl,9938,181,Dundee United,Dundee United,Scotland,Scotland Premier League,2015/2016,150000
30895,Aaron Lennon,8668,7,Everton,Everton,England,England Premier League,2015/2016,6000000
528212,Aaron Lennox,8485,77,Aberdeen,Aberdeen,Scotland,Scotland Premier League,2015/2016,50000
101042,Aaron Meijers,10217,650,ADO Den Haag,ADO Den Haag,Netherlands,Netherlands Eredivisie,2015/2016,1000000
40719,Aaron Niguez,10264,1896,SC Braga,SC Braga,Portugal,Portugal Liga ZON Sagres,2015/2016,500000
75489,Aaron Ramsey,9825,1,Arsenal,Arsenal,England,England Premier League,2015/2016,35000000
597948,Aaron Splaine,8597,82,Kilmarnock,Kilmarnock,Scotland,Scotland Premier League,2015/2016,75000
167027,Abdelaziz Barrada,8592,219,Olympique de Marseille,Olympique de Marseille,France,France Ligue 1,2015/2016,2500000
128456,Abdelhamid El Kaoutari,9837,379,Stade de Reims,Stade de Reims,France,France Ligue 1,2015/2016,2500000
42664,Abdelkader Ghezzal,10167,50,Parma,Parma,Italy,Italy Serie A,2014/2015,200000
467485,Abdelmalek El Hasnaoui,6413,1914,PEC Zwolle,PEC Zwolle,Netherlands,Netherlands Eredivisie,2015/2016,200000
563215,Abdou Diallo,10000,15005,SV Zulte-Waregem,SV Zulte-Waregem,Belgium,Belgium Jupiler League,2015/2016,1200000
41093,Abdou Traore,9827,59,Girondins de Bordeaux,Girondins de Bordeaux,France,France Ligue 1,2015/2016,800000
564712,Abdoul Ba,8588,64,RC Lens,RC Lens,France,France Ligue 1,2014/2015,400000
67334,Abdoul Karim Yoda,8305,1860,Getafe CF,Getafe CF,Spain,Spain LIGA BBVA,2015/2016,1500000
173955,Abdoul Razzagui Camara,8121,1530,Angers SCO,Angers SCO,France,France Ligue 1,2015/2016,1250000
39562,Abdoulay Konko,8543,46,Lazio,Lazio,Italy,Italy Serie A,2015/2016,900000
191784,Abdoulaye Ba,8370,480,Rayo Vallecano,Rayo Vallecano,Spain,Spain LIGA BBVA,2014/2015,2000000
201915,Abdoulaye Diaby,8342,231,Club Brugge KV,Club Brugge KV,Belgium,Belgium Jupiler League,2015/2016,6000000
189181,Abdoulaye Diallo,9851,74,Stade Rennais FC,Stade Rennais FC,France,France Ligue 1,2015/2016,1000000
194479,Abdoulaye Diallo Sadio,7794,58,SC Bastia,SC Bastia,France,France Ligue 1,2015/2016,1250000
352887,Abdoulaye Doucoure,7878,110832,Granada CF,Granada CF,Spain,Spain LIGA BBVA,2015/2016,6000000
409003,Abdoulaye Keita,7794,58,SC Bastia,SC Bastia,France,France Ligue 1,2014/2015,300000
439366,Abdoulaye Toure,9830,71,FC Nantes,FC Nantes,France,France Ligue 1,2015/2016,150000
148827,Abdoulwahid Sissoko,7878,110832,Granada CF,Granada CF,Spain,Spain LIGA BBVA,2014/2015,800000
196947,Abdul Majeed Waris,8689,217,FC Lorient,FC Lorient,France,France Ligue 1,2015/2016,4500000
89405,Abdul Osman,8426,1754,Partick Thistle F.C.,Partick Thistle F.C.,Scotland,Scotland Premier League,2015/2016,350000
324910,Abdul Rahman Baba,8455,5,Chelsea,Chelsea,England,England Premier League,2015/2016,12000000
525595,Abdullahi Shehu,6367,2000001,Uniao da Madeira,Uniao da Madeira,Portugal,Portugal Liga ZON Sagres,2015/2016,500000
24385,Abel Aguilar,9807,1889,CF Os Belenenses,CF Os Belenenses,Portugal,Portugal Liga ZON Sagres,2015/2016,1250000
29904,Abel Gomez,7869,1867,Córdoba CF,Córdoba CF,Spain,Spain LIGA BBVA,2014/2015,300000
105548,Abel Hernandez,8667,1952,Hull City,Hull City,England,England Premier League,2014/2015,8000000
172875,Abel Issa Camara,9807,1889,CF Os Belenenses,CF Os Belenenses,Portugal,Portugal Liga ZON Sagres,2015/2016,750000
240556,Abel Tamata,8674,1915,FC Groningen,FC Groningen,Netherlands,Netherlands Eredivisie,2015/2016,500000
114503,Abiola Dauda,9860,80,Heart of Midlothian,Heart of Midlothian,Scotland,Scotland Premier League,2015/2016,500000
27277,Abou Diaby,8592,219,Olympique de Marseille,Olympique de Marseille,France,France Ligue 1,2015/2016,500000
581141,Aboubakar Kamara,8571,100081,KV Kortrijk,KV Kortrijk,Belgium,Belgium Jupiler League,2015/2016,300000
80592,Aboubakar Oumarou,8475,110913,Waasland-Beveren,Waasland-Beveren,Belgium,Belgium Jupiler League,2014/2015,800000
165706,Abraham Gonzalez,8558,452,RCD Espanyol,RCD Espanyol,Spain,Spain LIGA BBVA,2015/2016,1500000
213695,Abraham Minero,8372,467,SD Eibar,SD Eibar,Spain,Spain LIGA BBVA,2014/2015,500000
660145,Achille Vaarnold,10229,1906,AZ,AZ,Netherlands,Netherlands Eredivisie,2015/2016,200000
293235,Achraf Lazaar,8540,1843,Palermo,Palermo,Italy,Italy Serie A,2015/2016,3000000
495841,Adalberto Penaranda,7878,110832,Granada CF,Granada CF,Spain,Spain LIGA BBVA,2015/2016,4000000
519835,Adam Armstrong,10261,13,Newcastle United,Newcastle United,England,England Premier League,2014/2015,1500000
157303,Adam Bogdan,8650,9,Liverpool,Liverpool,England,England Premier League,2015/2016,1500000
557396,Adam Buksa,8030,111091,Lechia Gdańsk,Lechia Gdańsk,Poland,Poland Ekstraklasa,2015/2016,150000
180197,Adam Collin,8485,77,Aberdeen,Aberdeen,Scotland,Scotland Premier League,2015/2016,250000
68962,Adam Danch,8020,2000002,Polonia Bytom,Polonia Bytom,Poland,Poland Ekstraklasa,2015/2016,400000
429870,Adam Deja,8033,111087,Podbeskidzie Bielsko-Biała,Podbeskidzie Bielsko-Biała,Poland,Poland Ekstraklasa,2015/2016,150000
361712,Adam Dzwigala,8020,2000002,Polonia Bytom,Polonia Bytom,Poland,Poland Ekstraklasa,2015/2016,150000
38617,Adam Federici,8678,1943,Bournemouth,Bournemouth,England,England Premier League,2015/2016,1000000
173993,Adam Fraczczak,8023,110746,Pogoń Szczecin,Pogoń Szczecin,Poland,Poland Ekstraklasa,2015/2016,400000
277313,Adam Gyurcso,8023,110746,Pogoń Szczecin,Pogoń Szczecin,Poland,Poland Ekstraklasa,2015/2016,600000
89240,Adam Hlousek,8673,1871,Legia Warszawa,Legia Warszawa,Poland,Poland Ekstraklasa,2015/2016,1000000
24159,Adam Johnson,8472,106,Sunderland,Sunderland,England,England Premier League,2015/2016,7500000
43317,Adam Kokoszka,8025,111092,Śląsk Wrocław,Śląsk Wrocław,Poland,Poland Ekstraklasa,2015/2016,300000
37234,Adam Lallana,8650,9,Liverpool,Liverpool,England,England Premier League,2015/2016,19000000
209372,Adam Maher,8640,247,PSV,PSV,Netherlands,Netherlands Eredivisie,2015/2016,4000000
478447,Adam Marusic,8571,100081,KV Kortrijk,KV Kortrijk,Belgium,Belgium Jupiler League,2015/2016,1500000
500502,Adam Masina,9857,189,Bologna,Bologna,Italy,Italy Serie A,2015/2016,4000000
170593,Adam Matthews,9925,78,Celtic,Celtic,Scotland,Scotland Premier League,2014/2015,2500000
185336,Adam Matuschyk,8722,31,1. FC Köln,1. FC Köln,Germany,Germany 1. Bundesliga,2014/2015,600000
69249,Adam Mojta,8033,111087,Podbeskidzie Bielsko-Biała,Podbeskidzie Bielsko-Biała,Poland,Poland Ekstraklasa,2015/2016,350000
407308,Adam Morgan,8467,100804,St. Johnstone FC,St. Johnstone FC,Scotland,Scotland Premier League,2014/2015,200000
12245,Adam Nemec,8525,1907,Willem II,Willem II,Netherlands,Netherlands Eredivisie,2015/2016,600000
684978,Adam Ounas,9827,59,Girondins de Bordeaux,Girondins de Bordeaux,France,France Ligue 1,2015/2016,4000000
306507,Adam Pazio,8033,111087,Podbeskidzie Bielsko-Biała,Podbeskidzie Bielsko-Biała,Poland,Poland Ekstraklasa,2015/2016,200000
31916,Adam Rooney,8485,77,Aberdeen,Aberdeen,Scotland,Scotland Premier League,2015/2016,650000
555649,Adam Ryczkowski,8673,1871,Legia Warszawa,Legia Warszawa,Poland,Poland Ekstraklasa,2015/2016,150000
160447,Adam Smith,8678,1943,Bournemouth,Bournemouth,England,England Premier League,2015/2016,2000000
36774,Adam Szalai,9904,485,Hannover 96,Hannover 96,Germany,Germany 1. Bundesliga,2015/2016,1500000
243068,Adam Taggart,9938,181,Dundee United,Dundee United,Scotland,Scotland Premier League,2015/2016,400000
164360,Adama Francois,10238,665,Vitória Setúbal,Vitória Setúbal,Portugal,Portugal Liga ZON Sagres,2015/2016,650000
357881,Adama Soumaoro,8639,65,LOSC Lille,LOSC Lille,France,France Ligue 1,2015/2016,2000000
533212,Adama Traore,9829,69,AS Monaco,AS Monaco,France,France Ligue 1,2015/2016,7000000
181211,Adama Traore,9931,896,FC Basel,FC Basel,Switzerland,Switzerland Super League,2015/2016,750000
103866,Adamo Coulibaly,8588,64,RC Lens,RC Lens,France,France Ligue 1,2014/2015,200000
47394,Adel Taarabt,10172,15,Queens Park Rangers,Queens Park Rangers,England,England Premier League,2014/2015,800000
155738,Adem Ljajic,8636,44,Inter,Inter,Italy,Italy Serie A,2015/2016,10000000
568920,Aderlan,10215,1901,Académica de Coimbra,Académica de Coimbra,Portugal,Portugal Liga ZON Sagres,2015/2016,750000
361710,Aderlan Santos,10267,461,Valencia CF,Valencia CF,Spain,Spain LIGA BBVA,2015/2016,5000000
45816,Adil Auassar,10218,1971,Excelsior,Excelsior,Netherlands,Netherlands Eredivisie,2015/2016,700000
77741,Adil Rami,8302,481,Sevilla FC,Sevilla FC,Spain,Spain LIGA BBVA,2015/2016,7000000
131409,Adlene Guedioura,9817,1795,Watford,Watford,England,England Premier League,2015/2016,1000000
132844,Admir Mehmedi,8178,32,Bayer 04 Leverkusen,Bayer 04 Leverkusen,Germany,Germany 1. Bundesliga,2015/2016,5000000
45815,Adnan Alisic,6631,100626,FC Dordrecht,FC Dordrecht,Netherlands,Netherlands Eredivisie,2014/2015,150000
449241,Adnan Januzaj,10260,11,Manchester United,Manchester United,England,England Premier League,2015/2016,7000000
261599,Adnane Tighadouini,9864,573,Málaga CF,Málaga CF,Spain,Spain LIGA BBVA,2015/2016,1000000
154950,Adrian Basta,8019,110565,Górnik Łęczna,Górnik Łęczna,Poland,Poland Ekstraklasa,2015/2016,150000
102572,Adrian Colunga,7878,110832,Granada CF,Granada CF,Spain,Spain LIGA BBVA,2014/2015,500000
482331,Adrian Embarba,8370,480,Rayo Vallecano,Rayo Vallecano,Spain,Spain LIGA BBVA,2015/2016,1500000
40501,Adrian Gonzalez,8372,467,SD Eibar,SD Eibar,Spain,Spain LIGA BBVA,2015/2016,3000000
178574,Adrian Gunino,7869,1867,Córdoba CF,Córdoba CF,Spain,Spain LIGA BBVA,2014/2015,800000
45744,Adrian Lopez,10205,483,Villarreal CF,Villarreal CF,Spain,Spain LIGA BBVA,2015/2016,4000000
23358,Adrian Mariappa,9826,1799,Crystal Palace,Crystal Palace,England,England Premier League,2015/2016,1500000
571685,Adrian Marin,10205,483,Villarreal CF,Villarreal CF,Spain,Spain LIGA BBVA,2015/2016,1000000
112976,Adrian Nikci,10191,1715,FC Thun,FC Thun,Switzerland,Switzerland Super League,2014/2015,350000
239253,Adrian Rakowski,8021,110749,Zagłębie Lubin,Zagłębie Lubin,Poland,Poland Ekstraklasa,2015/2016,250000
50345,Adrian Ramos,9789,22,Borussia Dortmund,Borussia Dortmund,Germany,Germany 1. Bundesliga,2015/2016,6000000
114790,Adrian Winter,10199,897,FC Luzern,FC Luzern,Switzerland,Switzerland Super League,2014/2015,600000
33992,Adriano,8634,241,FC Barcelona,FC Barcelona,Spain,Spain LIGA BBVA,2015/2016,3000000
280969,Adriano Facchini,9764,1888,Gil Vicente FC,Gil Vicente FC,Portugal,Portugal Liga ZON Sagres,2014/2015,500000
38122,Adriano Russo,9891,111657,Frosinone,Frosinone,Italy,Italy Serie A,2015/2016,450000
352879,Adrien Rabiot,9847,73,Paris Saint-Germain,Paris Saint-Germain,France,France Ligue 1,2015/2016,12000000
557353,Adrien Rawyler,10191,1715,FC Thun,FC Thun,Switzerland,Switzerland Super League,2014/2015,50000
188413,Adrien Regattin,9941,1809,Toulouse FC,Toulouse FC,France,France Ligue 1,2015/2016,2000000
40930,Adrien Silva,9768,237,Sporting CP,Sporting CP,Portugal,Portugal Liga ZON Sagres,2015/2016,25000000
317062,Adrien Thomasson,9830,71,FC Nantes,FC Nantes,France,France Ligue 1,2015/2016,3000000
242719,Adrien Trebel,9985,232,Standard de Liège,Standard de Liège,Belgium,Belgium Jupiler League,2015/2016,4000000
263276,Adryan,9830,71,FC Nantes,FC Nantes,France,France Ligue 1,2015/2016,2500000
213366,Afriyie Acquah,9804,54,Torino,Torino,Italy,Italy Serie A,2015/2016,3000000
441441,Ager Aketxe,8315,448,Athletic Club de Bilbao,Athletic Club de Bilbao,Spain,Spain LIGA BBVA,2015/2016,1000000
256728,Agustin Vuletich,158085,112513,FC Arouca,FC Arouca,Portugal,Portugal Liga ZON Sagres,2014/2015,400000
513810,Ahmed El Messaoudi,8203,110724,KV Mechelen,KV Mechelen,Belgium,Belgium Jupiler League,2015/2016,400000
111930,Ahmed El Mohamady,8667,1952,Hull City,Hull City,England,England Premier League,2014/2015,4000000
403003,Ahmed Hassan Koka,10264,1896,SC Braga,SC Braga,Portugal,Portugal Liga ZON Sagres,2015/2016,4500000
41182,Ahmed Kantari,8588,64,RC Lens,RC Lens,France,France Ligue 1,2014/2015,1000000
120917,Ahmed Kashi,8550,68,FC Metz,FC Metz,France,France Ligue 1,2014/2015,1000000
410141,Aidan Connolly,9938,181,Dundee United,Dundee United,Scotland,Scotland Premier League,2015/2016,150000
582500,Aidan Nesbitt,8426,1754,Partick Thistle F.C.,Partick Thistle F.C.,Scotland,Scotland Premier League,2015/2016,100000
32448,Aiden McGeady,8668,7,Everton,Everton,England,England Premier League,2014/2015,4000000
213737,Airam Cabrera,8245,111083,Korona Kielce,Korona Kielce,Poland,Poland Ekstraklasa,2015/2016,500000
715642,Aissa Laidouni,8121,1530,Angers SCO,Angers SCO,France,France Ligue 1,2015/2016,100000
210683,Aissa Mandi,9837,379,Stade de Reims,Stade de Reims,France,France Ligue 1,2015/2016,4500000
33451,Alaeddine Yahia,7819,210,SM Caen,SM Caen,France,France Ligue 1,2015/2016,500000
34268,Alain Nef,10243,894,FC Zürich,FC Zürich,Switzerland,Switzerland Super League,2015/2016,150000
36785,Alain Rochat,10192,900,BSC Young Boys,BSC Young Boys,Switzerland,Switzerland Super League,2015/2016,250000
95220,Alain Wiss,10190,898,FC St. Gallen,FC St. Gallen,Switzerland,Switzerland Super League,2015/2016,750000
25926,Alan,10264,1896,SC Braga,SC Braga,Portugal,Portugal Liga ZON Sagres,2015/2016,400000
32547,Alan Gow,9800,100805,St. Mirren,St. Mirren,Scotland,Scotland Premier League,2014/2015,400000
267728,Alan Henrique,10214,1891,CD Nacional,CD Nacional,Portugal,Portugal Liga ZON Sagres,2015/2016,250000
32870,Alan Hutton,10252,2,Aston Villa,Aston Villa,England,England Premier League,2015/2016,2000000
14100,Alan Mannus,8467,100804,St. Johnstone FC,St. Johnstone FC,Scotland,Scotland Premier League,2015/2016,450000
32845,Alan Martin,8429,184,Hamilton Academical FC,Hamilton Academical FC,Scotland,Scotland Premier League,2015/2016,125000
667963,Alan Schons,8348,1900,Moreirense FC,Moreirense FC,Portugal,Portugal Liga ZON Sagres,2015/2016,250000
312585,Alan Uryga,10265,1873,Wisła Kraków,Wisła Kraków,Poland,Poland Ekstraklasa,2015/2016,400000
441173,Alassane Diallo,10001,681,KVC Westerlo,KVC Westerlo,Belgium,Belgium Jupiler League,2014/2015,400000
294859,Alassane Plea,9831,72,OGC Nice,OGC Nice,France,France Ligue 1,2015/2016,7000000
289250,Alassane Tambe,10233,110556,Genoa,Genoa,Italy,Italy Serie A,2014/2015,400000
160220,Alassane Toure,6391,110316,GFC Ajaccio,GFC Ajaccio,France,France Ligue 1,2015/2016,400000
698273,Alban Lafont,9941,1809,Toulouse FC,Toulouse FC,France,France Ligue 1,2015/2016,4000000
94883,Alban Meha,8460,10030,SC Paderborn 07,SC Paderborn 07,Germany,Germany 1. Bundesliga,2014/2015,1800000
177689,Alban Pnishi,9956,322,Grasshopper Club Zürich,Grasshopper Club Zürich,Switzerland,Switzerland Super League,2015/2016,500000
37503,Albano Benjamin Bizzarri,8533,192,Chievo Verona,Chievo Verona,Italy,Italy Serie A,2015/2016,200000
35831,Albert Bunjaku,10190,898,FC St. Gallen,FC St. Gallen,Switzerland,Switzerland Super League,2015/2016,300000
396912,Albert Rafetraniaina,9831,72,OGC Nice,OGC Nice,France,France Ligue 1,2014/2015,800000
484858,Albert Rusnak,8674,1915,FC Groningen,FC Groningen,Netherlands,Netherlands Eredivisie,2015/2016,1750000
27694,Alberto Aquilani,9768,237,Sporting CP,Sporting CP,Portugal,Portugal Liga ZON Sagres,2015/2016,2000000
299879,Alberto Brignoli,9882,1837,Sampdoria,Sampdoria,Italy,Italy Serie A,2015/2016,1200000
41168,Alberto Bueno,9773,236,FC Porto,FC Porto,Portugal,Portugal Liga ZON Sagres,2015/2016,4000000
38395,Alberto Cifuentes,8028,111086,Piast Gliwice,Piast Gliwice,Poland,Poland Ekstraklasa,2014/2015,200000
47565,Alberto De la Bella,8560,457,Real Sociedad,Real Sociedad,Spain,Spain LIGA BBVA,2015/2016,1250000
102394,Alberto Garcia,9869,459,Real Sporting de Gijón,Real Sporting de Gijón,Spain,Spain LIGA BBVA,2015/2016,300000
30881,Alberto Gilardino,8540,1843,Palermo,Palermo,Italy,Italy Serie A,2015/2016,1000000
575364,Alberto Grassi,8524,39,Atalanta,Atalanta,Italy,Italy Serie A,2015/2016,4000000
543020,Alberto Guitian,9869,459,Real Sporting de Gijón,Real Sporting de Gijón,Spain,Spain LIGA BBVA,2015/2016,600000
37451,Alberto Lopo,9783,242,RC Deportivo de La Coruña,RC Deportivo de La Coruña,Spain,Spain LIGA BBVA,2015/2016,100000
314605,Alberto Moreno,8650,9,Liverpool,Liverpool,England,England Premier League,2015/2016,12000000
109121,Alberto Paloschi,10003,1960,Swansea City,Swansea City,England,England Premier League,2015/2016,6000000
39302,Alberto Pelagotti,8534,1746,Empoli,Empoli,Italy,Italy Serie A,2015/2016,500000
74028,Alberto Pomini,7943,111974,Sassuolo,Sassuolo,Italy,Italy Serie A,2014/2015,100000
527104,Albian Ajeti,9931,896,FC Basel,FC Basel,Switzerland,Switzerland Super League,2015/2016,1000000
71768,Albin Ekdal,9790,28,Hamburger SV,Hamburger SV,Germany,Germany 1. Bundesliga,2015/2016,4500000
493418,Albion Avdijaj,9824,286,FC Vaduz,FC Vaduz,Switzerland,Switzerland Super League,2015/2016,400000
661509,Aldin Turkes,10243,894,FC Zürich,FC Zürich,Switzerland,Switzerland Super League,2015/2016,300000
93343,Aldo Angoula,4087,111271,Évian Thonon Gaillard FC,Évian Thonon Gaillard FC,France,France Ligue 1,2014/2015,250000
664961,Aldo Kalulu,9748,66,Olympique Lyonnais,Olympique Lyonnais,France,France Ligue 1,2015/2016,600000
39345,Aleandro Rosi,9891,111657,Frosinone,Frosinone,Italy,Italy Serie A,2015/2016,800000
450292,Alef,10264,1896,SC Braga,SC Braga,Portugal,Portugal Liga ZON Sagres,2015/2016,650000
189192,Aleix Vidal,8634,241,FC Barcelona,FC Barcelona,Spain,Spain LIGA BBVA,2015/2016,7500000
191906,Alejandro Arribas,9783,242,RC Deportivo de La Coruña,RC Deportivo de La Coruña,Spain,Spain LIGA BBVA,2015/2016,3000000
169217,Alejandro Bedoya,9830,71,FC Nantes,FC Nantes,France,France Ligue 1,2015/2016,2000000
151079,Alejandro Bergantinos,9783,242,RC Deportivo de La Coruña,RC Deportivo de La Coruña,Spain,Spain LIGA BBVA,2015/2016,3000000
97657,Alejandro Faurlin,10172,15,Queens Park Rangers,Queens Park Rangers,England,England Premier League,2014/2015,1800000
303484,Alejandro Galvez,8697,38,SV Werder Bremen,SV Werder Bremen,Germany,Germany 1. Bundesliga,2015/2016,2500000
168569,Alejandro Gonzalez,8529,1842,Cagliari,Cagliari,Italy,Italy Serie A,2014/2015,600000
288406,Alejandro Grimaldo Garcia,9772,234,SL Benfica,SL Benfica,Portugal,Portugal Liga ZON Sagres,2015/2016,7000000
282470,Alejandro Pozuelo,9987,673,KRC Genk,KRC Genk,Belgium,Belgium Jupiler League,2015/2016,3000000
302911,Aleksandar Bjelica,8203,110724,KV Mechelen,KV Mechelen,Belgium,Belgium Jupiler League,2015/2016,650000
364496,Aleksandar Cavric,9987,673,KRC Genk,KRC Genk,Belgium,Belgium Jupiler League,2014/2015,450000
167094,Aleksandar Ignjovski,9810,1824,Eintracht Frankfurt,Eintracht Frankfurt,Germany,Germany 1. Bundesliga,2015/2016,1500000
16351,Aleksandar Kolarov,8456,10,Manchester City,Manchester City,England,England Premier League,2015/2016,11000000
426005,Aleksandar Kovacevic,8030,111091,Lechia Gdańsk,Lechia Gdańsk,Poland,Poland Ekstraklasa,2015/2016,800000
351860,Aleksandar Mitrovic,10261,13,Newcastle United,Newcastle United,England,England Premier League,2015/2016,12000000
280638,Aleksandar Pantic,8372,467,SD Eibar,SD Eibar,Spain,Spain LIGA BBVA,2015/2016,1500000
164519,Aleksandar Pesic,9941,1809,Toulouse FC,Toulouse FC,France,France Ligue 1,2015/2016,1500000
124144,Aleksandar Prijovic,8673,1871,Legia Warszawa,Legia Warszawa,Poland,Poland Ekstraklasa,2015/2016,1500000
69018,Aleksandar Todorovski,8021,110749,Zagłębie Lubin,Zagłębie Lubin,Poland,Poland Ekstraklasa,2015/2016,200000
156534,Aleksandar Tonev,9891,111657,Frosinone,Frosinone,Italy,Italy Serie A,2015/2016,800000
208852,Aleksandar Trajkovski,8540,1843,Palermo,Palermo,Italy,Italy Serie A,2015/2016,1000000
68839,Aleksander Kwiek,8020,2000002,Polonia Bytom,Polonia Bytom,Poland,Poland Ekstraklasa,2015/2016,100000
89828,Aleksandrs Fertovs,8245,111083,Korona Kielce,Korona Kielce,Poland,Poland Ekstraklasa,2015/2016,350000
395154,Alen Halilovic,9869,459,Real Sporting de Gijón,Real Sporting de Gijón,Spain,Spain LIGA BBVA,2015/2016,5000000
39145,Alesandro Cordaro,10000,15005,SV Zulte-Waregem,SV Zulte-Waregem,Belgium,Belgium Jupiler League,2015/2016,800000
39763,Alessandro Agostini,9876,206,Hellas Verona,Hellas Verona,Italy,Italy Serie A,2014/2015,300000
197848,Alessandro Cerigioni,1773,100087,Oud-Heverlee Leuven,Oud-Heverlee Leuven,Belgium,Belgium Jupiler League,2015/2016,500000
561819,Alessandro Damen,10218,1971,Excelsior,Excelsior,Netherlands,Netherlands Eredivisie,2014/2015,200000
41475,Alessandro Diamanti,8524,39,Atalanta,Atalanta,Italy,Italy Serie A,2015/2016,1000000
264842,Alessandro Florenzi,8686,52,Roma,Roma,Italy,Italy Serie A,2015/2016,22000000
42443,Alessandro Frara,9891,111657,Frosinone,Frosinone,Italy,Italy Serie A,2015/2016,200000
24504,Alessandro Gamberini,8533,192,Chievo Verona,Chievo Verona,Italy,Italy Serie A,2015/2016,400000
41816,Alessandro Gazzi,9804,54,Torino,Torino,Italy,Italy Serie A,2015/2016,700000
182843,Alessandro Iacobucci,10167,50,Parma,Parma,Italy,Italy Serie A,2014/2015,1300000
215725,Alessandro Longhi,7943,111974,Sassuolo,Sassuolo,Italy,Italy Serie A,2015/2016,800000
41411,Alessandro Matri,8543,46,Lazio,Lazio,Italy,Italy Serie A,2015/2016,1500000
620524,Alessandro Piu,8534,1746,Empoli,Empoli,Italy,Italy Serie A,2015/2016,700000
461357,Alessandro Schoepf,10189,34,FC Schalke 04,FC Schalke 04,Germany,Germany 1. Bundesliga,2015/2016,5000000
41269,Alessio Cerci,10233,110556,Genoa,Genoa,Italy,Italy Serie A,2015/2016,7000000
282706,Alessio Cragno,8529,1842,Cagliari,Cagliari,Italy,Italy Serie A,2014/2015,2500000
602306,Alessio Da Cruz,8611,1908,FC Twente,FC Twente,Netherlands,Netherlands Eredivisie,2015/2016,200000
362195,Alessio Romagnoli,8564,47,Milan,Milan,Italy,Italy Serie A,2015/2016,20000000
26564,Alex,8564,47,Milan,Milan,Italy,Italy Serie A,2015/2016,1000000
163838,Alex,7844,1887,Vitória Guimarães,Vitória Guimarães,Portugal,Portugal Liga ZON Sagres,2015/2016,600000
35480,Alex Bruce,8667,1952,Hull City,Hull City,England,England Premier League,2014/2015,1000000
213500,Alex Fernandez,8558,452,RCD Espanyol,RCD Espanyol,Spain,Spain LIGA BBVA,2014/2015,400000
447488,Alex Ferrari,9857,189,Bologna,Bologna,Italy,Italy Serie A,2015/2016,1000000
265618,Alex Goncalves,8348,1900,Moreirense FC,Moreirense FC,Portugal,Portugal Liga ZON Sagres,2014/2015,450000
396888,Alex Harris,8284,180,Dundee FC,Dundee FC,Scotland,Scotland Premier League,2014/2015,200000
430433,Alex Henshall,8597,82,Kilmarnock,Kilmarnock,Scotland,Scotland Premier League,2015/2016,100000
604785,Alex Iwobi,9825,1,Arsenal,Arsenal,England,England Premier League,2015/2016,8000000
470416,Alex Kakuba,7842,10020,Estoril Praia,Estoril Praia,Portugal,Portugal Liga ZON Sagres,2014/2015,500000
205034,Alex Lopez,9910,450,RC Celta de Vigo,RC Celta de Vigo,Spain,Spain LIGA BBVA,2014/2015,1800000
119079,Alex McCarthy,9826,1799,Crystal Palace,Crystal Palace,England,England Premier League,2015/2016,3000000
282689,Alex Menendez,9869,459,Real Sporting de Gijón,Real Sporting de Gijón,Spain,Spain LIGA BBVA,2015/2016,800000
196386,Alex Oxlade-Chamberlain,9825,1,Arsenal,Arsenal,England,England Premier League,2015/2016,20000000
157865,Alex Sandro,9885,45,Juventus,Juventus,Italy,Italy Serie A,2015/2016,28000000
262753,Alex Schalk,8649,631,Ross County FC,Ross County FC,Scotland,Scotland Premier League,2015/2016,400000
478988,Alex Soares,10212,1893,CS Marítimo,CS Marítimo,Portugal,Portugal Liga ZON Sagres,2015/2016,1000000
23678,Alex Song,8654,19,West Ham United,West Ham United,England,England Premier League,2015/2016,5000000
428672,Alex Telles,8636,44,Inter,Inter,Italy,Italy Serie A,2015/2016,8000000
41975,Alex Valentini,7896,2000003,Lugano,Lugano,Switzerland,Switzerland Super League,2015/2016,200000
186923,Alexander Bannink,8526,635,De Graafschap,De Graafschap,Netherlands,Netherlands Eredivisie,2015/2016,300000
27306,Alexander Baumjohann,8177,166,Hertha BSC Berlin,Hertha BSC Berlin,Germany,Germany 1. Bundesliga,2015/2016,1000000
118434,Alexander Buettner,8635,229,RSC Anderlecht,RSC Anderlecht,Belgium,Belgium Jupiler League,2015/2016,1500000
407765,Alexander Djiku,7794,58,SC Bastia,SC Bastia,France,France Ligue 1,2015/2016,600000
147735,Alexander Esswein,8406,100409,FC Augsburg,FC Augsburg,Germany,Germany 1. Bundesliga,2015/2016,2500000
31672,Alexander Farnerud,9804,54,Torino,Torino,Italy,Italy Serie A,2014/2015,600000
438780,Alexander Fransson,9931,896,FC Basel,FC Basel,Switzerland,Switzerland Super League,2015/2016,1500000
71764,Alexander Gerndt,10192,900,BSC Young Boys,BSC Young Boys,Switzerland,Switzerland Super League,2015/2016,2000000
190525,Alexander Gonzalez,10192,900,BSC Young Boys,BSC Young Boys,Switzerland,Switzerland Super League,2015/2016,1000000
459000,Alexander Hack,9905,169,1. FSV Mainz 05,1. FSV Mainz 05,Germany,Germany 1. Bundesliga,2015/2016,750000
34420,Alexander Madlung,9810,1824,Eintracht Frankfurt,Eintracht Frankfurt,Germany,Germany 1. Bundesliga,2014/2015,450000
27478,Alexander Meier,9810,1824,Eintracht Frankfurt,Eintracht Frankfurt,Germany,Germany 1. Bundesliga,2015/2016,2500000
192504,Alexander Merkel,8600,55,Udinese,Udinese,Italy,Italy Serie A,2015/2016,400000
169569,Alexander Milosevic,9904,485,Hannover 96,Hannover 96,Germany,Germany 1. Bundesliga,2015/2016,1000000
203755,Alexander Scholz,9985,232,Standard de Liège,Standard de Liège,Belgium,Belgium Jupiler League,2015/2016,4500000
440330,Alexander Soerloth,8674,1915,FC Groningen,FC Groningen,Netherlands,Netherlands Eredivisie,2015/2016,1000000
40100,Alexander Tettey,9850,1792,Norwich City,Norwich City,England,England Premier League,2015/2016,3000000
3517,Alexandr Kerzhakov,10243,894,FC Zürich,FC Zürich,Switzerland,Switzerland Super League,2015/2016,400000
750584,Alexandre Azevedo,158085,112513,FC Arouca,FC Arouca,Portugal,Portugal Liga ZON Sagres,2015/2016,100000
155075,Alexandre Barthe,9956,322,Grasshopper Club Zürich,Grasshopper Club Zürich,Switzerland,Switzerland Super League,2015/2016,300000
265727,Alexandre Coeff,6391,110316,GFC Ajaccio,GFC Ajaccio,France,France Ligue 1,2015/2016,1500000
39749,Alexandre D'Acol,8429,184,Hamilton Academical FC,Hamilton Academical FC,Scotland,Scotland Premier League,2015/2016,300000
169193,Alexandre Lacazette,9748,66,Olympique Lyonnais,Olympique Lyonnais,France,France Ligue 1,2015/2016,40000000
210387,Alexandre Letellier,8121,1530,Angers SCO,Angers SCO,France,France Ligue 1,2015/2016,800000
560900,Alexandre Mendy,9831,72,OGC Nice,OGC Nice,France,France Ligue 1,2015/2016,600000
46554,Alexandre Pato,8455,5,Chelsea,Chelsea,England,England Premier League,2015/2016,5000000
46342,Alexandre Raineau,7819,210,SM Caen,SM Caen,France,France Ligue 1,2015/2016,400000
571296,Alexandre Silva,7844,1887,Vitória Guimarães,Vitória Guimarães,Portugal,Portugal Liga ZON Sagres,2015/2016,750000
298923,Alexandru Maxim,10269,36,VfB Stuttgart,VfB Stuttgart,Germany,Germany 1. Bundesliga,2015/2016,3000000
277443,Alexi Peuget,9837,379,Stade de Reims,Stade de Reims,France,France Ligue 1,2015/2016,600000
687572,Alexis Alegue Elandi,9830,71,FC Nantes,FC Nantes,France,France Ligue 1,2015/2016,250000
605848,Alexis Blin,9941,1809,Toulouse FC,Toulouse FC,France,France Ligue 1,2015/2016,2000000
571681,Alexis De Sart,9997,680,Sint-Truidense VV,Sint-Truidense VV,Belgium,Belgium Jupiler League,2015/2016,300000
50047,Alexis Sanchez,9825,1,Arsenal,Arsenal,England,England Premier League,2015/2016,55000000
303089,Alexy Bosetti,9831,72,OGC Nice,OGC Nice,France,France Ligue 1,2014/2015,1750000
641042,Alfonso Artabe,9997,680,Sint-Truidense VV,Sint-Truidense VV,Belgium,Belgium Jupiler League,2015/2016,400000
629594,Alfonso Pedraza,10205,483,Villarreal CF,Villarreal CF,Spain,Spain LIGA BBVA,2015/2016,1000000
280510,Alfonso Taira,7842,10020,Estoril Praia,Estoril Praia,Portugal,Portugal Liga ZON Sagres,2015/2016,1000000
317156,Alfred Duncan,7943,111974,Sassuolo,Sassuolo,Italy,Italy Serie A,2015/2016,8000000
129918,Alfred Finnbogason,8406,100409,FC Augsburg,FC Augsburg,Germany,Germany 1. Bundesliga,2015/2016,5000000
111801,Alfred N'Diaye,8603,449,Real Betis Balompié,Real Betis Balompié,Spain,Spain LIGA BBVA,2015/2016,6000000
239946,Alfredo Morales,8234,111239,FC Ingolstadt 04,FC Ingolstadt 04,Germany,Germany 1. Bundesliga,2015/2016,2000000
213649,Alfredo Ortuno,7878,110832,Granada CF,Granada CF,Spain,Spain LIGA BBVA,2014/2015,1000000
46412,Alharbi El Jadeyaoui,8588,64,RC Lens,RC Lens,France,France Ligue 1,2014/2015,500000
242889,Alhassan Wakaso,7841,744,Rio Ave FC,Rio Ave FC,Portugal,Portugal Liga ZON Sagres,2015/2016,2000000
256727,Alhassane Bangoura,9837,379,Stade de Reims,Stade de Reims,France,France Ligue 1,2015/2016,1800000
286117,Alhassane Keita,9989,239,Lierse SK,Lierse SK,Belgium,Belgium Jupiler League,2014/2015,400000
476771,Ali Adnan,8600,55,Udinese,Udinese,Italy,Italy Serie A,2015/2016,2200000
190741,Ali Ahamada,9941,1809,Toulouse FC,Toulouse FC,France,France Ligue 1,2015/2016,2000000
420224,Ali Ghazal,10214,1891,CD Nacional,CD Nacional,Portugal,Portugal Liga ZON Sagres,2015/2016,2500000
209371,Ali Messaoud,9824,286,FC Vaduz,FC Vaduz,Switzerland,Switzerland Super League,2015/2016,300000
512728,Ali Yasar,9985,232,Standard de Liège,Standard de Liège,Belgium,Belgium Jupiler League,2014/2015,150000
261332,Alim Oezturk,9860,80,Heart of Midlothian,Heart of Midlothian,Scotland,Scotland Premier League,2015/2016,400000
610533,Alioun Fall,4087,111271,Évian Thonon Gaillard FC,Évian Thonon Gaillard FC,France,France Ligue 1,2014/2015,150000
167285,Alireza Haghighi,10212,1893,CS Marítimo,CS Marítimo,Portugal,Portugal Liga ZON Sagres,2015/2016,400000
466890,Alireza Jahanbakhsh,10229,1906,AZ,AZ,Netherlands,Netherlands Eredivisie,2015/2016,2000000
190493,Alistair Crawford,8429,184,Hamilton Academical FC,Hamilton Academical FC,Scotland,Scotland Premier League,2015/2016,650000
169752,Aljaz Struna,8540,1843,Palermo,Palermo,Italy,Italy Serie A,2015/2016,900000
188652,Allan,9875,48,Napoli,Napoli,Italy,Italy Serie A,2015/2016,17000000
676625,Allan,9997,680,Sint-Truidense VV,Sint-Truidense VV,Belgium,Belgium Jupiler League,2015/2016,800000
32496,Allan McGregor,8667,1952,Hull City,Hull City,England,England Premier League,2014/2015,1500000
213809,Allan Nyom,9817,1795,Watford,Watford,England,England Premier League,2015/2016,4000000
466482,Allan Saint-Maximin,9904,485,Hannover 96,Hannover 96,Germany,Germany 1. Bundesliga,2015/2016,2000000
563216,Almamy Toure,9829,69,AS Monaco,AS Monaco,France,France Ligue 1,2015/2016,2500000
25816,Almen Abdi,9817,1795,Watford,Watford,England,England Premier League,2015/2016,3500000
174093,Almog Cohen,8234,111239,FC Ingolstadt 04,FC Ingolstadt 04,Germany,Germany 1. Bundesliga,2015/2016,750000
634113,Alois Confais,10242,294,ES Troyes AC,ES Troyes AC,France,France Ligue 1,2015/2016,400000
210164,Alphonse Areola,10205,483,Villarreal CF,Villarreal CF,Spain,Spain LIGA BBVA,2015/2016,10000000
264743,Alvarinho,1957,110745,Jagiellonia Białystok,Jagiellonia Białystok,Poland,Poland Ekstraklasa,2015/2016,250000
37442,Alvaro Arbeloa,8633,243,Real Madrid CF,Real Madrid CF,Spain,Spain LIGA BBVA,2015/2016,2000000
183350,Alvaro Cejudo,8603,449,Real Betis Balompié,Real Betis Balompié,Spain,Spain LIGA BBVA,2015/2016,1500000
114044,Alvaro Dominguez,9788,23,Borussia Mönchengladbach,Borussia Mönchengladbach,Germany,Germany 1. Bundesliga,2015/2016,6000000
183327,Alvaro Gimenez,10268,468,Elche CF,Elche CF,Spain,Spain LIGA BBVA,2014/2015,500000
57067,Alvaro Gonzalez,9804,54,Torino,Torino,Italy,Italy Serie A,2014/2015,1000000
257855,Alvaro Gonzalez Soberon,8558,452,RCD Espanyol,RCD Espanyol,Spain,Spain LIGA BBVA,2015/2016,4000000
523390,Alvaro Medran,8305,1860,Getafe CF,Getafe CF,Spain,Spain LIGA BBVA,2015/2016,1500000
213501,Alvaro Morata,9885,45,Juventus,Juventus,Italy,Italy Serie A,2015/2016,40000000
75310,Alvaro Negredo,10267,461,Valencia CF,Valencia CF,Spain,Spain LIGA BBVA,2015/2016,7500000
100033,Alvaro Pereira,8305,1860,Getafe CF,Getafe CF,Spain,Spain LIGA BBVA,2015/2016,1500000
282467,Alvaro Vadillo,8603,449,Real Betis Balompié,Real Betis Balompié,Spain,Spain LIGA BBVA,2015/2016,1000000
213489,Alvaro Vazquez,8305,1860,Getafe CF,Getafe CF,Spain,Spain LIGA BBVA,2015/2016,3000000
93484,Aly Cissokho,10252,2,Aston Villa,Aston Villa,England,England Premier League,2015/2016,2000000
681965,Aly Ndom,9837,379,Stade de Reims,Stade de Reims,France,France Ligue 1,2015/2016,150000
668307,Amadou Diawara,9857,189,Bologna,Bologna,Italy,Italy Serie A,2015/2016,11000000
170316,Amara Baby,9986,670,Sporting Charleroi,Sporting Charleroi,Belgium,Belgium Jupiler League,2015/2016,750000
38827,Amauri,9804,54,Torino,Torino,Italy,Italy Serie A,2014/2015,200000
277767,Amidio Balde,8475,110913,Waasland-Beveren,Waasland-Beveren,Belgium,Belgium Jupiler League,2014/2015,400000
668820,Amilton,6367,2000001,Uniao da Madeira,Uniao da Madeira,Portugal,Portugal Liga ZON Sagres,2015/2016,600000
309505,Amin Younes,8593,245,Ajax,Ajax,Netherlands,Netherlands Eredivisie,2015/2016,6500000
108525,Amine Mohamed Chermiti,6391,110316,GFC Ajaccio,GFC Ajaccio,France,France Ligue 1,2015/2016,500000
127224,Amir Abrashi,9956,322,Grasshopper Club Zürich,Grasshopper Club Zürich,Switzerland,Switzerland Super League,2014/2015,2500000
303359,Amos Youga,6391,110316,GFC Ajaccio,GFC Ajaccio,France,France Ligue 1,2015/2016,1000000
213814,Anaitz Arbilla,8558,452,RCD Espanyol,RCD Espanyol,Spain,Spain LIGA BBVA,2015/2016,1500000
521272,Anas Tahiri,9989,239,Lierse SK,Lierse SK,Belgium,Belgium Jupiler League,2014/2015,250000
287333,Anass Achahbar,10235,246,Feyenoord,Feyenoord,Netherlands,Netherlands Eredivisie,2015/2016,1000000
614454,Anastasios Donis,7896,2000003,Lugano,Lugano,Switzerland,Switzerland Super League,2015/2016,900000
118359,Anatole Ngamukol,9956,322,Grasshopper Club Zürich,Grasshopper Club Zürich,Switzerland,Switzerland Super League,2014/2015,700000
267915,Ancelmo Junior,8613,1898,Boavista FC,Boavista FC,Portugal,Portugal Liga ZON Sagres,2015/2016,100000
449492,Ander Capa,8372,467,SD Eibar,SD Eibar,Spain,Spain LIGA BBVA,2015/2016,4000000
164676,Ander Herrera,10260,11,Manchester United,Manchester United,England,England Premier League,2015/2016,28000000
150323,Ander Iturraspe,8315,448,Athletic Club de Bilbao,Athletic Club de Bilbao,Spain,Spain LIGA BBVA,2015/2016,5000000
127209,Anders Christiansen,8533,192,Chievo Verona,Chievo Verona,Italy,Italy Serie A,2014/2015,1200000
70074,Anders Konradsen,9851,74,Stade Rennais FC,Stade Rennais FC,France,France Ligue 1,2014/2015,1300000
265799,Anderson Carvalho,8613,1898,Boavista FC,Boavista FC,Portugal,Portugal Liga ZON Sagres,2015/2016,750000
570360,Anderson Correia,8613,1898,Boavista FC,Boavista FC,Portugal,Portugal Liga ZON Sagres,2015/2016,400000
470305,Anderson Esiti,7842,10020,Estoril Praia,Estoril Praia,Portugal,Portugal Liga ZON Sagres,2015/2016,1500000
127888,Anderson Luis,7842,10020,Estoril Praia,Estoril Praia,Portugal,Portugal Liga ZON Sagres,2015/2016,2000000
450011,Anderson Talisca,9772,234,SL Benfica,SL Benfica,Portugal,Portugal Liga ZON Sagres,2015/2016,7500000
71055,Andi Lila,10167,50,Parma,Parma,Italy,Italy Serie A,2014/2015,600000
201811,Andile Jali,8573,682,KV Oostende,KV Oostende,Belgium,Belgium Jupiler League,2015/2016,1500000
33025,Andoni Iraola,8315,448,Athletic Club de Bilbao,Athletic Club de Bilbao,Spain,Spain LIGA BBVA,2014/2015,1500000
167491,Andras Gosztonyi,8025,111092,Śląsk Wrocław,Śląsk Wrocław,Poland,Poland Ekstraklasa,2015/2016,200000
150268,Andre Almeida,9772,234,SL Benfica,SL Benfica,Portugal,Portugal Liga ZON Sagres,2015/2016,7000000
164333,Andre Andre,9773,236,FC Porto,FC Porto,Portugal,Portugal Liga ZON Sagres,2015/2016,7000000
95955,Andre Ayew,10003,1960,Swansea City,Swansea City,England,England Premier League,2015/2016,18000000
292772,Andre Biyogo Poko,9827,59,Girondins de Bordeaux,Girondins de Bordeaux,France,France Ligue 1,2015/2016,2000000
687288,Andre Bukia,8613,1898,Boavista FC,Boavista FC,Portugal,Portugal Liga ZON Sagres,2015/2016,150000
246414,Andre Carrillo,9768,237,Sporting CP,Sporting CP,Portugal,Portugal Liga ZON Sagres,2015/2016,8000000
163839,Andre Claro,10238,665,Vitória Setúbal,Vitória Setúbal,Portugal,Portugal Liga ZON Sagres,2015/2016,1750000
150267,Andre Fontes,8348,1900,Moreirense FC,Moreirense FC,Portugal,Portugal Liga ZON Sagres,2015/2016,300000
209503,Andre Geraldes,9807,1889,CF Os Belenenses,CF Os Belenenses,Portugal,Portugal Liga ZON Sagres,2015/2016,1000000
361770,Andre Gomes,10267,461,Valencia CF,Valencia CF,Spain,Spain LIGA BBVA,2015/2016,30000000
243829,Andre Hahn,9788,23,Borussia Mönchengladbach,Borussia Mönchengladbach,Germany,Germany 1. Bundesliga,2015/2016,7500000
212915,Andre Hoffmann,9904,485,Hannover 96,Hannover 96,Germany,Germany 1. Bundesliga,2015/2016,1000000
605507,Andre Horta,10238,665,Vitória Setúbal,Vitória Setúbal,Portugal,Portugal Liga ZON Sagres,2015/2016,4000000
98382,Andre Marques,8348,1900,Moreirense FC,Moreirense FC,Portugal,Portugal Liga ZON Sagres,2014/2015,200000
154265,Andre Martins,9768,237,Sporting CP,Sporting CP,Portugal,Portugal Liga ZON Sagres,2014/2015,2000000
245423,Andre Micael,8348,1900,Moreirense FC,Moreirense FC,Portugal,Portugal Liga ZON Sagres,2015/2016,550000
570468,Andre Moreira,6367,2000001,Uniao da Madeira,Uniao da Madeira,Portugal,Portugal Liga ZON Sagres,2015/2016,1000000
96968,Andre Pinto,10264,1896,SC Braga,SC Braga,Portugal,Portugal Liga ZON Sagres,2015/2016,3250000
251244,Andre Ramalho Silva,8178,32,Bayer 04 Leverkusen,Bayer 04 Leverkusen,Germany,Germany 1. Bundesliga,2015/2016,2000000
178812,Andre Schuerrle,8721,175,VfL Wolfsburg,VfL Wolfsburg,Germany,Germany 1. Bundesliga,2015/2016,25000000
388523,Andre Silva,9773,236,FC Porto,FC Porto,Portugal,Portugal Liga ZON Sagres,2015/2016,10000000
97509,Andre Simoes,8348,1900,Moreirense FC,Moreirense FC,Portugal,Portugal Liga ZON Sagres,2014/2015,2500000
281205,Andre Sousa,9807,1889,CF Os Belenenses,CF Os Belenenses,Portugal,Portugal Liga ZON Sagres,2015/2016,750000
150082,Andre Vilas Boas,7841,744,Rio Ave FC,Rio Ave FC,Portugal,Portugal Liga ZON Sagres,2015/2016,350000
265918,Andre Wisdom,9850,1792,Norwich City,Norwich City,England,England Premier League,2015/2016,2000000
30902,Andrea Barzagli,9885,45,Juventus,Juventus,Italy,Italy Serie A,2015/2016,2000000
309726,Andrea Belotti,9804,54,Torino,Torino,Italy,Italy Serie A,2015/2016,15000000
154239,Andrea Bertolacci,8564,47,Milan,Milan,Italy,Italy Serie A,2015/2016,11000000
39643,Andrea Coda,9882,1837,Sampdoria,Sampdoria,Italy,Italy Serie A,2015/2016,200000
39170,Andrea Consigli,7943,111974,Sassuolo,Sassuolo,Italy,Italy Serie A,2015/2016,8000000
506364,Andrea Conti,8524,39,Atalanta,Atalanta,Italy,Italy Serie A,2015/2016,1000000
41326,Andrea Cossu,8529,1842,Cagliari,Cagliari,Italy,Italy Serie A,2014/2015,200000
41865,Andrea Costa,8534,1746,Empoli,Empoli,Italy,Italy Serie A,2015/2016,1300000
41404,Andrea Lazzari,208931,112409,Carpi,Carpi,Italy,Italy Serie A,2015/2016,300000
41879,Andrea Masiello,8524,39,Atalanta,Atalanta,Italy,Italy Serie A,2015/2016,1000000
30731,Andrea Pirlo,9885,45,Juventus,Juventus,Italy,Italy Serie A,2014/2015,1000000
57124,Andrea Poli,8564,47,Milan,Milan,Italy,Italy Serie A,2015/2016,5000000
24493,Andrea Raggi,9829,69,AS Monaco,AS Monaco,France,France Ligue 1,2015/2016,1500000
25526,Andrea Ranocchia,9882,1837,Sampdoria,Sampdoria,Italy,Italy Serie A,2015/2016,6000000
130113,Andrea Rispoli,8540,1843,Palermo,Palermo,Italy,Italy Serie A,2015/2016,800000
150464,Andrea Seculin,8533,192,Chievo Verona,Chievo Verona,Italy,Italy Serie A,2015/2016,400000
364164,Andrea Tabanelli,9880,110915,Cesena,Cesena,Italy,Italy Serie A,2014/2015,100000
39841,Andreas Beck,8226,10029,TSG 1899 Hoffenheim,TSG 1899 Hoffenheim,Germany,Germany 1. Bundesliga,2014/2015,4500000
70789,Andreas Bjelland,8611,1908,FC Twente,FC Twente,Netherlands,Netherlands Eredivisie,2014/2015,2500000
449232,Andreas Christensen,9788,23,Borussia Mönchengladbach,Borussia Mönchengladbach,Germany,Germany 1. Bundesliga,2015/2016,14000000
237645,Andreas Hirzel,9824,286,FC Vaduz,FC Vaduz,Switzerland,Switzerland Super League,2014/2015,150000
42873,Andreas Ivanschitz,8581,1853,Levante UD,Levante UD,Spain,Spain LIGA BBVA,2014/2015,1500000
192712,Andreas Ludwig,9908,1903,FC Utrecht,FC Utrecht,Netherlands,Netherlands Eredivisie,2015/2016,750000
195724,Andreas Samaris,9772,234,SL Benfica,SL Benfica,Portugal,Portugal Liga ZON Sagres,2015/2016,9000000
184360,Andreas Weimann,10252,2,Aston Villa,Aston Villa,England,England Premier League,2014/2015,3000000
158253,Andreas Wittwer,10191,1715,FC Thun,FC Thun,Switzerland,Switzerland Super League,2015/2016,700000
173461,Andrej Kramaric,8226,10029,TSG 1899 Hoffenheim,TSG 1899 Hoffenheim,Germany,Germany 1. Bundesliga,2015/2016,9000000
38098,Andre-Pierre Gignac,8592,219,Olympique de Marseille,Olympique de Marseille,France,France Ligue 1,2014/2015,7000000
104986,Andres Fernandez,7878,110832,Granada CF,Granada CF,Spain,Spain LIGA BBVA,2015/2016,1500000
31045,Andres Guardado,8640,247,PSV,PSV,Netherlands,Netherlands Eredivisie,2015/2016,8000000
30955,Andres Iniesta,8634,241,FC Barcelona,FC Barcelona,Spain,Spain LIGA BBVA,2015/2016,30000000
172948,Andreu Fontas,9910,450,RC Celta de Vigo,RC Celta de Vigo,Spain,Spain LIGA BBVA,2015/2016,3000000
32419,Andrew Considine,8485,77,Aberdeen,Aberdeen,Scotland,Scotland Premier League,2015/2016,600000
23007,Andrew Davies,8649,631,Ross County FC,Ross County FC,Scotland,Scotland Premier League,2015/2016,500000
357880,Andrew Robertson,8667,1952,Hull City,Hull City,England,England Premier League,2014/2015,7000000
23629,Andrew Surman,8678,1943,Bournemouth,Bournemouth,England,England Premier League,2015/2016,2000000
570463,Andrezinho,6403,1892,FC Paços de Ferreira,FC Paços de Ferreira,Portugal,Portugal Liga ZON Sagres,2015/2016,1500000
95545,Andrija Kaludjerovic,10191,1715,FC Thun,FC Thun,Switzerland,Switzerland Super League,2014/2015,450000
10637,Andris Vanins,10179,110770,FC Sion,FC Sion,Switzerland,Switzerland Super League,2015/2016,300000
166422,Andros Townsend,10261,13,Newcastle United,Newcastle United,England,England Premier League,2015/2016,11000000
275760,Andrzej Witan,177361,2000005,Termalica Bruk-Bet Nieciecza,Termalica Bruk-Bet Nieciecza,Poland,Poland Ekstraklasa,2015/2016,100000
37185,Andwele Slory,6631,100626,FC Dordrecht,FC Dordrecht,Netherlands,Netherlands Eredivisie,2014/2015,100000
47382,Andy Carroll,8654,19,West Ham United,West Ham United,England,England Premier League,2015/2016,10000000
183530,Andy Delort,7819,210,SM Caen,SM Caen,France,France Ligue 1,2015/2016,4000000
504613,Andy Kawaya,8525,1907,Willem II,Willem II,Netherlands,Netherlands Eredivisie,2015/2016,800000
103419,Andy King,8197,95,Leicester City,Leicester City,England,England Premier League,2015/2016,3500000
198453,Andy Najar,8635,229,RSC Anderlecht,RSC Anderlecht,Belgium,Belgium Jupiler League,2015/2016,6000000
148314,Anele Ngcongca,10242,294,ES Troyes AC,ES Troyes AC,France,France Ligue 1,2015/2016,2000000
432950,Angel Correa,9906,240,Atlético Madrid,Atlético Madrid,Spain,Spain LIGA BBVA,2015/2016,12000000
46509,Angel Di Maria,9847,73,Paris Saint-Germain,Paris Saint-Germain,France,France Ligue 1,2015/2016,55000000
38573,Angel Lafita,8305,1860,Getafe CF,Getafe CF,Spain,Spain LIGA BBVA,2015/2016,2000000
105925,Angel Montoro,8306,472,UD Las Palmas,UD Las Palmas,Spain,Spain LIGA BBVA,2015/2016,800000
89185,Angel Rangel,10003,1960,Swansea City,Swansea City,England,England Premier League,2015/2016,1500000
41292,Angel Rodriguez,8581,1853,Levante UD,Levante UD,Spain,Spain LIGA BBVA,2014/2015,1000000
280485,Angel Trujillo,8581,1853,Levante UD,Levante UD,Spain,Spain LIGA BBVA,2015/2016,1000000
155246,Angelo da Costa,9857,189,Bologna,Bologna,Italy,Italy Serie A,2015/2016,500000
49543,Angelo Obinze Ogbonna,8654,19,West Ham United,West Ham United,England,England Premier League,2015/2016,9000000
27702,Angelo Palombo,9882,1837,Sampdoria,Sampdoria,Italy,Italy Serie A,2015/2016,500000
163901,Anibal Capela,7841,744,Rio Ave FC,Rio Ave FC,Portugal,Portugal Liga ZON Sagres,2015/2016,750000
442735,Anice Badri,274581,2000004,Royal Excel Mouscron,Royal Excel Mouscron,Belgium,Belgium Jupiler League,2015/2016,650000
27155,Anis Ben-Hatira,9810,1824,Eintracht Frankfurt,Eintracht Frankfurt,Germany,Germany 1. Bundesliga,2015/2016,1000000
243509,Anouar Kali,8525,1907,Willem II,Willem II,Netherlands,Netherlands Eredivisie,2015/2016,600000
97359,Ante Puljic,9991,674,KAA Gent,KAA Gent,Belgium,Belgium Jupiler League,2014/2015,700000
265725,Ante Rebic,9876,206,Hellas Verona,Hellas Verona,Italy,Italy Serie A,2015/2016,900000
170660,Ante Vukusic,8475,110913,Waasland-Beveren,Waasland-Beveren,Belgium,Belgium Jupiler League,2014/2015,700000
177683,Anthony Andreu,8429,184,Hamilton Academical FC,Hamilton Academical FC,Scotland,Scotland Premier League,2014/2015,500000
425457,Anthony Biekman,6631,100626,FC Dordrecht,FC Dordrecht,Netherlands,Netherlands Eredivisie,2014/2015,125000
7621,Anthony Favre,10243,894,FC Zürich,FC Zürich,Switzerland,Switzerland Super League,2015/2016,150000
202562,Anthony Knockaert,9985,232,Standard de Liège,Standard de Liège,Belgium,Belgium Jupiler League,2015/2016,6000000
215419,Anthony Limbombe,8464,1910,N.E.C.,N.E.C.,Netherlands,Netherlands Eredivisie,2015/2016,2500000
167035,Anthony Lopes,9748,66,Olympique Lyonnais,Olympique Lyonnais,France,France Ligue 1,2015/2016,13000000
413557,Anthony Martial,10260,11,Manchester United,Manchester United,England,England Premier League,2015/2016,32000000
71605,Anthony Modeste,8722,31,1. FC Köln,1. FC Köln,Germany,Germany 1. Bundesliga,2015/2016,8500000
40659,Anthony Mounier,9857,189,Bologna,Bologna,Italy,Italy Serie A,2015/2016,3500000
564859,Anthony Ribelin,10249,70,Montpellier Hérault SC,Montpellier Hérault SC,France,France Ligue 1,2015/2016,250000
38614,Anthony Stokes,9925,78,Celtic,Celtic,Scotland,Scotland Premier League,2015/2016,1000000
95176,Anthony Straker,9927,83,Motherwell,Motherwell,Scotland,Scotland Premier League,2014/2015,75000
196366,Anthony Ujah,8697,38,SV Werder Bremen,SV Werder Bremen,Germany,Germany 1. Bundesliga,2015/2016,3000000
94284,Anthony van Loo,8571,100081,KV Kortrijk,KV Kortrijk,Belgium,Belgium Jupiler League,2015/2016,500000
38368,Anthony Vanden Borre,8635,229,RSC Anderlecht,RSC Anderlecht,Belgium,Belgium Jupiler League,2015/2016,1500000
562698,Anthony Walongwa,9830,71,FC Nantes,FC Nantes,France,France Ligue 1,2015/2016,150000
46892,Anthony Weber,9837,379,Stade de Reims,Stade de Reims,France,France Ligue 1,2015/2016,1000000
656668,Anto Grgic,10243,894,FC Zürich,FC Zürich,Switzerland,Switzerland Super League,2015/2016,2000000
424918,Antoine Conte,9837,379,Stade de Reims,Stade de Reims,France,France Ligue 1,2015/2016,2000000
46653,Antoine Devaux,9837,379,Stade de Reims,Stade de Reims,France,France Ligue 1,2015/2016,1000000
184138,Antoine Griezmann,9906,240,Atlético Madrid,Atlético Madrid,Spain,Spain LIGA BBVA,2015/2016,80000000
717270,Antoine Rabillard,8592,219,Olympique de Marseille,Olympique de Marseille,France,France Ligue 1,2015/2016,150000
8893,Antoine Rey,7896,2000003,Lugano,Lugano,Switzerland,Switzerland Super League,2015/2016,250000
11736,Antolin Alcaraz,8306,472,UD Las Palmas,UD Las Palmas,Spain,Spain LIGA BBVA,2015/2016,1000000
441302,Anton Mitryushkin,10179,110770,FC Sion,FC Sion,Switzerland,Switzerland Super League,2015/2016,1500000
115253,Anton Sloboda,8033,111087,Podbeskidzie Bielsko-Biała,Podbeskidzie Bielsko-Biała,Poland,Poland Ekstraklasa,2015/2016,250000
186948,Antonini Culina,7896,2000003,Lugano,Lugano,Switzerland,Switzerland Super League,2015/2016,1000000
40648,Antonio Adan,8603,449,Real Betis Balompié,Real Betis Balompié,Spain,Spain LIGA BBVA,2015/2016,6000000
150731,Antonio Amaya,8370,480,Rayo Vallecano,Rayo Vallecano,Spain,Spain LIGA BBVA,2015/2016,1000000
41769,Antonio Balzano,8529,1842,Cagliari,Cagliari,Italy,Italy Serie A,2014/2015,600000
35324,Antonio Barragan,10267,461,Valencia CF,Valencia CF,Spain,Spain LIGA BBVA,2015/2016,3500000
11685,Antonio Candreva,8543,46,Lazio,Lazio,Italy,Italy Serie A,2015/2016,23000000
32748,Antonio Cassano,9882,1837,Sampdoria,Sampdoria,Italy,Italy Serie A,2015/2016,500000
358142,Antonio Cotan,8302,481,Sevilla FC,Sevilla FC,Spain,Spain LIGA BBVA,2015/2016,600000
299374,Antonio Di Gaudio,208931,112409,Carpi,Carpi,Italy,Italy Serie A,2015/2016,2000000
27734,Antonio Di Natale,8600,55,Udinese,Udinese,Italy,Italy Serie A,2015/2016,1000000
41542,Antonio Floro Flores,8533,192,Chievo Verona,Chievo Verona,Italy,Italy Serie A,2015/2016,1000000
202553,Antonio Luna,8372,467,SD Eibar,SD Eibar,Spain,Spain LIGA BBVA,2015/2016,700000
517294,Antonio Marin Molina,9865,1861,UD Almería,UD Almería,Spain,Spain LIGA BBVA,2014/2015,150000
182839,Antonio Mazzotta,9880,110915,Cesena,Cesena,Italy,Italy Serie A,2014/2015,800000
298941,Antonio Milic,8573,682,KV Oostende,KV Oostende,Belgium,Belgium Jupiler League,2015/2016,1200000
35644,Antonio Mirante,9857,189,Bologna,Bologna,Italy,Italy Serie A,2015/2016,2800000
39367,Antonio Nocerino,8564,47,Milan,Milan,Italy,Italy Serie A,2015/2016,650000
354519,Antonio Reguero Chapinal,8649,631,Ross County FC,Ross County FC,Scotland,Scotland Premier League,2014/2015,100000
276738,Antonio Ruediger,8686,52,Roma,Roma,Italy,Italy Serie A,2015/2016,12000000
79737,Antonio Rukavina,10205,483,Villarreal CF,Villarreal CF,Spain,Spain LIGA BBVA,2015/2016,2000000
474448,Antonio Sanabria,9869,459,Real Sporting de Gijón,Real Sporting de Gijón,Spain,Spain LIGA BBVA,2015/2016,7500000
35327,Antonio Valencia,10260,11,Manchester United,Manchester United,England,England Premier League,2015/2016,8000000
361760,Antonio Xavier,10212,1893,CS Marítimo,CS Marítimo,Portugal,Portugal Liga ZON Sagres,2015/2016,500000
496045,Antonio-Mirko Colak,8030,111091,Lechia Gdańsk,Lechia Gdańsk,Poland,Poland Ekstraklasa,2014/2015,1000000
132111,Antons Kurakins,8429,184,Hamilton Academical FC,Hamilton Academical FC,Scotland,Scotland Premier League,2015/2016,400000
45244,Antunes,9864,573,Málaga CF,Málaga CF,Spain,Spain LIGA BBVA,2014/2015,6000000
562267,Anwar El-Ghazi,8593,245,Ajax,Ajax,Netherlands,Netherlands Eredivisie,2015/2016,7000000
186975,Apostolos Vellios,9989,239,Lierse SK,Lierse SK,Belgium,Belgium Jupiler League,2014/2015,1000000
209362,Aras Oezbiliz,8370,480,Rayo Vallecano,Rayo Vallecano,Spain,Spain LIGA BBVA,2015/2016,1500000
520659,Arber Zeneli,10228,1913,SC Heerenveen,SC Heerenveen,Netherlands,Netherlands Eredivisie,2015/2016,3500000
182776,Archimede Morleo,9857,189,Bologna,Bologna,Italy,Italy Serie A,2015/2016,400000
37188,Ard van Peppen,9803,1902,Roda JC Kerkrade,Roda JC Kerkrade,Netherlands,Netherlands Eredivisie,2015/2016,500000
39792,Arda Turan,8634,241,FC Barcelona,FC Barcelona,Spain,Spain LIGA BBVA,2015/2016,30000000
112656,Ariel Borysiuk,8673,1871,Legia Warszawa,Legia Warszawa,Poland,Poland Ekstraklasa,2015/2016,1500000
604374,Aristote Madiani,8588,64,RC Lens,RC Lens,France,France Ligue 1,2014/2015,300000
33028,Aritz Aduriz,8315,448,Athletic Club de Bilbao,Athletic Club de Bilbao,Spain,Spain LIGA BBVA,2015/2016,3000000
607148,Aritz Elustondo,8560,457,Real Sociedad,Real Sociedad,Spain,Spain LIGA BBVA,2015/2016,5000000
45485,Arjan Swinkels,9803,1902,Roda JC Kerkrade,Roda JC Kerkrade,Netherlands,Netherlands Eredivisie,2015/2016,500000
30834,Arjen Robben,9823,21,FC Bayern Munich,FC Bayern Munich,Germany,Germany 1. Bundesliga,2015/2016,11000000
39070,Arkadiusz Glowacki,10265,1873,Wisła Kraków,Wisła Kraków,Poland,Poland Ekstraklasa,2015/2016,50000
13472,Arkadiusz Malarz,8673,1871,Legia Warszawa,Legia Warszawa,Poland,Poland Ekstraklasa,2015/2016,150000
277460,Arkadiusz Milik,8593,245,Ajax,Ajax,Netherlands,Netherlands Eredivisie,2015/2016,20000000
196185,Arkadiusz Piech,8569,110744,GKS Bełchatów,GKS Bełchatów,Poland,Poland Ekstraklasa,2014/2015,500000
197560,Arkadiusz Wozniak,8021,110749,Zagłębie Lubin,Zagłębie Lubin,Poland,Poland Ekstraklasa,2015/2016,350000
263796,Arlind Ajeti,9891,111657,Frosinone,Frosinone,Italy,Italy Serie A,2015/2016,2000000
63520,Armand Traore,10172,15,Queens Park Rangers,Queens Park Rangers,England,England Premier League,2014/2015,1500000
301023,Armando Izzo,10233,110556,Genoa,Genoa,Italy,Italy Serie A,2015/2016,5000000
254704,Armando Sadiku,9824,286,FC Vaduz,FC Vaduz,Switzerland,Switzerland Super League,2015/2016,750000
174855,Armiche Ortega,2186,110747,Cracovia,Cracovia,Poland,Poland Ekstraklasa,2014/2015,150000
448851,Armin Alesevic,10243,894,FC Zürich,FC Zürich,Switzerland,Switzerland Super League,2014/2015,300000
314966,Armin Cerimagic,8020,2000002,Polonia Bytom,Polonia Bytom,Poland,Poland Ekstraklasa,2015/2016,150000
37104,Arnaud Sutchuin Djoum,9860,80,Heart of Midlothian,Heart of Midlothian,Scotland,Scotland Premier League,2015/2016,500000
560413,Arno Verschueren,10001,681,KVC Westerlo,KVC Westerlo,Belgium,Belgium Jupiler League,2015/2016,200000
522765,Arnold,10238,665,Vitória Setúbal,Vitória Setúbal,Portugal,Portugal Liga ZON Sagres,2015/2016,650000
103964,Arnold Bouka Moutou,8121,1530,Angers SCO,Angers SCO,France,France Ligue 1,2015/2016,1000000
26458,Arnold Kruiswijk,8277,1909,Vitesse,Vitesse,Netherlands,Netherlands Eredivisie,2015/2016,1000000
26324,Arnold Mvuemba,9748,66,Olympique Lyonnais,Olympique Lyonnais,France,France Ligue 1,2015/2016,1000000
172388,Aron Johannsson,8697,38,SV Werder Bremen,SV Werder Bremen,Germany,Germany 1. Bundesliga,2015/2016,2500000
30922,Arouna Kone,8668,7,Everton,Everton,England,England Premier League,2015/2016,2500000
242904,Arsenio,8348,1900,Moreirense FC,Moreirense FC,Portugal,Portugal Liga ZON Sagres,2014/2015,1700000
107717,Artem Kravets,10269,36,VfB Stuttgart,VfB Stuttgart,Germany,Germany 1. Bundesliga,2015/2016,2500000
206669,Artem Putivtsev,177361,2000005,Termalica Bruk-Bet Nieciecza,Termalica Bruk-Bet Nieciecza,Poland,Poland Ekstraklasa,2015/2016,500000
540230,Artem Simonyan,10243,894,FC Zürich,FC Zürich,Switzerland,Switzerland Super League,2015/2016,250000
38842,Arthur Boka,9864,573,Málaga CF,Málaga CF,Spain,Spain LIGA BBVA,2015/2016,500000
74989,Artiles Oliva Aythami,8306,472,UD Las Palmas,UD Las Palmas,Spain,Spain LIGA BBVA,2015/2016,2000000
79982,Artjoms Rudnevs,9790,28,Hamburger SV,Hamburger SV,Germany,Germany 1. Bundesliga,2015/2016,1000000
11743,Artur,158085,112513,FC Arouca,FC Arouca,Portugal,Portugal Liga ZON Sagres,2015/2016,400000
30974,Artur Boruc,8678,1943,Bournemouth,Bournemouth,England,England Premier League,2015/2016,1000000
168727,Artur Ionita,9876,206,Hellas Verona,Hellas Verona,Italy,Italy Serie A,2015/2016,3300000
69611,Artur Jedrzejczyk,8673,1871,Legia Warszawa,Legia Warszawa,Poland,Poland Ekstraklasa,2015/2016,4000000
69008,Artur Sobiech,9904,485,Hannover 96,Hannover 96,Germany,Germany 1. Bundesliga,2015/2016,1500000
49939,Arturo Vidal,9823,21,FC Bayern Munich,FC Bayern Munich,Germany,Germany 1. Bundesliga,2015/2016,40000000
212970,Arvid Schenk,8284,180,Dundee FC,Dundee FC,Scotland,Scotland Premier League,2014/2015,50000
107280,Ashley Barnes,8191,1796,Burnley,Burnley,England,England Premier League,2014/2015,2000000
38834,Ashley Cole,8686,52,Roma,Roma,Italy,Italy Serie A,2014/2015,500000
182223,Ashley R. Westwood,10252,2,Aston Villa,Aston Villa,England,England Premier League,2015/2016,4000000
24948,Ashley Williams,10003,1960,Swansea City,Swansea City,England,England Premier League,2015/2016,8000000
23354,Ashley Young,10260,11,Manchester United,Manchester United,England,England Premier League,2015/2016,10000000
171094,Ashton Taylor,8485,77,Aberdeen,Aberdeen,Scotland,Scotland Premier League,2015/2016,450000
571709,Ashton-Phillip Goetz,9790,28,Hamburger SV,Hamburger SV,Germany,Germany 1. Bundesliga,2014/2015,250000
205278,Asier Illarramendi,8560,457,Real Sociedad,Real Sociedad,Spain,Spain LIGA BBVA,2015/2016,15000000
33958,Asier Riesgo,8372,467,SD Eibar,SD Eibar,Spain,Spain LIGA BBVA,2015/2016,1000000
46518,Asmir Begovic,8455,5,Chelsea,Chelsea,England,England Premier League,2015/2016,10000000
178947,Asmir Kajevic,10243,894,FC Zürich,FC Zürich,Switzerland,Switzerland Super League,2014/2015,300000
595586,Assane Demoya Gnoukouri,8636,44,Inter,Inter,Italy,Italy Serie A,2015/2016,1000000
612212,Assane Diousse,8534,1746,Empoli,Empoli,Italy,Italy Serie A,2015/2016,4000000
36180,Assani Lukimya-Mulongoti,8697,38,SV Werder Bremen,SV Werder Bremen,Germany,Germany 1. Bundesliga,2015/2016,750000
168744,Astrit Ajdarevic,9985,232,Standard de Liège,Standard de Liège,Belgium,Belgium Jupiler League,2014/2015,800000
70959,Athanassios Papazoglou,8571,100081,KV Kortrijk,KV Kortrijk,Belgium,Belgium Jupiler League,2015/2016,800000
184591,Atila Turan,9837,379,Stade de Reims,Stade de Reims,France,France Ligue 1,2015/2016,600000
72813,Atsuto Uchida,10189,34,FC Schalke 04,FC Schalke 04,Germany,Germany 1. Bundesliga,2014/2015,3000000
72623,Augusto Fernandez,9906,240,Atlético Madrid,Atlético Madrid,Spain,Spain LIGA BBVA,2015/2016,8000000
174203,Avi Rikan,10243,894,FC Zürich,FC Zürich,Switzerland,Switzerland Super League,2014/2015,1000000
361055,Avto,9764,1888,Gil Vicente FC,Gil Vicente FC,Portugal,Portugal Liga ZON Sagres,2014/2015,600000
488297,Axel Borgmann,9824,286,FC Vaduz,FC Vaduz,Switzerland,Switzerland Super League,2015/2016,400000
352888,Axel N'Gando,7794,58,SC Bastia,SC Bastia,France,France Ligue 1,2015/2016,1250000
277821,Ayanda Patosi,9994,2007,Sporting Lokeren,Sporting Lokeren,Belgium,Belgium Jupiler League,2015/2016,1500000
192770,Aymen Abdennour,10267,461,Valencia CF,Valencia CF,Spain,Spain LIGA BBVA,2015/2016,10000000
173466,Aymen Tahar,8613,1898,Boavista FC,Boavista FC,Portugal,Portugal Liga ZON Sagres,2015/2016,450000
411617,Aymeric Laporte,8315,448,Athletic Club de Bilbao,Athletic Club de Bilbao,Spain,Spain LIGA BBVA,2015/2016,25000000
479020,Ayoze Perez,10261,13,Newcastle United,Newcastle United,England,England Premier League,2015/2016,8000000
119427,Aytac Sulu,8262,110502,SV Darmstadt 98,SV Darmstadt 98,Germany,Germany 1. Bundesliga,2015/2016,2000000
277779,Ayub Masika,9989,239,Lierse SK,Lierse SK,Belgium,Belgium Jupiler League,2014/2015,600000
185386,Azbe Jug,9827,59,Girondins de Bordeaux,Girondins de Bordeaux,France,France Ligue 1,2014/2015,500000
313825,Baard Finne,8722,31,1. FC Köln,1. FC Köln,Germany,Germany 1. Bundesliga,2014/2015,600000
115798,Baba,10212,1893,CS Marítimo,CS Marítimo,Portugal,Portugal Liga ZON Sagres,2015/2016,400000
601783,Babacar Gueye,10242,294,ES Troyes AC,ES Troyes AC,France,France Ligue 1,2015/2016,300000
362261,Babanco,7842,10020,Estoril Praia,Estoril Praia,Portugal,Portugal Liga ZON Sagres,2015/2016,500000
26111,Bacary Sagna,8456,10,Manchester City,Manchester City,England,England Premier League,2015/2016,8000000
26344,Bafetimbi Gomis,10003,1960,Swansea City,Swansea City,England,England Premier League,2015/2016,7000000
150064,Baiano,10264,1896,SC Braga,SC Braga,Portugal,Portugal Liga ZON Sagres,2015/2016,3500000
303139,Baissama Sankoh,9747,62,En Avant de Guingamp,En Avant de Guingamp,France,France Ligue 1,2014/2015,800000
93488,Bakary Kone,9748,66,Olympique Lyonnais,Olympique Lyonnais,France,France Ligue 1,2015/2016,1500000
46417,Bakary Sako,9826,1799,Crystal Palace,Crystal Palace,England,England Premier League,2015/2016,8000000
106013,Bakary Sare,7844,1887,Vitória Guimarães,Vitória Guimarães,Portugal,Portugal Liga ZON Sagres,2015/2016,1000000
488958,Balde Diao Keita,8543,46,Lazio,Lazio,Italy,Italy Serie A,2015/2016,13000000
317932,Baptiste Aloe,8592,219,Olympique de Marseille,Olympique de Marseille,France,France Ligue 1,2014/2015,1250000
438167,Baptiste Guillaume,8639,65,LOSC Lille,LOSC Lille,France,France Ligue 1,2015/2016,2000000
134233,Baptiste Schmisser,8573,682,KV Oostende,KV Oostende,Belgium,Belgium Jupiler League,2014/2015,400000
39148,Baptiste Ulens,8571,100081,KV Kortrijk,KV Kortrijk,Belgium,Belgium Jupiler League,2014/2015,350000
496646,Barnes Osei,6403,1892,FC Paços de Ferreira,FC Paços de Ferreira,Portugal,Portugal Liga ZON Sagres,2015/2016,600000
161415,Barry Bannan,9826,1799,Crystal Palace,Crystal Palace,England,England Premier League,2014/2015,2750000
142282,Barry Douglas,2182,873,Lech Poznań,Lech Poznań,Poland,Poland Ekstraklasa,2015/2016,1000000
32455,Barry Robson,8485,77,Aberdeen,Aberdeen,Scotland,Scotland Premier League,2015/2016,250000
163227,Bart Biemans,9803,1902,Roda JC Kerkrade,Roda JC Kerkrade,Netherlands,Netherlands Eredivisie,2015/2016,250000
37889,Bart Buysse,8464,1910,N.E.C.,N.E.C.,Netherlands,Netherlands Eredivisie,2015/2016,400000
680011,Bart Nieuwkoop,10235,246,Feyenoord,Feyenoord,Netherlands,Netherlands Eredivisie,2015/2016,750000
614453,Bart Ramselaar,9908,1903,FC Utrecht,FC Utrecht,Netherlands,Netherlands Eredivisie,2015/2016,5000000
188089,Bart Schenkeveld,6413,1914,PEC Zwolle,PEC Zwolle,Netherlands,Netherlands Eredivisie,2015/2016,500000
586678,Bart Straalman,8526,635,De Graafschap,De Graafschap,Netherlands,Netherlands Eredivisie,2015/2016,250000
46056,Bart van Hintum,6413,1914,PEC Zwolle,PEC Zwolle,Netherlands,Netherlands Eredivisie,2015/2016,750000
150589,Bart Vriends,6433,100632,Go Ahead Eagles,Go Ahead Eagles,Netherlands,Netherlands Eredivisie,2014/2015,500000
25551,Bartholomew Ogbeche,8525,1907,Willem II,Willem II,Netherlands,Netherlands Eredivisie,2015/2016,900000
68786,Bartlomiej Babiarz,177361,2000005,Termalica Bruk-Bet Nieciecza,Termalica Bruk-Bet Nieciecza,Poland,Poland Ekstraklasa,2015/2016,400000
450742,Bartlomiej Dragowski,1957,110745,Jagiellonia Białystok,Jagiellonia Białystok,Poland,Poland Ekstraklasa,2015/2016,3200000
206830,Bartlomiej Pawlowski,8245,111083,Korona Kielce,Korona Kielce,Poland,Poland Ekstraklasa,2015/2016,350000
463843,Bartlomiej Smuczynski,177361,2000005,Termalica Bruk-Bet Nieciecza,Termalica Bruk-Bet Nieciecza,Poland,Poland Ekstraklasa,2015/2016,150000
198099,Bartosz Bereszynski,8673,1871,Legia Warszawa,Legia Warszawa,Poland,Poland Ekstraklasa,2015/2016,600000
69616,Bartosz Iwan,8020,2000002,Polonia Bytom,Polonia Bytom,Poland,Poland Ekstraklasa,2014/2015,150000
579206,Bartosz Jaroch,8033,111087,Podbeskidzie Bielsko-Biała,Podbeskidzie Bielsko-Biała,Poland,Poland Ekstraklasa,2015/2016,150000
433675,Bartosz Kapustka,2186,110747,Cracovia,Cracovia,Poland,Poland Ekstraklasa,2015/2016,7000000
182075,Bartosz Rymaniak,8245,111083,Korona Kielce,Korona Kielce,Poland,Poland Ekstraklasa,2015/2016,200000
34266,Bartosz Slusarski,8569,110744,GKS Bełchatów,GKS Bełchatów,Poland,Poland Ekstraklasa,2014/2015,100000
275573,Bartosz Spiaczka,8019,110565,Górnik Łęczna,Górnik Łęczna,Poland,Poland Ekstraklasa,2015/2016,300000
275739,Bartosz Szeliga,8028,111086,Piast Gliwice,Piast Gliwice,Poland,Poland Ekstraklasa,2015/2016,300000
104045,Bas Dost,8721,175,VfL Wolfsburg,VfL Wolfsburg,Germany,Germany 1. Bundesliga,2015/2016,9000000
467480,Bas Kuipers,10218,1971,Excelsior,Excelsior,Netherlands,Netherlands Eredivisie,2015/2016,450000
27168,Bas Sibum,8475,110913,Waasland-Beveren,Waasland-Beveren,Belgium,Belgium Jupiler League,2014/2015,200000
155534,Bastian Oczipka,9810,1824,Eintracht Frankfurt,Eintracht Frankfurt,Germany,Germany 1. Bundesliga,2015/2016,2500000
30872,Bastian Schweinsteiger,10260,11,Manchester United,Manchester United,England,England Premier League,2015/2016,8000000
306913,Baye Oumar Niasse,8668,7,Everton,Everton,England,England Premier League,2015/2016,12000000
210065,Bebe,8370,480,Rayo Vallecano,Rayo Vallecano,Spain,Spain LIGA BBVA,2015/2016,3000000
40536,Behrang Safari,9931,896,FC Basel,FC Basel,Switzerland,Switzerland Super League,2015/2016,750000
276121,Ben Davies,8586,18,Tottenham Hotspur,Tottenham Hotspur,England,England Premier League,2015/2016,9000000
24147,Ben Foster,8659,109,West Bromwich Albion,West Bromwich Albion,England,England Premier League,2015/2016,4000000
45571,Ben Hamer,8197,95,Leicester City,Leicester City,England,England Premier League,2014/2015,500000
240538,Ben Mee,8191,1796,Burnley,Burnley,England,England Premier League,2014/2015,3500000
470720,Ben Richards-Everton,8426,1754,Partick Thistle F.C.,Partick Thistle F.C.,Scotland,Scotland Premier League,2014/2015,150000
209413,Ben Rienstra,10229,1906,AZ,AZ,Netherlands,Netherlands Eredivisie,2015/2016,2250000
22991,Ben Watson,9817,1795,Watford,Watford,England,England Premier League,2015/2016,1500000
45749,Benat Etxebarria,8315,448,Athletic Club de Bilbao,Athletic Club de Bilbao,Spain,Spain LIGA BBVA,2015/2016,6000000
643982,Bence Mervo,8025,111092,Śląsk Wrocław,Śląsk Wrocław,Poland,Poland Ekstraklasa,2015/2016,250000
68253,Benedikt Hoewedes,10189,34,FC Schalke 04,FC Schalke 04,Germany,Germany 1. Bundesliga,2015/2016,16000000
163160,Bengali-Fode Koita,7819,210,SM Caen,SM Caen,France,France Ligue 1,2014/2015,700000
659463,Beni Badibanga,9985,232,Standard de Liège,Standard de Liège,Belgium,Belgium Jupiler League,2015/2016,600000
232253,Benik Afobe,8678,1943,Bournemouth,Bournemouth,England,England Premier League,2015/2016,9000000
289248,Benito Raman,9997,680,Sint-Truidense VV,Sint-Truidense VV,Belgium,Belgium Jupiler League,2015/2016,1500000
148830,Benjamin Andre,9851,74,Stade Rennais FC,Stade Rennais FC,France,France Ligue 1,2015/2016,2500000
277390,Benjamin Boulenger,8588,64,RC Lens,RC Lens,France,France Ligue 1,2014/2015,250000
441871,Benjamin Bourigeaud,8588,64,RC Lens,RC Lens,France,France Ligue 1,2014/2015,1250000
89475,Benjamin Brou Angoua,9747,62,En Avant de Guingamp,En Avant de Guingamp,France,France Ligue 1,2015/2016,1500000
210404,Benjamin Corgnet,9853,1819,AS Saint-Étienne,AS Saint-Étienne,France,France Ligue 1,2015/2016,2000000
42706,Benjamin De Ceulaer,10001,681,KVC Westerlo,KVC Westerlo,Belgium,Belgium Jupiler League,2015/2016,400000
681383,Benjamin Henrichs,8178,32,Bayer 04 Leverkusen,Bayer 04 Leverkusen,Germany,Germany 1. Bundesliga,2015/2016,5000000
145536,Benjamin Huebner,8234,111239,FC Ingolstadt 04,FC Ingolstadt 04,Germany,Germany 1. Bundesliga,2015/2016,2750000
210146,Benjamin Jeannot,8689,217,FC Lorient,FC Lorient,France,France Ligue 1,2015/2016,2500000
141126,Benjamin Kirsten,8464,1910,N.E.C.,N.E.C.,Netherlands,Netherlands Eredivisie,2015/2016,300000
210114,Benjamin Lecomte,8689,217,FC Lorient,FC Lorient,France,France Ligue 1,2015/2016,3500000
181619,Benjamin Leroy,4087,111271,Évian Thonon Gaillard FC,Évian Thonon Gaillard FC,France,France Ligue 1,2014/2015,1000000
280965,Benjamin Mendy,8592,219,Olympique de Marseille,Olympique de Marseille,France,France Ligue 1,2015/2016,9000000
131995,Benjamin Moukandjo,8689,217,FC Lorient,FC Lorient,France,France Ligue 1,2015/2016,4500000
26420,Benjamin Nivet,10242,294,ES Troyes AC,ES Troyes AC,France,France Ligue 1,2015/2016,250000
611223,Benjamin Pavard,8639,65,LOSC Lille,LOSC Lille,France,France Ligue 1,2015/2016,3000000
192920,Benjamin Stambouli,9847,73,Paris Saint-Germain,Paris Saint-Germain,France,France Ligue 1,2015/2016,7000000
644002,Benjamin Tetteh,9985,232,Standard de Liège,Standard de Liège,Belgium,Belgium Jupiler League,2015/2016,600000
243482,Benjamin van Leer,9803,1902,Roda JC Kerkrade,Roda JC Kerkrade,Netherlands,Netherlands Eredivisie,2015/2016,600000
72259,Bennard Yao Kumordzi,9987,673,KRC Genk,KRC Genk,Belgium,Belgium Jupiler League,2015/2016,800000
40006,Benoit Assou-Ekotto,9853,1819,AS Saint-Étienne,AS Saint-Étienne,France,France Ligue 1,2015/2016,1000000
11319,Benoit Costil,9851,74,Stade Rennais FC,Stade Rennais FC,France,France Ligue 1,2015/2016,7500000
157375,Benoit Poulain,8342,231,Club Brugge KV,Club Brugge KV,Belgium,Belgium Jupiler League,2015/2016,2000000
41092,Benoit Tremoulinas,8302,481,Sevilla FC,Sevilla FC,Spain,Spain LIGA BBVA,2015/2016,5000000
107132,Beram Kayal,9925,78,Celtic,Celtic,Scotland,Scotland Premier League,2014/2015,1250000
260964,Berat Djimsiti,8524,39,Atalanta,Atalanta,Italy,Italy Serie A,2015/2016,800000
66583,Berat Sadik,10191,1715,FC Thun,FC Thun,Switzerland,Switzerland Super League,2014/2015,500000
529285,Bernard Mensah,7844,1887,Vitória Guimarães,Vitória Guimarães,Portugal,Portugal Liga ZON Sagres,2014/2015,1500000
488139,Bernardo Silva,9829,69,AS Monaco,AS Monaco,France,France Ligue 1,2015/2016,20000000
215168,Bernd Leno,8178,32,Bayer 04 Leverkusen,Bayer 04 Leverkusen,Germany,Germany 1. Bundesliga,2015/2016,16000000
303059,Bertrand Traore,8455,5,Chelsea,Chelsea,England,England Premier League,2015/2016,4000000
155052,Beshart Abdurahimi,9994,2007,Sporting Lokeren,Sporting Lokeren,Belgium,Belgium Jupiler League,2015/2016,600000
97498,Beto,8302,481,Sevilla FC,Sevilla FC,Spain,Spain LIGA BBVA,2015/2016,1500000
503629,Bilal Basacikoglu,10235,246,Feyenoord,Feyenoord,Netherlands,Netherlands Eredivisie,2015/2016,2250000
528050,Bilal Ould-Chikh,8611,1908,FC Twente,FC Twente,Netherlands,Netherlands Eredivisie,2014/2015,1000000
22964,Billy Jones,8472,106,Sunderland,Sunderland,England,England Premier League,2015/2016,1500000
179901,Billy Ketkeophomphone,8121,1530,Angers SCO,Angers SCO,France,France Ligue 1,2015/2016,2750000
402765,Billy King,9860,80,Heart of Midlothian,Heart of Midlothian,Scotland,Scotland Premier League,2015/2016,300000
177760,Billy McKay,9938,181,Dundee United,Dundee United,Scotland,Scotland Premier League,2015/2016,500000
450493,Birama Ndoye,10179,110770,FC Sion,FC Sion,Switzerland,Switzerland Super League,2015/2016,900000
348408,Birama Toure,9830,71,FC Nantes,FC Nantes,France,France Ligue 1,2015/2016,1500000
37965,Birger Maertens,10001,681,KVC Westerlo,KVC Westerlo,Belgium,Belgium Jupiler League,2014/2015,100000
294252,Birger Verstraete,8571,100081,KV Kortrijk,KV Kortrijk,Belgium,Belgium Jupiler League,2015/2016,1200000
40274,Birkir Bjarnason,9931,896,FC Basel,FC Basel,Switzerland,Switzerland Super League,2015/2016,3000000
294254,Bjorn Engels,8342,231,Club Brugge KV,Club Brugge KV,Belgium,Belgium Jupiler League,2015/2016,9000000
68114,Bjorn Ruytinx,8573,682,KV Oostende,KV Oostende,Belgium,Belgium Jupiler League,2014/2015,200000
393272,Blair Spittal,9938,181,Dundee United,Dundee United,Scotland,Scotland Premier League,2015/2016,250000
26419,Blaise Matuidi,9847,73,Paris Saint-Germain,Paris Saint-Germain,France,France Ligue 1,2015/2016,30000000
13329,Blazej Telichowski,8569,110744,GKS Bełchatów,GKS Bełchatów,Poland,Poland Ekstraklasa,2014/2015,125000
47553,Blazey Augustyn,9860,80,Heart of Midlothian,Heart of Midlothian,Scotland,Scotland Premier League,2015/2016,300000
30940,Blerim Dzemaili,10233,110556,Genoa,Genoa,Italy,Italy Serie A,2015/2016,3500000
23021,Boaz Myhill,8659,109,West Bromwich Albion,West Bromwich Albion,England,England Premier League,2015/2016,2000000
16199,Boban Bajkovic,9989,239,Lierse SK,Lierse SK,Belgium,Belgium Jupiler League,2014/2015,700000
174526,Boban Jovic,10265,1873,Wisła Kraków,Wisła Kraków,Poland,Poland Ekstraklasa,2015/2016,500000
24741,Bobby Zamora,10172,15,Queens Park Rangers,Queens Park Rangers,England,England Premier League,2014/2015,750000
569038,Bobo,8613,1898,Boavista FC,Boavista FC,Portugal,Portugal Liga ZON Sagres,2014/2015,200000
58499,Bojan Jokic,10205,483,Villarreal CF,Villarreal CF,Spain,Spain LIGA BBVA,2015/2016,900000
96643,Bojan Krkic,10194,1806,Stoke City,Stoke City,England,England Premier League,2015/2016,10000000
465730,Boli Bolingoli-Mbombo,8342,231,Club Brugge KV,Club Brugge KV,Belgium,Belgium Jupiler League,2015/2016,1200000
555443,Boliguibia Ouattara,8245,111083,Korona Kielce,Korona Kielce,Poland,Poland Ekstraklasa,2014/2015,50000
435684,Boris Radunovic,8524,39,Atalanta,Atalanta,Italy,Italy Serie A,2015/2016,600000
200917,Borja Baston,8372,467,SD Eibar,SD Eibar,Spain,Spain LIGA BBVA,2015/2016,10000000
242151,Borja Ekiza,8372,467,SD Eibar,SD Eibar,Spain,Spain LIGA BBVA,2015/2016,500000
38431,Borja Fernandez,8372,467,SD Eibar,SD Eibar,Spain,Spain LIGA BBVA,2014/2015,200000
175305,Borja Garcia,7869,1867,Córdoba CF,Córdoba CF,Spain,Spain LIGA BBVA,2014/2015,800000
635772,Borja Mayoral,8633,243,Real Madrid CF,Real Madrid CF,Spain,Spain LIGA BBVA,2015/2016,2500000
38433,Borja Valero,8535,110374,Fiorentina,Fiorentina,Italy,Italy Serie A,2015/2016,14000000
102623,Borja Viguera,8315,448,Athletic Club de Bilbao,Athletic Club de Bilbao,Spain,Spain LIGA BBVA,2015/2016,1500000
40601,Bosko Jankovic,9876,206,Hellas Verona,Hellas Verona,Italy,Italy Serie A,2015/2016,700000
26223,Bostjan Cesar,8533,192,Chievo Verona,Chievo Verona,Italy,Italy Serie A,2015/2016,600000
30934,Boubacar Barry Copa,9994,2007,Sporting Lokeren,Sporting Lokeren,Belgium,Belgium Jupiler League,2015/2016,200000
154433,Boubacar Diabang Dialiba,2186,110747,Cracovia,Cracovia,Poland,Poland Ekstraklasa,2015/2016,250000
288622,Boubacar Fofana,10214,1891,CD Nacional,CD Nacional,Portugal,Portugal Liga ZON Sagres,2015/2016,500000
25519,Boukari Drame,8524,39,Atalanta,Atalanta,Italy,Italy Serie A,2015/2016,2000000
278341,Bouna Sarr,8592,219,Olympique de Marseille,Olympique de Marseille,France,France Ligue 1,2015/2016,1750000
69650,Brad Guzan,10252,2,Aston Villa,Aston Villa,England,England Premier League,2015/2016,2500000
301237,Brad McKay,8467,100804,St. Johnstone FC,St. Johnstone FC,Scotland,Scotland Premier League,2015/2016,225000
515338,Brad Smith,8650,9,Liverpool,Liverpool,England,England Premier League,2015/2016,2000000
24583,Bradley Johnson,9850,1792,Norwich City,Norwich City,England,England Premier League,2015/2016,6000000
150038,Braga,6547,100741,FC Penafiel,FC Penafiel,Portugal,Portugal Liga ZON Sagres,2014/2015,500000
281110,Brahim Darri,9791,100634,Heracles Almelo,Heracles Almelo,Netherlands,Netherlands Eredivisie,2015/2016,1000000
26589,Bram Castro,9791,100634,Heracles Almelo,Heracles Almelo,Netherlands,Netherlands Eredivisie,2015/2016,700000
178758,Bram Nuytinck,8635,229,RSC Anderlecht,RSC Anderlecht,Belgium,Belgium Jupiler League,2015/2016,1300000
37215,Bram van Polen,6413,1914,PEC Zwolle,PEC Zwolle,Netherlands,Netherlands Eredivisie,2015/2016,1000000
505059,Branco van den Boomen,10228,1913,SC Heerenveen,SC Heerenveen,Netherlands,Netherlands Eredivisie,2015/2016,750000
40197,Brandao,7794,58,SC Bastia,SC Bastia,France,France Ligue 1,2015/2016,250000
352358,Brandley Kuwas,10218,1971,Excelsior,Excelsior,Netherlands,Netherlands Eredivisie,2015/2016,1000000
445873,Brandon Mechele,8342,231,Club Brugge KV,Club Brugge KV,Belgium,Belgium Jupiler League,2015/2016,1500000
258245,Branimir Hrgota,9788,23,Borussia Mönchengladbach,Borussia Mönchengladbach,Germany,Germany 1. Bundesliga,2014/2015,2000000
31306,Branislav Ivanovic,8455,5,Chelsea,Chelsea,England,England Premier League,2015/2016,10000000
432217,Branislav Ninaj,9994,2007,Sporting Lokeren,Sporting Lokeren,Belgium,Belgium Jupiler League,2015/2016,450000
198777,Brayan Beckeles,8613,1898,Boavista FC,Boavista FC,Portugal,Portugal Liga ZON Sagres,2014/2015,1000000
281999,Brayan Perea,10242,294,ES Troyes AC,ES Troyes AC,France,France Ligue 1,2015/2016,800000
95615,Brecht Capon,8573,682,KV Oostende,KV Oostende,Belgium,Belgium Jupiler League,2015/2016,900000
208929,Brecht Dejaeghere,9991,674,KAA Gent,KAA Gent,Belgium,Belgium Jupiler League,2015/2016,4000000
26777,Brede Hangeland,9826,1799,Crystal Palace,Crystal Palace,England,England Premier League,2015/2016,1000000
527103,Breel Embolo,9931,896,FC Basel,FC Basel,Switzerland,Switzerland Super League,2015/2016,22000000
200871,Breitner,6367,2000001,Uniao da Madeira,Uniao da Madeira,Portugal,Portugal Liga ZON Sagres,2015/2016,550000
316688,Brendon Galloway,8668,7,Everton,Everton,England,England Premier League,2015/2016,3000000
67228,Brian Easton,8467,100804,St. Johnstone FC,St. Johnstone FC,Scotland,Scotland Premier League,2015/2016,400000
95793,Brian Graham,8649,631,Ross County FC,Ross County FC,Scotland,Scotland Premier League,2015/2016,275000
80678,Brian Hamalainen,9987,673,KRC Genk,KRC Genk,Belgium,Belgium Jupiler League,2015/2016,800000
210691,Brice Dja Djedje,8592,219,Olympique de Marseille,Olympique de Marseille,France,France Ligue 1,2015/2016,3500000
427980,Brice Ntambwe,9989,239,Lierse SK,Lierse SK,Belgium,Belgium Jupiler League,2014/2015,100000
11796,Briguel,10212,1893,CS Marítimo,CS Marítimo,Portugal,Portugal Liga ZON Sagres,2015/2016,50000
363910,Brito,8613,1898,Boavista FC,Boavista FC,Portugal,Portugal Liga ZON Sagres,2014/2015,750000
115160,Brown Ideye,8659,109,West Bromwich Albion,West Bromwich Albion,England,England Premier League,2014/2015,6000000
361322,Bruma,8560,457,Real Sociedad,Real Sociedad,Spain,Spain LIGA BBVA,2015/2016,5000000
375782,Bruno Alves,7844,1887,Vitória Guimarães,Vitória Guimarães,Portugal,Portugal Liga ZON Sagres,2015/2016,400000
31298,Bruno Amaro,158085,112513,FC Arouca,FC Arouca,Portugal,Portugal Liga ZON Sagres,2014/2015,600000
143523,Bruno Andrade,8525,1907,Willem II,Willem II,Netherlands,Netherlands Eredivisie,2015/2016,750000
172888,Bruno Cesar,9768,237,Sporting CP,Sporting CP,Portugal,Portugal Liga ZON Sagres,2015/2016,3500000
19372,Bruno China,9807,1889,CF Os Belenenses,CF Os Belenenses,Portugal,Portugal Liga ZON Sagres,2014/2015,50000
41083,Bruno Ecuele Manga,8689,217,FC Lorient,FC Lorient,France,France Ligue 1,2014/2015,4000000
422685,Bruno Fernandes,8600,55,Udinese,Udinese,Italy,Italy Serie A,2015/2016,6500000
181190,Bruno Gallo,10212,1893,CS Marítimo,CS Marítimo,Portugal,Portugal Liga ZON Sagres,2014/2015,800000
361763,Bruno Gaspar,7844,1887,Vitória Guimarães,Vitória Guimarães,Portugal,Portugal Liga ZON Sagres,2015/2016,2000000
346111,Bruno Godeau,8573,682,KV Oostende,KV Oostende,Belgium,Belgium Jupiler League,2015/2016,900000
268273,Bruno Gonzalez,8603,449,Real Betis Balompié,Real Betis Balompié,Spain,Spain LIGA BBVA,2015/2016,3000000
638778,Bruno Henrique,8721,175,VfL Wolfsburg,VfL Wolfsburg,Germany,Germany 1. Bundesliga,2015/2016,2000000
252283,Bruno Lopes,7842,10020,Estoril Praia,Estoril Praia,Portugal,Portugal Liga ZON Sagres,2014/2015,500000
212511,Bruno Martins Indi,9773,236,FC Porto,FC Porto,Portugal,Portugal Liga ZON Sagres,2015/2016,10000000
395510,Bruno Mendes,7844,1887,Vitória Guimarães,Vitória Guimarães,Portugal,Portugal Liga ZON Sagres,2015/2016,450000
98383,Bruno Miguel,7842,10020,Estoril Praia,Estoril Praia,Portugal,Portugal Liga ZON Sagres,2014/2015,50000
164363,Bruno Monteiro,188163,2000006,Tondela,Tondela,Portugal,Portugal Liga ZON Sagres,2015/2016,250000
164334,Bruno Moreira,6403,1892,FC Paços de Ferreira,FC Paços de Ferreira,Portugal,Portugal Liga ZON Sagres,2015/2016,2000000
211780,Bruno Nascimento,188163,2000006,Tondela,Tondela,Portugal,Portugal Liga ZON Sagres,2015/2016,400000
406330,Bruno Nazario,8030,111091,Lechia Gdańsk,Lechia Gdańsk,Poland,Poland Ekstraklasa,2015/2016,250000
79013,Bruno Pereirinha,8543,46,Lazio,Lazio,Italy,Italy Serie A,2014/2015,750000
267911,Bruno Peres,9804,54,Torino,Torino,Italy,Italy Serie A,2015/2016,13000000
575118,Bruno Santos,6403,1892,FC Paços de Ferreira,FC Paços de Ferreira,Portugal,Portugal Liga ZON Sagres,2015/2016,800000
42479,Bruno Soriano,10205,483,Villarreal CF,Villarreal CF,Spain,Spain LIGA BBVA,2015/2016,8000000
228982,Bruno Uvini,8611,1908,FC Twente,FC Twente,Netherlands,Netherlands Eredivisie,2015/2016,1200000
193937,Bruno Zuculini,7869,1867,Córdoba CF,Córdoba CF,Spain,Spain LIGA BBVA,2014/2015,1200000
299799,Bryan Cristante,8540,1843,Palermo,Palermo,Italy,Italy Serie A,2015/2016,2500000
202633,Bryan Dabo,10249,70,Montpellier Hérault SC,Montpellier Hérault SC,France,France Ligue 1,2015/2016,4000000
659493,Bryan Heynen,9987,673,KRC Genk,KRC Genk,Belgium,Belgium Jupiler League,2015/2016,600000
147594,Bryan Linssen,8674,1915,FC Groningen,FC Groningen,Netherlands,Netherlands Eredivisie,2015/2016,2000000
193859,Bryan Oviedo,8668,7,Everton,Everton,England,England Premier League,2015/2016,3000000
481694,Bryan Pele,8689,217,FC Lorient,FC Lorient,France,France Ligue 1,2014/2015,700000
206679,Bryan Rabello,10199,897,FC Luzern,FC Luzern,Switzerland,Switzerland Super League,2014/2015,1500000
38229,Bryan Ruiz,9768,237,Sporting CP,Sporting CP,Portugal,Portugal Liga ZON Sagres,2015/2016,7500000
179208,Bryan Smeets,8526,635,De Graafschap,De Graafschap,Netherlands,Netherlands Eredivisie,2015/2016,450000
303179,Bryan Verboom,10000,15005,SV Zulte-Waregem,SV Zulte-Waregem,Belgium,Belgium Jupiler League,2015/2016,1500000
452243,Burgui,8558,452,RCD Espanyol,RCD Espanyol,Spain,Spain LIGA BBVA,2015/2016,1000000
113235,Burim Kukeli,10243,894,FC Zürich,FC Zürich,Switzerland,Switzerland Super League,2015/2016,450000
67008,Cabral,10243,894,FC Zürich,FC Zürich,Switzerland,Switzerland Super League,2015/2016,350000
25908,Cadu,9764,1888,Gil Vicente FC,Gil Vicente FC,Portugal,Portugal Liga ZON Sagres,2014/2015,50000
163840,Caetano,9764,1888,Gil Vicente FC,Gil Vicente FC,Portugal,Portugal Liga ZON Sagres,2014/2015,550000
361768,Cafu,7844,1887,Vitória Guimarães,Vitória Guimarães,Portugal,Portugal Liga ZON Sagres,2015/2016,2000000
150922,Caiuby,8406,100409,FC Augsburg,FC Augsburg,Germany,Germany 1. Bundesliga,2015/2016,2500000
112205,Cala,8305,1860,Getafe CF,Getafe CF,Spain,Spain LIGA BBVA,2015/2016,1000000
642604,Caleb Gomina,8348,1900,Moreirense FC,Moreirense FC,Portugal,Portugal Liga ZON Sagres,2014/2015,200000
201733,Callum Ball,9800,100805,St. Mirren,St. Mirren,Scotland,Scotland Premier League,2014/2015,250000
195283,Callum Booth,8426,1754,Partick Thistle F.C.,Partick Thistle F.C.,Scotland,Scotland Premier League,2015/2016,250000
111060,Callum McGregor,9925,78,Celtic,Celtic,Scotland,Scotland Premier League,2015/2016,1000000
172841,Callum McManaman,8659,109,West Bromwich Albion,West Bromwich Albion,England,England Premier League,2015/2016,4000000
211849,Callum Morris,9938,181,Dundee United,Dundee United,Scotland,Scotland Premier League,2015/2016,300000
355739,Callum Paterson,9860,80,Heart of Midlothian,Heart of Midlothian,Scotland,Scotland Premier League,2015/2016,450000
184321,Callum Wilson,8678,1943,Bournemouth,Bournemouth,England,England Premier League,2015/2016,9000000
166423,Calum Butcher,9938,181,Dundee United,Dundee United,Scotland,Scotland Premier League,2014/2015,200000
425255,Calum Chambers,9825,1,Arsenal,Arsenal,England,England Premier League,2015/2016,12000000
179201,Calvin Mac-Intosh,7788,647,SC Cambuur,SC Cambuur,Netherlands,Netherlands Eredivisie,2015/2016,300000
693138,Cameron Borthwick-Jackson,10260,11,Manchester United,Manchester United,England,England Premier League,2015/2016,3000000
31953,Cameron Jerome,9850,1792,Norwich City,Norwich City,England,England Premier League,2015/2016,2500000
448810,Cameron Kerr,8284,180,Dundee FC,Dundee FC,Scotland,Scotland Premier League,2015/2016,25000
315888,Cameron Smith,8485,77,Aberdeen,Aberdeen,Scotland,Scotland Premier League,2015/2016,200000
292769,Caner Cavlan,10228,1913,SC Heerenveen,SC Heerenveen,Netherlands,Netherlands Eredivisie,2015/2016,1000000
37480,Cani,9783,242,RC Deportivo de La Coruña,RC Deportivo de La Coruña,Spain,Spain LIGA BBVA,2015/2016,500000
36832,Carl Hoefkens,8573,682,KV Oostende,KV Oostende,Belgium,Belgium Jupiler League,2014/2015,100000
214685,Carl Jenkinson,8654,19,West Ham United,West Ham United,England,England Premier League,2015/2016,9000000
40721,Carl Medjani,8581,1853,Levante UD,Levante UD,Spain,Spain LIGA BBVA,2015/2016,1800000
23697,Carl Tremarco,8066,620,Inverness Caledonian Thistle,Inverness Caledonian Thistle,Scotland,Scotland Premier League,2015/2016,175000
358289,Carles Gil,10252,2,Aston Villa,Aston Villa,England,England Premier League,2015/2016,3500000
160845,Carles Martinez,8028,111086,Piast Gliwice,Piast Gliwice,Poland,Poland Ekstraklasa,2014/2015,250000
213694,Carles Planas,9910,450,RC Celta de Vigo,RC Celta de Vigo,Spain,Spain LIGA BBVA,2015/2016,2000000
95230,Carlitos,10179,110770,FC Sion,FC Sion,Switzerland,Switzerland Super League,2015/2016,1500000
166648,Carlos Bacca,8564,47,Milan,Milan,Italy,Italy Serie A,2015/2016,25000000
195717,Carlos Carbonero,9882,1837,Sampdoria,Sampdoria,Italy,Italy Serie A,2015/2016,3000000
49940,Carlos Carmona,8524,39,Atalanta,Atalanta,Italy,Italy Serie A,2015/2016,2000000
17299,Carlos Carmona,9869,459,Real Sporting de Gijón,Real Sporting de Gijón,Spain,Spain LIGA BBVA,2015/2016,1500000
574654,Carlos Castro,9869,459,Real Sporting de Gijón,Real Sporting de Gijón,Spain,Spain LIGA BBVA,2015/2016,2000000
174062,Carlos Eduardo,9831,72,OGC Nice,OGC Nice,France,France Ligue 1,2014/2015,5000000
570976,Carlos Fortes,10264,1896,SC Braga,SC Braga,Portugal,Portugal Liga ZON Sagres,2015/2016,400000
317822,Carlos Gruezo,10269,36,VfB Stuttgart,VfB Stuttgart,Germany,Germany 1. Bundesliga,2015/2016,1500000
33024,Carlos Gurpegi,8315,448,Athletic Club de Bilbao,Athletic Club de Bilbao,Spain,Spain LIGA BBVA,2015/2016,500000
25563,Carlos Kameni,9864,573,Málaga CF,Málaga CF,Spain,Spain LIGA BBVA,2015/2016,5000000
493196,Carlos Mane,9768,237,Sporting CP,Sporting CP,Portugal,Portugal Liga ZON Sagres,2015/2016,4500000
281330,Carlos Manuel,6367,2000001,Uniao da Madeira,Uniao da Madeira,Portugal,Portugal Liga ZON Sagres,2015/2016,250000
102620,Carlos Martinez,8560,457,Real Sociedad,Real Sociedad,Spain,Spain LIGA BBVA,2015/2016,1500000
37548,Carlos Martins,9807,1889,CF Os Belenenses,CF Os Belenenses,Portugal,Portugal Liga ZON Sagres,2015/2016,500000
148153,Carlos Olascuaga,10215,1901,Académica de Coimbra,Académica de Coimbra,Portugal,Portugal Liga ZON Sagres,2014/2015,300000
56972,Carlos Sanchez,10252,2,Aston Villa,Aston Villa,England,England Premier League,2015/2016,3500000
569171,Carlos Santos,8613,1898,Boavista FC,Boavista FC,Portugal,Portugal Liga ZON Sagres,2015/2016,250000
38817,Carlos Tevez,9885,45,Juventus,Juventus,Italy,Italy Serie A,2014/2015,8500000
75342,Carlos Vela,8560,457,Real Sociedad,Real Sociedad,Spain,Spain LIGA BBVA,2015/2016,15000000
518240,Carlos Vigaray,8305,1860,Getafe CF,Getafe CF,Spain,Spain LIGA BBVA,2015/2016,600000
106309,Carlos Zambrano,9810,1824,Eintracht Frankfurt,Eintracht Frankfurt,Germany,Germany 1. Bundesliga,2015/2016,3500000
34543,Carlton Cole,8654,19,West Ham United,West Ham United,England,England Premier League,2014/2015,1250000
562725,Carlton Morris,8429,184,Hamilton Academical FC,Hamilton Academical FC,Scotland,Scotland Premier League,2015/2016,100000
248154,Cas Peters,8526,635,De Graafschap,De Graafschap,Netherlands,Netherlands Eredivisie,2015/2016,650000
208494,Casemiro,8633,243,Real Madrid CF,Real Madrid CF,Spain,Spain LIGA BBVA,2015/2016,20000000
19515,Cassio,7841,744,Rio Ave FC,Rio Ave FC,Portugal,Portugal Liga ZON Sagres,2015/2016,250000
312561,Cedric Badjeck,9908,1903,FC Utrecht,FC Utrecht,Netherlands,Netherlands Eredivisie,2014/2015,100000
201939,Cedric Bakambu,10205,483,Villarreal CF,Villarreal CF,Spain,Spain LIGA BBVA,2015/2016,20000000
41194,Cedric Barbosa,4087,111271,Évian Thonon Gaillard FC,Évian Thonon Gaillard FC,France,France Ligue 1,2014/2015,250000
451982,Cedric Brunner,10243,894,FC Zürich,FC Zürich,Switzerland,Switzerland Super League,2015/2016,900000
46708,Cedric Cambon,4087,111271,Évian Thonon Gaillard FC,Évian Thonon Gaillard FC,France,France Ligue 1,2014/2015,1000000
26168,Cedric Carrasso,9827,59,Girondins de Bordeaux,Girondins de Bordeaux,France,France Ligue 1,2015/2016,1500000
154276,Cedric D'Ulivo,10000,15005,SV Zulte-Waregem,SV Zulte-Waregem,Belgium,Belgium Jupiler League,2015/2016,450000
726956,Cedric Itten,9931,896,FC Basel,FC Basel,Switzerland,Switzerland Super League,2015/2016,600000
27512,Cedric Makiadi,8697,38,SV Werder Bremen,SV Werder Bremen,Germany,Germany 1. Bundesliga,2014/2015,650000
71603,Cedric Mongongu,4087,111271,Évian Thonon Gaillard FC,Évian Thonon Gaillard FC,France,France Ligue 1,2014/2015,900000
160627,Cedric Soares,8466,17,Southampton,Southampton,England,England Premier League,2015/2016,12000000
466308,Cedric Yambere,9827,59,Girondins de Bordeaux,Girondins de Bordeaux,France,France Ligue 1,2015/2016,2500000
659779,Celestine Lazarus,8033,111087,Podbeskidzie Bielsko-Biała,Podbeskidzie Bielsko-Biała,Poland,Poland Ekstraklasa,2015/2016,75000
51953,Celso Borges,9783,242,RC Deportivo de La Coruña,RC Deportivo de La Coruña,Spain,Spain LIGA BBVA,2015/2016,3500000
159465,Celso Ortiz,10229,1906,AZ,AZ,Netherlands,Netherlands Eredivisie,2015/2016,1800000
450293,Cesar,9772,234,SL Benfica,SL Benfica,Portugal,Portugal Liga ZON Sagres,2014/2015,250000
72541,Cesar Azpilicueta,8455,5,Chelsea,Chelsea,England,England Premier League,2015/2016,20000000
39419,Cesare Bovo,9804,54,Torino,Torino,Italy,Italy Serie A,2015/2016,600000
30613,Cesc Fabregas,8455,5,Chelsea,Chelsea,England,England Premier League,2015/2016,45000000
78314,Ceyhun Gulselam,9904,485,Hannover 96,Hannover 96,Germany,Germany 1. Bundesliga,2015/2016,750000
92375,Cezary Wilk,9783,242,RC Deportivo de La Coruña,RC Deportivo de La Coruña,Spain,Spain LIGA BBVA,2014/2015,500000
538336,Chadrac Akolo,10179,110770,FC Sion,FC Sion,Switzerland,Switzerland Super League,2015/2016,1000000
248169,Chaker Alhadhur,7819,210,SM Caen,SM Caen,France,France Ligue 1,2015/2016,1250000
277761,Chancel Mbemba,10261,13,Newcastle United,Newcastle United,England,England Premier League,2015/2016,10000000
33100,Chaouki Ben Saada,10242,294,ES Troyes AC,ES Troyes AC,France,France Ligue 1,2015/2016,500000
213653,Charles,9864,573,Málaga CF,Málaga CF,Spain,Spain LIGA BBVA,2015/2016,2500000
50638,Charles Aranguiz,8178,32,Bayer 04 Leverkusen,Bayer 04 Leverkusen,Germany,Germany 1. Bundesliga,2015/2016,12000000
93470,Charles Diers,8121,1530,Angers SCO,Angers SCO,France,France Ligue 1,2015/2016,250000
40570,Charles Mulgrew,9925,78,Celtic,Celtic,Scotland,Scotland Premier League,2015/2016,2000000
29581,Charles N'Zogbia,10252,2,Aston Villa,Aston Villa,England,England Premier League,2014/2015,1000000
743720,Charles Pickel,9931,896,FC Basel,FC Basel,Switzerland,Switzerland Super League,2015/2016,200000
481106,Charles Telfer,9938,181,Dundee United,Dundee United,Scotland,Scotland Premier League,2015/2016,150000
720738,Charles Traore,10242,294,ES Troyes AC,ES Troyes AC,France,France Ligue 1,2015/2016,150000
39109,Charlie Adam,10194,1806,Stoke City,Stoke City,England,England Premier League,2015/2016,4500000
187266,Charlie Austin,8466,17,Southampton,Southampton,England,England Premier League,2015/2016,13000000
68237,Charlie Daniels,8678,1943,Bournemouth,Bournemouth,England,England Premier League,2015/2016,2500000
480213,Charlie Trafford,8245,111083,Korona Kielce,Korona Kielce,Poland,Poland Ekstraklasa,2015/2016,150000
112119,Charlison Benschop,9904,485,Hannover 96,Hannover 96,Germany,Germany 1. Bundesliga,2015/2016,1000000
722766,Charly Musonda,8603,449,Real Betis Balompié,Real Betis Balompié,Spain,Spain LIGA BBVA,2015/2016,5000000
520299,Charni Ekangamene,10000,15005,SV Zulte-Waregem,SV Zulte-Waregem,Belgium,Belgium Jupiler League,2014/2015,300000
40707,Cheick Diabate,9827,59,Girondins de Bordeaux,Girondins de Bordeaux,France,France Ligue 1,2015/2016,4000000
186153,Cheick Doukoure,8550,68,FC Metz,FC Metz,France,France Ligue 1,2014/2015,1250000
38373,Cheik Tiote,10261,13,Newcastle United,Newcastle United,England,England Premier League,2015/2016,5000000
94549,Cheikh Mbengue,9851,74,Stade Rennais FC,Stade Rennais FC,France,France Ligue 1,2015/2016,2000000
426612,Cheikh Ndoye,8121,1530,Angers SCO,Angers SCO,France,France Ligue 1,2015/2016,4000000
148302,Cheikhou Kouyate,8654,19,West Ham United,West Ham United,England,England Premier League,2015/2016,12000000
666954,Chidozie Awaziem,9773,236,FC Porto,FC Porto,Portugal,Portugal Liga ZON Sagres,2015/2016,2000000
36133,Chinedu Ede,8611,1908,FC Twente,FC Twente,Netherlands,Netherlands Eredivisie,2015/2016,800000
40176,Chinedu Obasi,10189,34,FC Schalke 04,FC Schalke 04,Germany,Germany 1. Bundesliga,2014/2015,1400000
43247,Chris Baird,8659,109,West Bromwich Albion,West Bromwich Albion,England,England Premier League,2014/2015,500000
23257,Chris Brunt,8659,109,West Bromwich Albion,West Bromwich Albion,England,England Premier League,2015/2016,4000000
240540,Chris Chantler,8597,82,Kilmarnock,Kilmarnock,Scotland,Scotland Premier League,2014/2015,175000
179050,Chris Erskine,9938,181,Dundee United,Dundee United,Scotland,Scotland Premier League,2015/2016,425000
243248,Chris Mavinga,10242,294,ES Troyes AC,ES Troyes AC,France,France Ligue 1,2015/2016,500000
17528,Chris Millar,8467,100804,St. Johnstone FC,St. Johnstone FC,Scotland,Scotland Premier League,2015/2016,500000
21914,Chris Robertson,8649,631,Ross County FC,Ross County FC,Scotland,Scotland Premier League,2015/2016,350000
165823,Chris Smalling,10260,11,Manchester United,Manchester United,England,England Premier League,2015/2016,20000000
23016,Chris Turner,8429,184,Hamilton Academical FC,Hamilton Academical FC,Scotland,Scotland Premier League,2015/2016,250000
45496,Christiaan Kum,9908,1903,FC Utrecht,FC Utrecht,Netherlands,Netherlands Eredivisie,2015/2016,600000
480799,Christian,6403,1892,FC Paços de Ferreira,FC Paços de Ferreira,Portugal,Portugal Liga ZON Sagres,2015/2016,800000
34530,Christian Abbiati,8564,47,Milan,Milan,Italy,Italy Serie A,2014/2015,500000
242887,Christian Atsu,9864,573,Málaga CF,Málaga CF,Spain,Spain LIGA BBVA,2015/2016,3000000
148315,Christian Benteke,8650,9,Liverpool,Liverpool,England,England Premier League,2015/2016,27000000
67890,Christian Bruels,9985,232,Standard de Liège,Standard de Liège,Belgium,Belgium Jupiler League,2015/2016,900000
178804,Christian Clemens,9905,169,1. FSV Mainz 05,1. FSV Mainz 05,Germany,Germany 1. Bundesliga,2015/2016,3000000
39334,Christian Daniel Ledesma,8543,46,Lazio,Lazio,Italy,Italy Serie A,2014/2015,750000
58358,Christian Dorda,10001,681,KVC Westerlo,KVC Westerlo,Belgium,Belgium Jupiler League,2014/2015,300000
157723,Christian Eriksen,8586,18,Tottenham Hotspur,Tottenham Hotspur,England,England Premier League,2015/2016,31000000
43061,Christian Fuchs,8197,95,Leicester City,Leicester City,England,England Premier League,2015/2016,6000000
27324,Christian Gentner,10269,36,VfB Stuttgart,VfB Stuttgart,Germany,Germany 1. Bundesliga,2015/2016,2500000
355358,Christian Guenter,8358,25,SC Freiburg,SC Freiburg,Germany,Germany 1. Bundesliga,2014/2015,2000000
149219,Christian Kabasele,9987,673,KRC Genk,KRC Genk,Belgium,Belgium Jupiler League,2015/2016,6000000
67357,Christian Leite,10191,1715,FC Thun,FC Thun,Switzerland,Switzerland Super League,2014/2015,100000
39535,Christian Maggio,9875,48,Napoli,Napoli,Italy,Italy Serie A,2015/2016,800000
448805,Christian Mathenia,8262,110502,SV Darmstadt 98,SV Darmstadt 98,Germany,Germany 1. Bundesliga,2015/2016,2500000
33956,Christian Nade,8429,184,Hamilton Academical FC,Hamilton Academical FC,Scotland,Scotland Premier League,2015/2016,150000
30250,Christian Pander,9904,485,Hannover 96,Hannover 96,Germany,Germany 1. Bundesliga,2014/2015,250000
41727,Christian Pouga,8613,1898,Boavista FC,Boavista FC,Portugal,Portugal Liga ZON Sagres,2014/2015,400000
688295,Christian Pulisic,9789,22,Borussia Dortmund,Borussia Dortmund,Germany,Germany 1. Bundesliga,2015/2016,5000000
288349,Christian Santos,8464,1910,N.E.C.,N.E.C.,Netherlands,Netherlands Eredivisie,2015/2016,2000000
92252,Christian Schneuwly,10199,897,FC Luzern,FC Luzern,Switzerland,Switzerland Super League,2015/2016,750000
25483,Christian Schulz,9904,485,Hannover 96,Hannover 96,Germany,Germany 1. Bundesliga,2015/2016,750000
97727,Christian Strohdiek,8460,10030,SC Paderborn 07,SC Paderborn 07,Germany,Germany 1. Bundesliga,2014/2015,400000
27774,Christian Traesch,8721,175,VfL Wolfsburg,VfL Wolfsburg,Germany,Germany 1. Bundesliga,2015/2016,3500000
281847,Christie Elliot,8426,1754,Partick Thistle F.C.,Partick Thistle F.C.,Scotland,Scotland Premier League,2015/2016,200000
29543,Christoph Janker,8406,100409,FC Augsburg,FC Augsburg,Germany,Germany 1. Bundesliga,2015/2016,300000
269788,Christoph Kramer,8178,32,Bayer 04 Leverkusen,Bayer 04 Leverkusen,Germany,Germany 1. Bundesliga,2015/2016,12000000
180126,Christoph Moritz,9905,169,1. FSV Mainz 05,1. FSV Mainz 05,Germany,Germany 1. Bundesliga,2015/2016,1000000
40730,Christophe Jallet,9748,66,Olympique Lyonnais,Olympique Lyonnais,France,France Ligue 1,2015/2016,2000000
277412,Christophe Kerbrat,9747,62,En Avant de Guingamp,En Avant de Guingamp,France,France Ligue 1,2015/2016,2500000
26916,Christophe Lepoint,10000,15005,SV Zulte-Waregem,SV Zulte-Waregem,Belgium,Belgium Jupiler League,2015/2016,1000000
46884,Christophe Mandanne,9747,62,En Avant de Guingamp,En Avant de Guingamp,France,France Ligue 1,2014/2015,1500000
154229,Christopher Glombard,9837,379,Stade de Reims,Stade de Reims,France,France Ligue 1,2014/2015,600000
303343,Christopher Johnston,8597,82,Kilmarnock,Kilmarnock,Scotland,Scotland Premier League,2015/2016,125000
314399,Christopher Kane,8467,100804,St. Johnstone FC,St. Johnstone FC,Scotland,Scotland Premier League,2015/2016,200000
192711,Christopher Maboulou,7794,58,SC Bastia,SC Bastia,France,France Ligue 1,2015/2016,800000
704523,Christopher Nkunku,9847,73,Paris Saint-Germain,Paris Saint-Germain,France,France Ligue 1,2015/2016,500000
190010,Christopher Oualembo,10215,1901,Académica de Coimbra,Académica de Coimbra,Portugal,Portugal Liga ZON Sagres,2015/2016,500000
408104,Christos Donis,7896,2000003,Lugano,Lugano,Switzerland,Switzerland Super League,2015/2016,450000
298665,Chuks Aneke,10000,15005,SV Zulte-Waregem,SV Zulte-Waregem,Belgium,Belgium Jupiler League,2015/2016,600000
130670,Chung-Yong Lee,9826,1799,Crystal Palace,Crystal Palace,England,England Premier League,2015/2016,1500000
161414,Ciaran Clark,10252,2,Aston Villa,Aston Villa,England,England Premier League,2015/2016,5000000
43303,Cicero,6403,1892,FC Paços de Ferreira,FC Paços de Ferreira,Portugal,Portugal Liga ZON Sagres,2015/2016,450000
103218,Ciprian Tatarusanu,8535,110374,Fiorentina,Fiorentina,Italy,Italy Serie A,2015/2016,5000000
161660,Ciro Immobile,9804,54,Torino,Torino,Italy,Italy Serie A,2015/2016,10000000
400962,Clarck Nsikulu,4087,111271,Évian Thonon Gaillard FC,Évian Thonon Gaillard FC,France,France Ligue 1,2014/2015,800000
114688,Claudemir,8342,231,Club Brugge KV,Club Brugge KV,Belgium,Belgium Jupiler League,2015/2016,1500000
71602,Claudio Beauvue,9910,450,RC Celta de Vigo,RC Celta de Vigo,Spain,Spain LIGA BBVA,2015/2016,4000000
37421,Claudio Bravo,8634,241,FC Barcelona,FC Barcelona,Spain,Spain LIGA BBVA,2015/2016,15000000
42294,Claudio Lustenberger,10199,897,FC Luzern,FC Luzern,Switzerland,Switzerland Super League,2015/2016,500000
41890,Claudio Marchisio,9885,45,Juventus,Juventus,Italy,Italy Serie A,2015/2016,28000000
25366,Claudio Pizarro,8697,38,SV Werder Bremen,SV Werder Bremen,Germany,Germany 1. Bundesliga,2015/2016,1000000
181433,Claudio Ramos,188163,2000006,Tondela,Tondela,Portugal,Portugal Liga ZON Sagres,2015/2016,800000
41874,Claudio Terzi,8540,1843,Palermo,Palermo,Italy,Italy Serie A,2014/2015,350000
113968,Claudio Yacob,8659,109,West Bromwich Albion,West Bromwich Albion,England,England Premier League,2015/2016,4000000
307069,Cleber,9790,28,Hamburger SV,Hamburger SV,Germany,Germany 1. Bundesliga,2015/2016,500000
185518,Clemens Fandrich,10199,897,FC Luzern,FC Luzern,Switzerland,Switzerland Super League,2015/2016,400000
35989,Clemens Fritz,8697,38,SV Werder Bremen,SV Werder Bremen,Germany,Germany 1. Bundesliga,2015/2016,750000
41174,Clement Chantome,9827,59,Girondins de Bordeaux,Girondins de Bordeaux,France,France Ligue 1,2015/2016,3000000
182925,Clement Grenier,9748,66,Olympique Lyonnais,Olympique Lyonnais,France,France Ligue 1,2015/2016,4500000
311009,Clement Maury,6391,110316,GFC Ajaccio,GFC Ajaccio,France,France Ligue 1,2015/2016,1000000
277444,Clement Tainmont,9986,670,Sporting Charleroi,Sporting Charleroi,Belgium,Belgium Jupiler League,2015/2016,850000
470836,Clesio Bauque,9772,234,SL Benfica,SL Benfica,Portugal,Portugal Liga ZON Sagres,2015/2016,400000
23311,Clint Hill,10172,15,Queens Park Rangers,Queens Park Rangers,England,England Premier League,2014/2015,500000
266105,Clinton Mata,9986,670,Sporting Charleroi,Sporting Charleroi,Belgium,Belgium Jupiler League,2015/2016,1500000
409161,Clinton Njie,9748,66,Olympique Lyonnais,Olympique Lyonnais,France,France Ligue 1,2014/2015,7000000
151063,Coke,8302,481,Sevilla FC,Sevilla FC,Spain,Spain LIGA BBVA,2015/2016,4000000
208699,Colin Coosemans,8475,110913,Waasland-Beveren,Waasland-Beveren,Belgium,Belgium Jupiler League,2014/2015,450000
38865,Colin Kazim-Richards,9925,78,Celtic,Celtic,Scotland,Scotland Premier League,2015/2016,1750000
703659,Colin Trachsel,10191,1715,FC Thun,FC Thun,Switzerland,Switzerland Super League,2015/2016,200000
417756,Coll Donaldson,9938,181,Dundee United,Dundee United,Scotland,Scotland Premier League,2015/2016,200000
462085,Collins Fai,9985,232,Standard de Liège,Standard de Liège,Belgium,Belgium Jupiler League,2015/2016,1000000
611682,Connor Randall,8650,9,Liverpool,Liverpool,England,England Premier League,2015/2016,500000
237562,Connor Ripley,9927,83,Motherwell,Motherwell,Scotland,Scotland Premier League,2015/2016,250000
169721,Connor Wickham,9826,1799,Crystal Palace,Crystal Palace,England,England Premier League,2015/2016,6000000
470003,Conor Brennan,8597,82,Kilmarnock,Kilmarnock,Scotland,Scotland Premier League,2015/2016,50000
571546,Conor Grant,9927,83,Motherwell,Motherwell,Scotland,Scotland Premier League,2014/2015,250000
295069,Conor Townsend,9938,181,Dundee United,Dundee United,Scotland,Scotland Premier League,2014/2015,200000
159663,Conrad Balatoni,8597,82,Kilmarnock,Kilmarnock,Scotland,Scotland Premier League,2015/2016,225000
28081,Constant Djakpa,9810,1824,Eintracht Frankfurt,Eintracht Frankfurt,Germany,Germany 1. Bundesliga,2015/2016,1250000
318535,Constantin Nica,9880,110915,Cesena,Cesena,Italy,Italy Serie A,2014/2015,400000
424391,Corentin Fiore,9985,232,Standard de Liège,Standard de Liège,Belgium,Belgium Jupiler League,2015/2016,2000000
363359,Corentin Jean,10242,294,ES Troyes AC,ES Troyes AC,France,France Ligue 1,2015/2016,3500000
611714,Corentin Kocur,274581,2000004,Royal Excel Mouscron,Royal Excel Mouscron,Belgium,Belgium Jupiler League,2015/2016,100000
473852,Corentin Tolisso,9748,66,Olympique Lyonnais,Olympique Lyonnais,France,France Ligue 1,2015/2016,17000000
43345,Cornel Predescu,8027,112512,Zawisza Bydgoszcz,Zawisza Bydgoszcz,Poland,Poland Ekstraklasa,2014/2015,150000
38581,Corona,9865,1861,UD Almería,UD Almería,Spain,Spain LIGA BBVA,2014/2015,300000
103428,Costel Pantilimon,8472,106,Sunderland,Sunderland,England,England Premier League,2015/2016,4500000
40548,Craig Cathcart,9817,1795,Watford,Watford,England,England Premier League,2015/2016,4000000
46377,Craig Curran,8649,631,Ross County FC,Ross County FC,Scotland,Scotland Premier League,2015/2016,275000
169162,Craig Dawson,8659,109,West Bromwich Albion,West Bromwich Albion,England,England Premier League,2015/2016,6000000
25075,Craig Gardner,8659,109,West Bromwich Albion,West Bromwich Albion,England,England Premier League,2015/2016,3500000
32562,Craig Gordon,9925,78,Celtic,Celtic,Scotland,Scotland Premier League,2015/2016,1500000
411207,Craig Moore,9927,83,Motherwell,Motherwell,Scotland,Scotland Premier League,2014/2015,125000
109191,Craig Reid,9927,83,Motherwell,Motherwell,Scotland,Scotland Premier League,2014/2015,350000
33914,Craig Samson,9927,83,Motherwell,Motherwell,Scotland,Scotland Premier League,2015/2016,350000
419136,Craig Slater,8597,82,Kilmarnock,Kilmarnock,Scotland,Scotland Premier League,2015/2016,300000
443967,Craig Storie,8485,77,Aberdeen,Aberdeen,Scotland,Scotland Premier League,2015/2016,50000
408981,Craig Thomson,8467,100804,St. Johnstone FC,St. Johnstone FC,Scotland,Scotland Premier League,2015/2016,25000
473822,Craig Wighton,8284,180,Dundee FC,Dundee FC,Scotland,Scotland Premier League,2015/2016,150000
528508,Crislan,10264,1896,SC Braga,SC Braga,Portugal,Portugal Liga ZON Sagres,2015/2016,800000
359189,Cristian Benavente,9986,670,Sporting Charleroi,Sporting Charleroi,Belgium,Belgium Jupiler League,2015/2016,400000
274456,Cristian Cuevas,9997,680,Sint-Truidense VV,Sint-Truidense VV,Belgium,Belgium Jupiler League,2015/2016,1200000
46297,Cristian Daniel Ansaldi,10233,110556,Genoa,Genoa,Italy,Italy Serie A,2015/2016,6000000
114076,Cristian Gamboa,8659,109,West Bromwich Albion,West Bromwich Albion,England,England Premier League,2014/2015,1500000
500791,Cristian Herrera,10268,468,Elche CF,Elche CF,Spain,Spain LIGA BBVA,2014/2015,1000000
574845,Cristian Manea,274581,2000004,Royal Excel Mouscron,Royal Excel Mouscron,Belgium,Belgium Jupiler League,2015/2016,600000
24791,Cristian Molinaro,9804,54,Torino,Torino,Italy,Italy Serie A,2015/2016,600000
42650,Cristian Raimondi,8524,39,Atalanta,Atalanta,Italy,Italy Serie A,2015/2016,100000
26310,Cristian Rodriguez,10167,50,Parma,Parma,Italy,Italy Serie A,2014/2015,1800000
58294,Cristian Stuani,8558,452,RCD Espanyol,RCD Espanyol,Spain,Spain LIGA BBVA,2014/2015,4000000
213704,Cristian Tello Herrera,8535,110374,Fiorentina,Fiorentina,Italy,Italy Serie A,2015/2016,10000000
30906,Cristian Zaccardo,208931,112409,Carpi,Carpi,Italy,Italy Serie A,2015/2016,100000
24970,Cristian Zapata,8564,47,Milan,Milan,Italy,Italy Serie A,2015/2016,2800000
239350,Cristiano Biraghi,7878,110832,Granada CF,Granada CF,Spain,Spain LIGA BBVA,2015/2016,2500000
39229,Cristiano Del Grosso,8524,39,Atalanta,Atalanta,Italy,Italy Serie A,2014/2015,100000
239964,Cristiano Piccini,8603,449,Real Betis Balompié,Real Betis Balompié,Spain,Spain LIGA BBVA,2015/2016,700000
30893,Cristiano Ronaldo,8633,243,Real Madrid CF,Real Madrid CF,Spain,Spain LIGA BBVA,2015/2016,110000000
50449,Cristobal Jorquera,10167,50,Parma,Parma,Italy,Italy Serie A,2014/2015,1500000
179059,Cristophe Diandy,9986,670,Sporting Charleroi,Sporting Charleroi,Belgium,Belgium Jupiler League,2015/2016,800000
149855,Cuco Martina,8466,17,Southampton,Southampton,England,England Premier League,2015/2016,2000000
640725,Curro Sanchez,8302,481,Sevilla FC,Sevilla FC,Spain,Spain LIGA BBVA,2015/2016,800000
24658,Curtis Davies,8667,1952,Hull City,Hull City,England,England Premier League,2014/2015,3500000
30577,Custodio,10264,1896,SC Braga,SC Braga,Portugal,Portugal Liga ZON Sagres,2014/2015,700000
526230,Cyriel Dessers,9994,2007,Sporting Lokeren,Sporting Lokeren,Belgium,Belgium Jupiler League,2015/2016,350000
38920,Cyril Thereau,8600,55,Udinese,Udinese,Italy,Italy Serie A,2015/2016,1700000
110113,Daan Bovenberg,10218,1971,Excelsior,Excelsior,Netherlands,Netherlands Eredivisie,2015/2016,300000
512747,Dabney Dos Santos,10229,1906,AZ,AZ,Netherlands,Netherlands Eredivisie,2015/2016,2000000
559029,Daimy Deflem,8475,110913,Waasland-Beveren,Waasland-Beveren,Belgium,Belgium Jupiler League,2014/2015,100000
522750,Dalbert,7844,1887,Vitória Guimarães,Vitória Guimarães,Portugal,Portugal Liga ZON Sagres,2015/2016,3500000
611840,Dalcio Gomes,9807,1889,CF Os Belenenses,CF Os Belenenses,Portugal,Portugal Liga ZON Sagres,2015/2016,800000
356400,Dale Carrick,8597,82,Kilmarnock,Kilmarnock,Scotland,Scotland Premier League,2015/2016,150000
161012,Daley Blind,10260,11,Manchester United,Manchester United,England,England Premier League,2015/2016,22000000
514806,Daley Sinkgraven,8593,245,Ajax,Ajax,Netherlands,Netherlands Eredivisie,2015/2016,2500000
12320,Dalibor Pleva,177361,2000005,Termalica Bruk-Bet Nieciecza,Termalica Bruk-Bet Nieciecza,Poland,Poland Ekstraklasa,2015/2016,150000
77813,Dalibor Veselinovic,8203,110724,KV Mechelen,KV Mechelen,Belgium,Belgium Jupiler League,2015/2016,600000
101969,Dame N'Doye,8472,106,Sunderland,Sunderland,England,England Premier League,2015/2016,3000000
433760,Damian Ciechanowski,8027,112512,Zawisza Bydgoszcz,Zawisza Bydgoszcz,Poland,Poland Ekstraklasa,2014/2015,150000
196238,Damian Dabrowski,2186,110747,Cracovia,Cracovia,Poland,Poland Ekstraklasa,2015/2016,650000
429845,Damian Garbacik,8030,111091,Lechia Gdańsk,Lechia Gdańsk,Poland,Poland Ekstraklasa,2014/2015,100000
309892,Damian Jakubik,8019,110565,Górnik Łęczna,Górnik Łęczna,Poland,Poland Ekstraklasa,2015/2016,150000
195335,Damian Suarez,8305,1860,Getafe CF,Getafe CF,Spain,Spain LIGA BBVA,2015/2016,2000000
465828,Damian Szymanski,8569,110744,GKS Bełchatów,GKS Bełchatów,Poland,Poland Ekstraklasa,2014/2015,150000
208315,Damian Zbozien,8021,110749,Zagłębie Lubin,Zagłębie Lubin,Poland,Poland Ekstraklasa,2015/2016,200000
46726,Damien Da Silva,7819,210,SM Caen,SM Caen,France,France Ligue 1,2015/2016,3500000
23030,Damien Delaney,9826,1799,Crystal Palace,Crystal Palace,England,England Premier League,2015/2016,1500000
473859,Damien Dussaut,9997,680,Sint-Truidense VV,Sint-Truidense VV,Belgium,Belgium Jupiler League,2015/2016,500000
93347,Damien Marcq,9986,670,Sporting Charleroi,Sporting Charleroi,Belgium,Belgium Jupiler League,2015/2016,1200000
40701,Damien Plessis,10212,1893,CS Marítimo,CS Marítimo,Portugal,Portugal Liga ZON Sagres,2015/2016,350000
196186,Damjan Djokovic,6391,110316,GFC Ajaccio,GFC Ajaccio,France,France Ligue 1,2015/2016,900000
46810,Dan Gosling,8678,1943,Bournemouth,Bournemouth,England,England Premier League,2015/2016,3000000
299380,Dan Twardzik,9927,83,Motherwell,Motherwell,Scotland,Scotland Premier League,2014/2015,150000
183497,Dani Castellano,8306,472,UD Las Palmas,UD Las Palmas,Spain,Spain LIGA BBVA,2015/2016,2000000
433311,Dani Garcia,8372,467,SD Eibar,SD Eibar,Spain,Spain LIGA BBVA,2015/2016,4000000
580704,Dani Ndi,9869,459,Real Sporting de Gijón,Real Sporting de Gijón,Spain,Spain LIGA BBVA,2015/2016,700000
280528,Dani Nieto,8372,467,SD Eibar,SD Eibar,Spain,Spain LIGA BBVA,2014/2015,750000
174634,Dani Schahin,8358,25,SC Freiburg,SC Freiburg,Germany,Germany 1. Bundesliga,2014/2015,400000
33988,Daniel Alves,8634,241,FC Barcelona,FC Barcelona,Spain,Spain LIGA BBVA,2015/2016,7500000
436036,Daniel Amartey,8197,95,Leicester City,Leicester City,England,England Premier League,2015/2016,5000000
37319,Daniel Baier,8406,100409,FC Augsburg,FC Augsburg,Germany,Germany 1. Bundesliga,2015/2016,2000000
94915,Daniel Brosinski,9905,169,1. FSV Mainz 05,1. FSV Mainz 05,Germany,Germany 1. Bundesliga,2015/2016,2500000
35828,Daniel Brueckner,8460,10030,SC Paderborn 07,SC Paderborn 07,Germany,Germany 1. Bundesliga,2014/2015,200000
188498,Daniel Caligiuri,8721,175,VfL Wolfsburg,VfL Wolfsburg,Germany,Germany 1. Bundesliga,2015/2016,6500000
40957,Daniel Candeias,7878,110832,Granada CF,Granada CF,Spain,Spain LIGA BBVA,2014/2015,1000000
40940,Daniel Carrico,8302,481,Sevilla FC,Sevilla FC,Spain,Spain LIGA BBVA,2015/2016,6000000
282674,Daniel Carvajal,8633,243,Real Madrid CF,Real Madrid CF,Spain,Spain LIGA BBVA,2015/2016,25000000
531629,Daniel Ceballos,8603,449,Real Betis Balompié,Real Betis Balompié,Spain,Spain LIGA BBVA,2015/2016,6000000
42052,Daniel Ciofani,9891,111657,Frosinone,Frosinone,Italy,Italy Serie A,2015/2016,1400000
26399,Daniel Congre,10249,70,Montpellier Hérault SC,Montpellier Hérault SC,France,France Ligue 1,2015/2016,1000000
177698,Daniel Davari,9776,110500,Eintracht Braunschweig,Eintracht Braunschweig,Germany,Germany 1. Bundesliga,2014/2015,350000
432389,Daniel De Silva,9803,1902,Roda JC Kerkrade,Roda JC Kerkrade,Netherlands,Netherlands Eredivisie,2015/2016,500000
141145,Daniel Didavi,10269,36,VfB Stuttgart,VfB Stuttgart,Germany,Germany 1. Bundesliga,2015/2016,7000000
282168,Daniel Dziwniel,10190,898,FC St. Gallen,FC St. Gallen,Switzerland,Switzerland Super League,2014/2015,450000
535957,Daniel Follonier,10179,110770,FC Sion,FC Sion,Switzerland,Switzerland Super League,2015/2016,750000
196126,Daniel Gimenez,8603,449,Real Betis Balompié,Real Betis Balompié,Spain,Spain LIGA BBVA,2015/2016,400000
177720,Daniel Ginczek,10269,36,VfB Stuttgart,VfB Stuttgart,Germany,Germany 1. Bundesliga,2015/2016,3000000
38759,Daniel Graham,8472,106,Sunderland,Sunderland,England,England Premier League,2015/2016,1500000
24138,Daniel Halfar,8722,31,1. FC Köln,1. FC Köln,Germany,Germany 1. Bundesliga,2014/2015,1000000
172768,Daniel Hoeegh,9931,896,FC Basel,FC Basel,Switzerland,Switzerland Super League,2015/2016,750000
256968,Daniel Kaufmann,9824,286,FC Vaduz,FC Vaduz,Switzerland,Switzerland Super League,2015/2016,300000
42231,Daniel Lopar,10190,898,FC St. Gallen,FC St. Gallen,Switzerland,Switzerland Super League,2015/2016,750000
388793,Daniel Lopez,8066,620,Inverness Caledonian Thistle,Inverness Caledonian Thistle,Scotland,Scotland Premier League,2015/2016,100000
277935,Daniel Lukasik,8030,111091,Lechia Gdańsk,Lechia Gdańsk,Poland,Poland Ekstraklasa,2015/2016,400000
157249,Daniel Mojsov,9989,239,Lierse SK,Lierse SK,Belgium,Belgium Jupiler League,2014/2015,600000
111858,Daniel Opare,8406,100409,FC Augsburg,FC Augsburg,Germany,Germany 1. Bundesliga,2015/2016,1500000
75307,Daniel Parejo,10267,461,Valencia CF,Valencia CF,Spain,Spain LIGA BBVA,2015/2016,18000000
114664,Daniel Pavlovic,9891,111657,Frosinone,Frosinone,Italy,Italy Serie A,2015/2016,800000
522576,Daniel Pinillos,7869,1867,Córdoba CF,Córdoba CF,Spain,Spain LIGA BBVA,2014/2015,300000
282295,Daniel Redmond,8429,184,Hamilton Academical FC,Hamilton Academical FC,Scotland,Scotland Premier League,2015/2016,200000
97734,Daniel Schwaab,10269,36,VfB Stuttgart,VfB Stuttgart,Germany,Germany 1. Bundesliga,2015/2016,1500000
32088,Daniel Seaborne,8426,1754,Partick Thistle F.C.,Partick Thistle F.C.,Scotland,Scotland Premier League,2015/2016,300000
27371,Daniel Sikorski,10190,898,FC St. Gallen,FC St. Gallen,Switzerland,Switzerland Super League,2014/2015,200000
51553,Daniel Sturridge,8650,9,Liverpool,Liverpool,England,England Premier League,2015/2016,25000000
74169,Daniel Wass,9910,450,RC Celta de Vigo,RC Celta de Vigo,Spain,Spain LIGA BBVA,2015/2016,10000000
195413,Daniele Baselli,9804,54,Torino,Torino,Italy,Italy Serie A,2015/2016,6500000
34952,Daniele Bonera,10205,483,Villarreal CF,Villarreal CF,Spain,Spain LIGA BBVA,2015/2016,500000
41536,Daniele Capelli,9880,110915,Cesena,Cesena,Italy,Italy Serie A,2014/2015,350000
24405,Daniele Conti,8529,1842,Cagliari,Cagliari,Italy,Italy Serie A,2014/2015,300000
41540,Daniele Croce,8534,1746,Empoli,Empoli,Italy,Italy Serie A,2015/2016,500000
30682,Daniele De Rossi,8686,52,Roma,Roma,Italy,Italy Serie A,2015/2016,5000000
27672,Daniele Dessena,8529,1842,Cagliari,Cagliari,Italy,Italy Serie A,2014/2015,1700000
37541,Daniele Galloppa,10167,50,Parma,Parma,Italy,Italy Serie A,2014/2015,250000
24793,Daniele Gastaldello,9857,189,Bologna,Bologna,Italy,Italy Serie A,2015/2016,1000000
42692,Daniele Padelli,9804,54,Torino,Torino,Italy,Italy Serie A,2015/2016,1200000
358155,Daniele Rugani,9885,45,Juventus,Juventus,Italy,Italy Serie A,2015/2016,13000000
67298,Daniele Russo,10190,898,FC St. Gallen,FC St. Gallen,Switzerland,Switzerland Super League,2014/2015,200000
585237,Daniele Verde,9891,111657,Frosinone,Frosinone,Italy,Italy Serie A,2015/2016,900000
11863,Danielson,8348,1900,Moreirense FC,Moreirense FC,Portugal,Portugal Liga ZON Sagres,2015/2016,50000
119839,Danijel Aleksic,10190,898,FC St. Gallen,FC St. Gallen,Switzerland,Switzerland Super League,2015/2016,1250000
25751,Danijel Milicevic,9991,674,KAA Gent,KAA Gent,Belgium,Belgium Jupiler League,2015/2016,3500000
115184,Danijel Subasic,9829,69,AS Monaco,AS Monaco,France,France Ligue 1,2015/2016,5000000
19249,Danilo,8600,55,Udinese,Udinese,Italy,Italy Serie A,2015/2016,3500000
208077,Danilo,8633,243,Real Madrid CF,Real Madrid CF,Spain,Spain LIGA BBVA,2015/2016,18000000
570432,Danilo,10267,461,Valencia CF,Valencia CF,Spain,Spain LIGA BBVA,2015/2016,7000000
362120,Danilo Cataldi,8543,46,Lazio,Lazio,Italy,Italy Serie A,2015/2016,6500000
130155,Danilo D'Ambrosio,8636,44,Inter,Inter,Italy,Italy Serie A,2015/2016,8000000
209312,Danilo Dias,6367,2000001,Uniao da Madeira,Uniao da Madeira,Portugal,Portugal Liga ZON Sagres,2015/2016,500000
210704,Danilo Fernando Avelar,9804,54,Torino,Torino,Italy,Italy Serie A,2015/2016,2300000
240235,Danilo Pereira,9773,236,FC Porto,FC Porto,Portugal,Portugal Liga ZON Sagres,2015/2016,14000000
207039,Danilo Soares,8234,111239,FC Ingolstadt 04,FC Ingolstadt 04,Germany,Germany 1. Bundesliga,2015/2016,500000
27708,Danilo Soddimo,9891,111657,Frosinone,Frosinone,Italy,Italy Serie A,2015/2016,1100000
417818,Danny Bakker,10217,650,ADO Den Haag,ADO Den Haag,Netherlands,Netherlands Eredivisie,2015/2016,850000
240537,Danny da Costa,8234,111239,FC Ingolstadt 04,FC Ingolstadt 04,Germany,Germany 1. Bundesliga,2015/2016,1750000
173317,Danny Drinkwater,8197,95,Leicester City,Leicester City,England,England Premier League,2015/2016,10000000
143512,Danny Hoesen,8674,1915,FC Groningen,FC Groningen,Netherlands,Netherlands Eredivisie,2015/2016,800000
214426,Danny Ings,8650,9,Liverpool,Liverpool,England,England Premier League,2015/2016,12000000
162679,Danny Latza,9905,169,1. FSV Mainz 05,1. FSV Mainz 05,Germany,Germany 1. Bundesliga,2015/2016,3000000
46353,Danny Rose,8586,18,Tottenham Hotspur,Tottenham Hotspur,England,England Premier League,2015/2016,14000000
49571,Danny Simpson,8197,95,Leicester City,Leicester City,England,England Premier League,2015/2016,5000000
163165,Danny Verbeek,9908,1903,FC Utrecht,FC Utrecht,Netherlands,Netherlands Eredivisie,2014/2015,350000
254472,Danny Ward,8650,9,Liverpool,Liverpool,England,England Premier League,2015/2016,1500000
113836,Danny Welbeck,9825,1,Arsenal,Arsenal,England,England Premier League,2015/2016,17000000
469296,Danny Williams,8066,620,Inverness Caledonian Thistle,Inverness Caledonian Thistle,Scotland,Scotland Premier League,2015/2016,250000
38432,Dante,8721,175,VfL Wolfsburg,VfL Wolfsburg,Germany,Germany 1. Bundesliga,2015/2016,2000000
520798,Dany da Silva,10179,110770,FC Sion,FC Sion,Switzerland,Switzerland Super League,2014/2015,200000
179522,Dany Nounkeu,4087,111271,Évian Thonon Gaillard FC,Évian Thonon Gaillard FC,France,France Ligue 1,2014/2015,1100000
355744,Darian MacKinnon,8429,184,Hamilton Academical FC,Hamilton Academical FC,Scotland,Scotland Premier League,2015/2016,300000
18734,Dario Cvitanich,9831,72,OGC Nice,OGC Nice,France,France Ligue 1,2014/2015,1000000
39304,Dario Dainelli,8533,192,Chievo Verona,Chievo Verona,Italy,Italy Serie A,2015/2016,200000
133201,Dario Dumic,8464,1910,N.E.C.,N.E.C.,Netherlands,Netherlands Eredivisie,2015/2016,1000000
29529,Dario Kresic,8178,32,Bayer 04 Leverkusen,Bayer 04 Leverkusen,Germany,Germany 1. Bundesliga,2015/2016,150000
104646,Dario Lezcano,8234,111239,FC Ingolstadt 04,FC Ingolstadt 04,Germany,Germany 1. Bundesliga,2015/2016,3500000
460004,Dario Melnjak,9994,2007,Sporting Lokeren,Sporting Lokeren,Belgium,Belgium Jupiler League,2015/2016,400000
47155,Dario Vidosic,10179,110770,FC Sion,FC Sion,Switzerland,Switzerland Super League,2014/2015,850000
158278,Dario Vujicevic,9791,100634,Heracles Almelo,Heracles Almelo,Netherlands,Netherlands Eredivisie,2015/2016,500000
687687,Dario Zanatta,9860,80,Heart of Midlothian,Heart of Midlothian,Scotland,Scotland Premier League,2015/2016,100000
30977,Dariusz Dudka,2182,873,Lech Poznań,Lech Poznań,Poland,Poland Ekstraklasa,2015/2016,150000
355434,Dariusz Formella,2182,873,Lech Poznań,Lech Poznań,Poland,Poland Ekstraklasa,2015/2016,350000
68836,Dariusz Jarecki,177361,2000005,Termalica Bruk-Bet Nieciecza,Termalica Bruk-Bet Nieciecza,Poland,Poland Ekstraklasa,2015/2016,50000
69328,Dariusz Kolodziej,8033,111087,Podbeskidzie Bielsko-Biała,Podbeskidzie Bielsko-Biała,Poland,Poland Ekstraklasa,2015/2016,50000
309050,Dariusz Trela,8245,111083,Korona Kielce,Korona Kielce,Poland,Poland Ekstraklasa,2015/2016,250000
357288,Dariusz Zjawinski,2186,110747,Cracovia,Cracovia,Poland,Poland Ekstraklasa,2015/2016,150000
164695,Darko Bodul,9938,181,Dundee United,Dundee United,Scotland,Scotland Premier League,2015/2016,500000
304855,Darko Jevtic,2182,873,Lech Poznań,Lech Poznań,Poland,Poland Ekstraklasa,2015/2016,700000
119014,Darko Lazovic,10233,110556,Genoa,Genoa,Italy,Italy Serie A,2015/2016,2000000
449205,Darnell Fisher,8467,100804,St. Johnstone FC,St. Johnstone FC,Scotland,Scotland Premier League,2015/2016,400000
609733,Darnell Furlong,10172,15,Queens Park Rangers,Queens Park Rangers,England,England Premier League,2014/2015,100000
24148,Darren Fletcher,8659,109,West Bromwich Albion,West Bromwich Albion,England,England Premier League,2015/2016,2000000
206592,Darren Keet,8571,100081,KV Kortrijk,KV Kortrijk,Belgium,Belgium Jupiler League,2015/2016,800000
445515,Darren Lyon,8429,184,Hamilton Academical FC,Hamilton Academical FC,Scotland,Scotland Premier League,2015/2016,100000
32449,Darren O'Dea,8284,180,Dundee FC,Dundee FC,Scotland,Scotland Premier League,2015/2016,500000
37780,Darren Randolph,8654,19,West Ham United,West Ham United,England,England Premier League,2015/2016,1500000
638613,Darren Rosheuvel,9908,1903,FC Utrecht,FC Utrecht,Netherlands,Netherlands Eredivisie,2015/2016,150000
24156,Darron Gibson,8668,7,Everton,Everton,England,England Premier League,2015/2016,1500000
158841,Darryl Lachman,7788,647,SC Cambuur,SC Cambuur,Netherlands,Netherlands Eredivisie,2015/2016,800000
181258,Darryl Westlake,8597,82,Kilmarnock,Kilmarnock,Scotland,Scotland Premier League,2015/2016,150000
244904,Darwin Andrade,9985,232,Standard de Liège,Standard de Liège,Belgium,Belgium Jupiler League,2015/2016,1000000
289278,Darwin Machis,7878,110832,Granada CF,Granada CF,Spain,Spain LIGA BBVA,2014/2015,800000
104482,Daryl Janmaat,10261,13,Newcastle United,Newcastle United,England,England Premier League,2015/2016,7500000
277609,Daryl van Mieghem,10218,1971,Excelsior,Excelsior,Netherlands,Netherlands Eredivisie,2015/2016,600000
447413,Daryl Werker,9803,1902,Roda JC Kerkrade,Roda JC Kerkrade,Netherlands,Netherlands Eredivisie,2015/2016,100000
354792,Daryll Meggatt,8284,180,Dundee FC,Dundee FC,Scotland,Scotland Premier League,2015/2016,200000
18904,David Abraham,9810,1824,Eintracht Frankfurt,Eintracht Frankfurt,Germany,Germany 1. Bundesliga,2015/2016,3500000
139922,David Addy,8475,110913,Waasland-Beveren,Waasland-Beveren,Belgium,Belgium Jupiler League,2014/2015,500000
121633,David Alaba,9823,21,FC Bayern Munich,FC Bayern Munich,Germany,Germany 1. Bundesliga,2015/2016,45000000
212715,David Amoo,8426,1754,Partick Thistle F.C.,Partick Thistle F.C.,Scotland,Scotland Premier League,2015/2016,150000
41294,David Barral,7878,110832,Granada CF,Granada CF,Spain,Spain LIGA BBVA,2015/2016,800000
150320,David Caiado,7844,1887,Vitória Guimarães,Vitória Guimarães,Portugal,Portugal Liga ZON Sagres,2014/2015,300000
32829,David Clarkson,8284,180,Dundee FC,Dundee FC,Scotland,Scotland Premier League,2014/2015,225000
37456,David Cobeno,8370,480,Rayo Vallecano,Rayo Vallecano,Spain,Spain LIGA BBVA,2014/2015,200000
479217,David Costas,9910,450,RC Celta de Vigo,RC Celta de Vigo,Spain,Spain LIGA BBVA,2014/2015,1000000
41722,David Da Costa,10243,894,FC Zürich,FC Zürich,Switzerland,Switzerland Super League,2014/2015,500000
182917,David De Gea,10260,11,Manchester United,Manchester United,England,England Premier League,2015/2016,40000000
178291,David Destorme,8475,110913,Waasland-Beveren,Waasland-Beveren,Belgium,Belgium Jupiler League,2014/2015,150000
41216,David Ducourtioux,6391,110316,GFC Ajaccio,GFC Ajaccio,France,France Ligue 1,2015/2016,250000
74991,David Garcia,8306,472,UD Las Palmas,UD Las Palmas,Spain,Spain LIGA BBVA,2015/2016,300000
528873,David Goldar,9910,450,RC Celta de Vigo,RC Celta de Vigo,Spain,Spain LIGA BBVA,2015/2016,250000
32465,David Goodwillie,8649,631,Ross County FC,Ross County FC,Scotland,Scotland Premier League,2015/2016,450000
473937,David Holman,2182,873,Lech Poznań,Lech Poznań,Poland,Poland Ekstraklasa,2015/2016,250000
104411,David Hubert,274581,2000004,Royal Excel Mouscron,Royal Excel Mouscron,Belgium,Belgium Jupiler League,2015/2016,600000
610668,David Ivan,9882,1837,Sampdoria,Sampdoria,Italy,Italy Serie A,2015/2016,1900000
25415,David Jones,8191,1796,Burnley,Burnley,England,England Premier League,2014/2015,2000000
246218,David Junca,8372,467,SD Eibar,SD Eibar,Spain,Spain LIGA BBVA,2015/2016,3000000
553597,David Kinsombi,9810,1824,Eintracht Frankfurt,Eintracht Frankfurt,Germany,Germany 1. Bundesliga,2015/2016,350000
108572,David Lomban,7878,110832,Granada CF,Granada CF,Spain,Spain LIGA BBVA,2015/2016,3000000
215584,David Lopez,9875,48,Napoli,Napoli,Italy,Italy Serie A,2015/2016,6500000
52133,David Luiz,9847,73,Paris Saint-Germain,Paris Saint-Germain,France,France Ligue 1,2015/2016,30000000
21645,David Meul,8525,1907,Willem II,Willem II,Netherlands,Netherlands Eredivisie,2014/2015,300000
131583,David Meyler,8667,1952,Hull City,Hull City,England,England Premier League,2014/2015,2500000
166768,David Mitchell,8284,180,Dundee FC,Dundee FC,Scotland,Scotland Premier League,2015/2016,50000
30276,David Navarro,8581,1853,Levante UD,Levante UD,Spain,Spain LIGA BBVA,2015/2016,100000
41175,David Ngog,9837,379,Stade de Reims,Stade de Reims,France,France Ligue 1,2015/2016,800000
23190,David Nugent,8197,95,Leicester City,Leicester City,England,England Premier League,2014/2015,3500000
50065,David Ospina,9825,1,Arsenal,Arsenal,England,England Premier League,2015/2016,8000000
37545,David Pizarro,8535,110374,Fiorentina,Fiorentina,Italy,Italy Serie A,2014/2015,300000
79247,David Pollet,9986,670,Sporting Charleroi,Sporting Charleroi,Belgium,Belgium Jupiler League,2015/2016,800000
34259,David Raven,8066,620,Inverness Caledonian Thistle,Inverness Caledonian Thistle,Scotland,Scotland Premier League,2015/2016,350000
30918,David Rozehnal,8573,682,KV Oostende,KV Oostende,Belgium,Belgium Jupiler League,2015/2016,300000
37459,David Silva,8456,10,Manchester City,Manchester City,England,England Premier League,2015/2016,33000000
115512,David Simao,158085,112513,FC Arouca,FC Arouca,Portugal,Portugal Liga ZON Sagres,2015/2016,1500000
607134,David Syme,8597,82,Kilmarnock,Kilmarnock,Scotland,Scotland Premier League,2015/2016,50000
131404,David Vandenbroeck,1773,100087,Oud-Heverlee Leuven,Oud-Heverlee Leuven,Belgium,Belgium Jupiler League,2015/2016,200000
308936,David Wilson,8426,1754,Partick Thistle F.C.,Partick Thistle F.C.,Scotland,Scotland Premier League,2015/2016,100000
42276,David Zibung,10199,897,FC Luzern,FC Luzern,Switzerland,Switzerland Super League,2015/2016,400000
99047,David Zurutuza,8560,457,Real Sociedad,Real Sociedad,Spain,Spain LIGA BBVA,2015/2016,2500000
103266,Davide Astori,8535,110374,Fiorentina,Fiorentina,Italy,Italy Serie A,2015/2016,8000000
39294,Davide Bassi,8524,39,Atalanta,Atalanta,Italy,Italy Serie A,2015/2016,700000
201617,Davide Bertoncini,9891,111657,Frosinone,Frosinone,Italy,Italy Serie A,2015/2016,100000
39222,Davide Biondini,7943,111974,Sassuolo,Sassuolo,Italy,Italy Serie A,2015/2016,500000
24500,Davide Brivio,8524,39,Atalanta,Atalanta,Italy,Italy Serie A,2015/2016,1300000
612755,Davide Calabria,8564,47,Milan,Milan,Italy,Italy Serie A,2015/2016,2500000
25794,Davide Calla,9931,896,FC Basel,FC Basel,Switzerland,Switzerland Super League,2015/2016,750000
42262,Davide Chiumiento,10243,894,FC Zürich,FC Zürich,Switzerland,Switzerland Super League,2015/2016,250000
150466,Davide Santon,8636,44,Inter,Inter,Italy,Italy Serie A,2015/2016,6000000
244811,Davide Zappacosta,9804,54,Torino,Torino,Italy,Italy Serie A,2015/2016,4500000
501568,Davie Selke,8697,38,SV Werder Bremen,SV Werder Bremen,Germany,Germany 1. Bundesliga,2014/2015,4000000
37937,Davino Verhulst,9994,2007,Sporting Lokeren,Sporting Lokeren,Belgium,Belgium Jupiler League,2015/2016,800000
41005,Davy de Fauw,8342,231,Club Brugge KV,Club Brugge KV,Belgium,Belgium Jupiler League,2015/2016,200000
298448,Davy Klaassen,8593,245,Ajax,Ajax,Netherlands,Netherlands Eredivisie,2015/2016,15000000
178765,Davy Proepper,8640,247,PSV,PSV,Netherlands,Netherlands Eredivisie,2015/2016,9000000
245599,Davy Roef,8635,229,RSC Anderlecht,RSC Anderlecht,Belgium,Belgium Jupiler League,2014/2015,2000000
502543,Dawid Kownacki,2182,873,Lech Poznań,Lech Poznań,Poland,Poland Ekstraklasa,2015/2016,1000000
463806,Dawid Kudla,8023,110746,Pogoń Szczecin,Pogoń Szczecin,Poland,Poland Ekstraklasa,2015/2016,150000
13538,Dawid Plizga,177361,2000005,Termalica Bruk-Bet Nieciecza,Termalica Bruk-Bet Nieciecza,Poland,Poland Ekstraklasa,2015/2016,200000
13557,Dawid Soldecki,177361,2000005,Termalica Bruk-Bet Nieciecza,Termalica Bruk-Bet Nieciecza,Poland,Poland Ekstraklasa,2015/2016,300000
23114,Dean Brill,8066,620,Inverness Caledonian Thistle,Inverness Caledonian Thistle,Scotland,Scotland Premier League,2014/2015,300000
22894,Dean Hammond,8197,95,Leicester City,Leicester City,England,England Premier League,2014/2015,500000
467027,Dean Koolhof,8526,635,De Graafschap,De Graafschap,Netherlands,Netherlands Eredivisie,2015/2016,250000
34437,Dean Marney,8191,1796,Burnley,Burnley,England,England Premier League,2014/2015,1000000
432040,DeAndre Yedlin,8472,106,Sunderland,Sunderland,England,England Premier League,2015/2016,4000000
263676,Declan McDaid,8426,1754,Partick Thistle F.C.,Partick Thistle F.C.,Scotland,Scotland Premier League,2015/2016,50000
127712,Declan Rudd,9850,1792,Norwich City,Norwich City,England,England Premier League,2015/2016,2000000
191616,Dedryck Boyata,9925,78,Celtic,Celtic,Scotland,Scotland Premier League,2015/2016,1750000
309537,Deivid,7869,1867,Córdoba CF,Córdoba CF,Spain,Spain LIGA BBVA,2014/2015,1500000
496054,Dejan Drazic,9910,450,RC Celta de Vigo,RC Celta de Vigo,Spain,Spain LIGA BBVA,2015/2016,800000
308309,Dejan Janjatovic,9824,286,FC Vaduz,FC Vaduz,Switzerland,Switzerland Super League,2015/2016,500000
161662,Dejan Lazarevic,7943,111974,Sassuolo,Sassuolo,Italy,Italy Serie A,2014/2015,1700000
179009,Dejan Lekic,8372,467,SD Eibar,SD Eibar,Spain,Spain LIGA BBVA,2014/2015,700000
114268,Dejan Lovren,8650,9,Liverpool,Liverpool,England,England Premier League,2015/2016,15000000
249225,Dejan Meleg,7788,647,SC Cambuur,SC Cambuur,Netherlands,Netherlands Eredivisie,2014/2015,1000000
363333,Dele Alli,8586,18,Tottenham Hotspur,Tottenham Hotspur,England,England Premier League,2015/2016,20000000
210978,Deleu,2186,110747,Cracovia,Cracovia,Poland,Poland Ekstraklasa,2015/2016,200000
492586,Demarai Gray,8197,95,Leicester City,Leicester City,England,England Premier League,2015/2016,6000000
27573,Deme N'Diaye,8588,64,RC Lens,RC Lens,France,France Ligue 1,2014/2015,250000
26450,Demy de Zeeuw,9761,1904,NAC Breda,NAC Breda,Netherlands,Netherlands Eredivisie,2014/2015,700000
512730,Deni Milosevic,8475,110913,Waasland-Beveren,Waasland-Beveren,Belgium,Belgium Jupiler League,2015/2016,500000
664962,Denis Bouanga,8689,217,FC Lorient,FC Lorient,France,France Ligue 1,2015/2016,400000
359197,Denis Cheryshev,10267,461,Valencia CF,Valencia CF,Spain,Spain LIGA BBVA,2015/2016,7000000
149150,Denis Odoi,9994,2007,Sporting Lokeren,Sporting Lokeren,Belgium,Belgium Jupiler League,2015/2016,1250000
155639,Denis Oliynyk,8277,1909,Vitesse,Vitesse,Netherlands,Netherlands Eredivisie,2015/2016,900000
79248,Denis Petric,8121,1530,Angers SCO,Angers SCO,France,France Ligue 1,2015/2016,1500000
166717,Denis Popovic,10265,1873,Wisła Kraków,Wisła Kraków,Poland,Poland Ekstraklasa,2015/2016,250000
282281,Denis Suarez,10205,483,Villarreal CF,Villarreal CF,Spain,Spain LIGA BBVA,2015/2016,15000000
212870,Denis Thomalla,2182,873,Lech Poznań,Lech Poznań,Poland,Poland Ekstraklasa,2015/2016,500000
598355,Denis Zakaria,10192,900,BSC Young Boys,BSC Young Boys,Switzerland,Switzerland Super League,2015/2016,4000000
208743,Deniss Rakels,2186,110747,Cracovia,Cracovia,Poland,Poland Ekstraklasa,2015/2016,850000
614163,Deniz Hummet,10242,294,ES Troyes AC,ES Troyes AC,France,France Ligue 1,2015/2016,150000
352023,Deniz Tueruec,6433,100632,Go Ahead Eagles,Go Ahead Eagles,Netherlands,Netherlands Eredivisie,2014/2015,1500000
521280,Dennes de Kegel,9984,1750,KSV Cercle Brugge,KSV Cercle Brugge,Belgium,Belgium Jupiler League,2014/2015,300000
39940,Denni Avdic,9791,100634,Heracles Almelo,Heracles Almelo,Netherlands,Netherlands Eredivisie,2014/2015,300000
33338,Dennis Aogo,10189,34,FC Schalke 04,FC Schalke 04,Germany,Germany 1. Bundesliga,2015/2016,3500000
210126,Dennis Appiah,7819,210,SM Caen,SM Caen,France,France Ligue 1,2015/2016,3000000
141113,Dennis Diekmeier,9790,28,Hamburger SV,Hamburger SV,Germany,Germany 1. Bundesliga,2015/2016,1750000
133126,Dennis Hediger,10191,1715,FC Thun,FC Thun,Switzerland,Switzerland Super League,2015/2016,750000
282012,Dennis Praet,8635,229,RSC Anderlecht,RSC Anderlecht,Belgium,Belgium Jupiler League,2015/2016,9000000
150217,Dennis Telgenkamp,9791,100634,Heracles Almelo,Heracles Almelo,Netherlands,Netherlands Eredivisie,2014/2015,250000
725718,Dennis van der Heijden,10217,650,ADO Den Haag,ADO Den Haag,Netherlands,Netherlands Eredivisie,2015/2016,300000
478987,Derley,10212,1893,CS Marítimo,CS Marítimo,Portugal,Portugal Liga ZON Sagres,2014/2015,2000000
68552,Derlis Gonzalez,9931,896,FC Basel,FC Basel,Switzerland,Switzerland Super League,2014/2015,9000000
562801,Derrick Luckassen,10229,1906,AZ,AZ,Netherlands,Netherlands Eredivisie,2015/2016,1000000
166675,Derrick Tshimanga,9987,673,KRC Genk,KRC Genk,Belgium,Belgium Jupiler League,2015/2016,1000000
602836,Desevio Payne,8674,1915,FC Groningen,FC Groningen,Netherlands,Netherlands Eredivisie,2015/2016,400000
476769,Deyverson,8581,1853,Levante UD,Levante UD,Spain,Spain LIGA BBVA,2015/2016,3500000
267680,Deyvison,10212,1893,CS Marítimo,CS Marítimo,Portugal,Portugal Liga ZON Sagres,2015/2016,600000
192899,Diafra Sakho,8654,19,West Ham United,West Ham United,England,England Premier League,2015/2016,12000000
292773,Dico Koppers,8525,1907,Willem II,Willem II,Netherlands,Netherlands Eredivisie,2015/2016,400000
163971,Didac Vila,8372,467,SD Eibar,SD Eibar,Spain,Spain LIGA BBVA,2014/2015,1250000
33128,Didier Digard,8603,449,Real Betis Balompié,Real Betis Balompié,Spain,Spain LIGA BBVA,2015/2016,1500000
30822,Didier Drogba,8455,5,Chelsea,Chelsea,England,England Premier League,2014/2015,1000000
47357,Didier Konan Ya,9904,485,Hannover 96,Hannover 96,Germany,Germany 1. Bundesliga,2014/2015,450000
107806,Didier Ovono,8573,682,KV Oostende,KV Oostende,Belgium,Belgium Jupiler League,2015/2016,500000
5710,Diederik Boer,8593,245,Ajax,Ajax,Netherlands,Netherlands Eredivisie,2015/2016,600000
96613,Diego Alves,10267,461,Valencia CF,Valencia CF,Spain,Spain LIGA BBVA,2015/2016,6000000
30820,Diego Benaglio,8721,175,VfL Wolfsburg,VfL Wolfsburg,Germany,Germany 1. Bundesliga,2015/2016,2000000
38139,Diego Capel,10233,110556,Genoa,Genoa,Italy,Italy Serie A,2015/2016,1200000
570434,Diego Carlos,7842,10020,Estoril Praia,Estoril Praia,Portugal,Portugal Liga ZON Sagres,2015/2016,2000000
24383,Diego Castro,8305,1860,Getafe CF,Getafe CF,Spain,Spain LIGA BBVA,2014/2015,1500000
56868,Diego Ciccone,9824,286,FC Vaduz,FC Vaduz,Switzerland,Switzerland Super League,2015/2016,500000
161396,Diego Contento,9827,59,Girondins de Bordeaux,Girondins de Bordeaux,France,France Ligue 1,2015/2016,2250000
19243,Diego Costa,8455,5,Chelsea,Chelsea,England,England Premier League,2015/2016,45000000
70891,Diego Daniel Colotto,8558,452,RCD Espanyol,RCD Espanyol,Spain,Spain LIGA BBVA,2014/2015,250000
183059,Diego Falcinelli,7943,111974,Sassuolo,Sassuolo,Italy,Italy Serie A,2015/2016,1100000
150395,Diego Farias,8529,1842,Cagliari,Cagliari,Italy,Italy Serie A,2014/2015,3800000
303227,Diego Galo,6367,2000001,Uniao da Madeira,Uniao da Madeira,Portugal,Portugal Liga ZON Sagres,2015/2016,400000
56678,Diego Godin,9906,240,Atlético Madrid,Atlético Madrid,Spain,Spain LIGA BBVA,2015/2016,40000000
684723,Diego Gonzalez,8302,481,Sevilla FC,Sevilla FC,Spain,Spain LIGA BBVA,2015/2016,1000000
429988,Diego Laxalt,10233,110556,Genoa,Genoa,Italy,Italy Serie A,2015/2016,5500000
305968,Diego Lima,8613,1898,Boavista FC,Boavista FC,Portugal,Portugal Liga ZON Sagres,2015/2016,250000
420568,Diego Llorente,8370,480,Rayo Vallecano,Rayo Vallecano,Spain,Spain LIGA BBVA,2015/2016,4000000
361778,Diego Lopes,7841,744,Rio Ave FC,Rio Ave FC,Portugal,Portugal Liga ZON Sagres,2014/2015,3000000
41466,Diego Lopez,8564,47,Milan,Milan,Italy,Italy Serie A,2015/2016,1500000
2752,Diego Mainz,7878,110832,Granada CF,Granada CF,Spain,Spain LIGA BBVA,2015/2016,1000000
213504,Diego Marino,8581,1853,Levante UD,Levante UD,Spain,Spain LIGA BBVA,2015/2016,1500000
203746,Diego Mauricio,10238,665,Vitória Setúbal,Vitória Setúbal,Portugal,Portugal Liga ZON Sagres,2014/2015,200000
184132,Diego Novaretti,8543,46,Lazio,Lazio,Italy,Italy Serie A,2014/2015,1000000
101422,Diego Perotti,8686,52,Roma,Roma,Italy,Italy Serie A,2015/2016,15000000
201111,Diego Reyes,8560,457,Real Sociedad,Real Sociedad,Spain,Spain LIGA BBVA,2015/2016,4000000
297579,Diego Rolan,9827,59,Girondins de Bordeaux,Girondins de Bordeaux,France,France Ligue 1,2015/2016,8000000
268283,Dieguinho,7842,10020,Estoril Praia,Estoril Praia,Portugal,Portugal Liga ZON Sagres,2015/2016,500000
38369,Dieumerci Mbokani,9850,1792,Norwich City,Norwich City,England,England Premier League,2015/2016,7000000
521204,Dieumerci Ndongala,9986,670,Sporting Charleroi,Sporting Charleroi,Belgium,Belgium Jupiler League,2015/2016,1700000
27430,Dimitar Berbatov,9829,69,AS Monaco,AS Monaco,France,France Ligue 1,2014/2015,1000000
478345,Dimitri Cavare,8588,64,RC Lens,RC Lens,France,France Ligue 1,2014/2015,1500000
261609,Dimitri Foulquier,7878,110832,Granada CF,Granada CF,Spain,Spain LIGA BBVA,2015/2016,2500000
277335,Dimitri Mohamed,274581,2000004,Royal Excel Mouscron,Royal Excel Mouscron,Belgium,Belgium Jupiler League,2015/2016,400000
25496,Dimitri Payet,8654,19,West Ham United,West Ham United,England,England Premier League,2015/2016,30000000
358937,Dimitrios Pelkas,10238,665,Vitória Setúbal,Vitória Setúbal,Portugal,Portugal Liga ZON Sagres,2014/2015,1500000
641168,Din Sula,1773,100087,Oud-Heverlee Leuven,Oud-Heverlee Leuven,Belgium,Belgium Jupiler League,2015/2016,200000
496648,Diney,10212,1893,CS Marítimo,CS Marítimo,Portugal,Portugal Liga ZON Sagres,2015/2016,100000
277848,Dino Arslanagic,9985,232,Standard de Liège,Standard de Liège,Belgium,Belgium Jupiler League,2015/2016,1200000
557587,Dino Islamovic,8674,1915,FC Groningen,FC Groningen,Netherlands,Netherlands Eredivisie,2014/2015,250000
154267,Diogo Amado,7842,10020,Estoril Praia,Estoril Praia,Portugal,Portugal Liga ZON Sagres,2015/2016,1500000
164105,Diogo Cunha,8348,1900,Moreirense FC,Moreirense FC,Portugal,Portugal Liga ZON Sagres,2014/2015,400000
242783,Diogo Figueiras,8302,481,Sevilla FC,Sevilla FC,Spain,Spain LIGA BBVA,2015/2016,2500000
570461,Diogo Jota,6403,1892,FC Paços de Ferreira,FC Paços de Ferreira,Portugal,Portugal Liga ZON Sagres,2015/2016,7000000
98374,Diogo Rosado,6403,1892,FC Paços de Ferreira,FC Paços de Ferreira,Portugal,Portugal Liga ZON Sagres,2014/2015,500000
208926,Diogo Salomao,9783,242,RC Deportivo de La Coruña,RC Deportivo de La Coruña,Spain,Spain LIGA BBVA,2014/2015,600000
40968,Diogo Valente,10215,1901,Académica de Coimbra,Académica de Coimbra,Portugal,Portugal Liga ZON Sagres,2014/2015,100000
98375,Diogo Viana,9764,1888,Gil Vicente FC,Gil Vicente FC,Portugal,Portugal Liga ZON Sagres,2014/2015,2200000
543969,Dion Cools,8342,231,Club Brugge KV,Club Brugge KV,Belgium,Belgium Jupiler League,2015/2016,650000
110184,Dion Malone,10217,650,ADO Den Haag,ADO Den Haag,Netherlands,Netherlands Eredivisie,2015/2016,750000
139898,Dirceu,10212,1893,CS Marítimo,CS Marítimo,Portugal,Portugal Liga ZON Sagres,2015/2016,700000
37139,Dirk Kuyt,10235,246,Feyenoord,Feyenoord,Netherlands,Netherlands Eredivisie,2015/2016,1500000
41165,Dirk Marcellis,6413,1914,PEC Zwolle,PEC Zwolle,Netherlands,Netherlands Eredivisie,2015/2016,900000
583417,Divine Naah,9761,1904,NAC Breda,NAC Breda,Netherlands,Netherlands Eredivisie,2014/2015,300000
426202,Divock Origi,8650,9,Liverpool,Liverpool,England,England Premier League,2015/2016,11000000
185000,Djakaridja Kone,4087,111271,Évian Thonon Gaillard FC,Évian Thonon Gaillard FC,France,France Ligue 1,2014/2015,1000000
26040,Djamel Abdoun,9994,2007,Sporting Lokeren,Sporting Lokeren,Belgium,Belgium Jupiler League,2014/2015,600000
74838,Djamel Bakar,10249,70,Montpellier Hérault SC,Montpellier Hérault SC,France,France Ligue 1,2015/2016,1000000
41605,Djamel Mesbah,9882,1837,Sampdoria,Sampdoria,Italy,Italy Serie A,2015/2016,400000
474682,Djavan,10264,1896,SC Braga,SC Braga,Portugal,Portugal Liga ZON Sagres,2015/2016,1000000
486819,Djavan Anderson,7788,647,SC Cambuur,SC Cambuur,Netherlands,Netherlands Eredivisie,2015/2016,200000
242156,Djibril Sidibe,8639,65,LOSC Lille,LOSC Lille,France,France Ligue 1,2015/2016,12000000
198500,Djordje Susnjar,7896,2000003,Lugano,Lugano,Switzerland,Switzerland Super League,2015/2016,250000
154192,Dmitriy Verkhovtsov,8245,111083,Korona Kielce,Korona Kielce,Poland,Poland Ekstraklasa,2015/2016,300000
308842,Dobrivoj Rusov,8028,111086,Piast Gliwice,Piast Gliwice,Poland,Poland Ekstraklasa,2014/2015,100000
688876,Dodi Lukebakio,8635,229,RSC Anderlecht,RSC Anderlecht,Belgium,Belgium Jupiler League,2015/2016,1000000
177874,Dodo,9882,1837,Sampdoria,Sampdoria,Italy,Italy Serie A,2015/2016,5000000
279861,Doke Schmidt,10228,1913,SC Heerenveen,SC Heerenveen,Netherlands,Netherlands Eredivisie,2014/2015,400000
300978,Dolly Menga,188163,2000006,Tondela,Tondela,Portugal,Portugal Liga ZON Sagres,2015/2016,500000
150084,Domagoj Pusic,7896,2000003,Lugano,Lugano,Switzerland,Switzerland Super League,2015/2016,350000
340790,Domen Crnigoj,7896,2000003,Lugano,Lugano,Switzerland,Switzerland Super League,2015/2016,1000000
364520,Domenico Berardi,7943,111974,Sassuolo,Sassuolo,Italy,Italy Serie A,2015/2016,20000000
42691,Domenico Maietta,9857,189,Bologna,Bologna,Italy,Italy Serie A,2015/2016,400000
74435,Domingo Cisma,10268,468,Elche CF,Elche CF,Spain,Spain LIGA BBVA,2014/2015,200000
36934,Dominic Maroh,8722,31,1. FC Köln,1. FC Köln,Germany,Germany 1. Bundesliga,2015/2016,3000000
591734,Dominic Solanke,8277,1909,Vitesse,Vitesse,Netherlands,Netherlands Eredivisie,2015/2016,2000000
470026,Dominic Thomas,9927,83,Motherwell,Motherwell,Scotland,Scotland Premier League,2015/2016,150000
206795,Dominik Furman,8673,1871,Legia Warszawa,Legia Warszawa,Poland,Poland Ekstraklasa,2015/2016,700000
303905,Dominik Kohr,8406,100409,FC Augsburg,FC Augsburg,Germany,Germany 1. Bundesliga,2015/2016,3500000
357348,Dominik Kun,8023,110746,Pogoń Szczecin,Pogoń Szczecin,Poland,Poland Ekstraklasa,2014/2015,150000
266841,Dominik Masek,7788,647,SC Cambuur,SC Cambuur,Netherlands,Netherlands Eredivisie,2015/2016,500000
433662,Dominik Sadzawicki,8020,2000002,Polonia Bytom,Polonia Bytom,Poland,Poland Ekstraklasa,2015/2016,150000
27485,Dominik Stroh-Engel,8262,110502,SV Darmstadt 98,SV Darmstadt 98,Germany,Germany 1. Bundesliga,2015/2016,500000
303800,Dominique Heintz,8722,31,1. FC Köln,1. FC Köln,Germany,Germany 1. Bundesliga,2015/2016,6000000
32942,Don Cowie,9860,80,Heart of Midlothian,Heart of Midlothian,Scotland,Scotland Premier League,2015/2016,500000
169709,Donald Dering Djousse,10212,1893,CS Marítimo,CS Marítimo,Portugal,Portugal Liga ZON Sagres,2015/2016,350000
410017,Donervon Daniels,8485,77,Aberdeen,Aberdeen,Scotland,Scotland Premier League,2014/2015,250000
242308,Dong-Won Ji,8406,100409,FC Augsburg,FC Augsburg,Germany,Germany 1. Bundesliga,2015/2016,1500000
612836,Donny van de Beek,8593,245,Ajax,Ajax,Netherlands,Netherlands Eredivisie,2015/2016,1500000
128802,Donovan Slijngard,7788,647,SC Cambuur,SC Cambuur,Netherlands,Netherlands Eredivisie,2014/2015,200000
719413,Dorian Caddy,9831,72,OGC Nice,OGC Nice,France,France Ligue 1,2015/2016,250000
178261,Dorian Dessoleil,9986,670,Sporting Charleroi,Sporting Charleroi,Belgium,Belgium Jupiler League,2015/2016,600000
186805,Dorian Leveque,9747,62,En Avant de Guingamp,En Avant de Guingamp,France,France Ligue 1,2015/2016,1000000
69030,Dossa Junior,8673,1871,Legia Warszawa,Legia Warszawa,Poland,Poland Ekstraklasa,2014/2015,500000
25674,Dougie Imrie,8429,184,Hamilton Academical FC,Hamilton Academical FC,Scotland,Scotland Premier League,2015/2016,350000
172116,Douglas,8634,241,FC Barcelona,FC Barcelona,Spain,Spain LIGA BBVA,2014/2015,1000000
690364,Douglas Abner,8613,1898,Boavista FC,Boavista FC,Portugal,Portugal Liga ZON Sagres,2015/2016,150000
156726,Douglas Costa,9823,21,FC Bayern Munich,FC Bayern Munich,Germany,Germany 1. Bundesliga,2015/2016,35000000
173484,Dragos Grigore,9941,1809,Toulouse FC,Toulouse FC,France,France Ligue 1,2014/2015,1500000
46104,Dries Mertens,9875,48,Napoli,Napoli,Italy,Italy Serie A,2015/2016,16000000
243481,Dries Wuytens,8525,1907,Willem II,Willem II,Netherlands,Netherlands Eredivisie,2015/2016,1000000
41122,Drissa Diakite,7794,58,SC Bastia,SC Bastia,France,France Ligue 1,2014/2015,500000
37450,Duda,9864,573,Málaga CF,Málaga CF,Spain,Spain LIGA BBVA,2015/2016,500000
77778,Dudu Paraiba,8025,111092,Śląsk Wrocław,Śląsk Wrocław,Poland,Poland Ekstraklasa,2015/2016,250000
75445,Duje Cop,9864,573,Málaga CF,Málaga CF,Spain,Spain LIGA BBVA,2015/2016,4000000
520230,Duncan Watmore,8472,106,Sunderland,Sunderland,England,England Premier League,2015/2016,2500000
30983,Dusan Basta,8543,46,Lazio,Lazio,Italy,Italy Serie A,2015/2016,4000000
39136,Dusan Djuric,9930,434,FC Aarau,FC Aarau,Switzerland,Switzerland Super League,2014/2015,200000
17869,Dusan Kuciak,8673,1871,Legia Warszawa,Legia Warszawa,Poland,Poland Ekstraklasa,2015/2016,1000000
22824,Dusan Svento,8722,31,1. FC Köln,1. FC Köln,Germany,Germany 1. Bundesliga,2015/2016,750000
94267,Dusan Tadic,8466,17,Southampton,Southampton,England,England Premier League,2015/2016,17000000
16254,Dusan Veskovac,10242,294,ES Troyes AC,ES Troyes AC,France,France Ligue 1,2015/2016,700000
116555,Duvan Zapata,8600,55,Udinese,Udinese,Italy,Italy Serie A,2015/2016,7500000
42703,Dwight Tiendalli,10003,1960,Swansea City,Swansea City,England,England Premier League,2014/2015,750000
361341,Dyego Sousa,10212,1893,CS Marítimo,CS Marítimo,Portugal,Portugal Liga ZON Sagres,2015/2016,900000
139635,Dylan Gissi,10249,70,Montpellier Hérault SC,Montpellier Hérault SC,France,France Ligue 1,2014/2015,300000
72628,Dzengis Cavusevic,10190,898,FC St. Gallen,FC St. Gallen,Switzerland,Switzerland Super League,2015/2016,500000
231638,Dzikamai Andre Gwaze,8020,2000002,Polonia Bytom,Polonia Bytom,Poland,Poland Ekstraklasa,2015/2016,100000
258206,Dziugas Bartkus,8019,110565,Górnik Łęczna,Górnik Łęczna,Poland,Poland Ekstraklasa,2015/2016,100000
440404,Eamonn Brophy,8429,184,Hamilton Academical FC,Hamilton Academical FC,Scotland,Scotland Premier League,2015/2016,100000
482200,Ebenezer Assifuah,10179,110770,FC Sion,FC Sion,Switzerland,Switzerland Super League,2015/2016,2500000
265277,Eber Bessa,10212,1893,CS Marítimo,CS Marítimo,Portugal,Portugal Liga ZON Sagres,2015/2016,700000
568903,Ebinho,10212,1893,CS Marítimo,CS Marítimo,Portugal,Portugal Liga ZON Sagres,2014/2015,300000
97331,Edder Farias,6367,2000001,Uniao da Madeira,Uniao da Madeira,Portugal,Portugal Liga ZON Sagres,2015/2016,500000
369859,Eddy Israfilov,8372,467,SD Eibar,SD Eibar,Spain,Spain LIGA BBVA,2015/2016,400000
107417,Eden Hazard,8455,5,Chelsea,Chelsea,England,England Premier League,2015/2016,65000000
268394,Edenilson,8600,55,Udinese,Udinese,Italy,Italy Serie A,2015/2016,2500000
150026,Eder,8639,65,LOSC Lille,LOSC Lille,France,France Ligue 1,2015/2016,5000000
361742,Edgar Abreu,10214,1891,CD Nacional,CD Nacional,Portugal,Portugal Liga ZON Sagres,2015/2016,200000
30920,Edgar Barreto,9882,1837,Sampdoria,Sampdoria,Italy,Italy Serie A,2015/2016,1500000
184590,Edgar Costa,10212,1893,CS Marítimo,CS Marítimo,Portugal,Portugal Liga ZON Sagres,2015/2016,1250000
179491,Edgar Prib,9904,485,Hannover 96,Hannover 96,Germany,Germany 1. Bundesliga,2015/2016,1250000
278917,Edgar Salli,10190,898,FC St. Gallen,FC St. Gallen,Switzerland,Switzerland Super League,2015/2016,800000
183585,Edin Cocalic,8203,110724,KV Mechelen,KV Mechelen,Belgium,Belgium Jupiler League,2015/2016,900000
15403,Edin Dzeko,8686,52,Roma,Roma,Italy,Italy Serie A,2015/2016,13000000
49677,Edinson Cavani,9847,73,Paris Saint-Germain,Paris Saint-Germain,France,France Ligue 1,2015/2016,40000000
451335,Edmilson Fernandes,10179,110770,FC Sion,FC Sion,Switzerland,Switzerland Super League,2015/2016,4500000
365245,Edmilson Junior,9985,232,Standard de Liège,Standard de Liège,Belgium,Belgium Jupiler League,2015/2016,3000000
362121,Edoardo Goldaniga,8540,1843,Palermo,Palermo,Italy,Italy Serie A,2015/2016,2500000
17855,Edouard Duplan,10217,650,ADO Den Haag,ADO Den Haag,Netherlands,Netherlands Eredivisie,2015/2016,850000
26489,Edson Braafheid,8543,46,Lazio,Lazio,Italy,Italy Serie A,2015/2016,300000
74757,Edu Albacar,10268,468,Elche CF,Elche CF,Spain,Spain LIGA BBVA,2014/2015,100000
425595,Eduard Campabadal,7869,1867,Córdoba CF,Córdoba CF,Spain,Spain LIGA BBVA,2014/2015,600000
150093,Eduardo Salvio,9772,234,SL Benfica,SL Benfica,Portugal,Portugal Liga ZON Sagres,2015/2016,15000000
50661,Eduardo Vargas,8226,10029,TSG 1899 Hoffenheim,TSG 1899 Hoffenheim,Germany,Germany 1. Bundesliga,2015/2016,6000000
168232,Eduards Visnakovs,10001,681,KVC Westerlo,KVC Westerlo,Belgium,Belgium Jupiler League,2015/2016,600000
27974,Edward Ofere,9938,181,Dundee United,Dundee United,Scotland,Scotland Premier League,2015/2016,200000
212170,Edwin Gyasi,9803,1902,Roda JC Kerkrade,Roda JC Kerkrade,Netherlands,Netherlands Eredivisie,2015/2016,700000
144989,Efe Ambrose,9925,78,Celtic,Celtic,Scotland,Scotland Premier League,2015/2016,2500000
79742,Egor Filipenko,9864,573,Málaga CF,Málaga CF,Spain,Spain LIGA BBVA,2015/2016,800000
20747,Eiji Kawashima,9938,181,Dundee United,Dundee United,Scotland,Scotland Premier League,2015/2016,1000000
108075,Elderson,9829,69,AS Monaco,AS Monaco,France,France Ligue 1,2015/2016,2000000
42247,Eldin Jakupovic,8667,1952,Hull City,Hull City,England,England Premier League,2014/2015,500000
307226,El-Hadji Ba,7794,58,SC Bastia,SC Bastia,France,France Ligue 1,2014/2015,400000
207045,Eli Babalj,6413,1914,PEC Zwolle,PEC Zwolle,Netherlands,Netherlands Eredivisie,2014/2015,250000
156551,Eliaquim Mangala,8456,10,Manchester City,Manchester City,England,England Premier League,2015/2016,23000000
215804,Elias Kachunga,8234,111239,FC Ingolstadt 04,FC Ingolstadt 04,Germany,Germany 1. Bundesliga,2015/2016,1500000
148329,Elimane Coulibaly,274581,2000004,Royal Excel Mouscron,Royal Excel Mouscron,Belgium,Belgium Jupiler League,2015/2016,100000
185709,Elio Martins,6367,2000001,Uniao da Madeira,Uniao da Madeira,Portugal,Portugal Liga ZON Sagres,2015/2016,350000
11758,Eliseu,9772,234,SL Benfica,SL Benfica,Portugal,Portugal Liga ZON Sagres,2015/2016,1500000
186667,Elizio,8348,1900,Moreirense FC,Moreirense FC,Portugal,Portugal Liga ZON Sagres,2014/2015,600000
26675,Eljero Elia,10235,246,Feyenoord,Feyenoord,Netherlands,Netherlands Eredivisie,2015/2016,3500000
22313,Elkin Soto,9905,169,1. FSV Mainz 05,1. FSV Mainz 05,Germany,Germany 1. Bundesliga,2014/2015,200000
488195,Ellis Plummer,9800,100805,St. Mirren,St. Mirren,Scotland,Scotland Premier League,2014/2015,50000
574642,Ellyes Skhiri,10249,70,Montpellier Hérault SC,Montpellier Hérault SC,France,France Ligue 1,2015/2016,1250000
192326,Elohim Rolland,8571,100081,KV Kortrijk,KV Kortrijk,Belgium,Belgium Jupiler League,2015/2016,750000
150242,Eloy Room,8277,1909,Vitesse,Vitesse,Netherlands,Netherlands Eredivisie,2015/2016,4500000
67349,Elsad Zverotic,10179,110770,FC Sion,FC Sion,Switzerland,Switzerland Super League,2015/2016,750000
293160,Elseid Hysaj,9875,48,Napoli,Napoli,Italy,Italy Serie A,2015/2016,13000000
467467,Elso Brito,10218,1971,Excelsior,Excelsior,Netherlands,Netherlands Eredivisie,2014/2015,100000
240346,Elvis Manu,10235,246,Feyenoord,Feyenoord,Netherlands,Netherlands Eredivisie,2014/2015,1500000
317775,Emanuel Insua,7878,110832,Granada CF,Granada CF,Spain,Spain LIGA BBVA,2014/2015,1800000
167634,Emanuele Giaccherini,9857,189,Bologna,Bologna,Italy,Italy Serie A,2015/2016,3000000
300236,Emanuele Suagher,208931,112409,Carpi,Carpi,Italy,Italy Serie A,2015/2016,800000
79262,Emanuele Terranova,7943,111974,Sassuolo,Sassuolo,Italy,Italy Serie A,2015/2016,800000
164395,Emidio Rafael,10215,1901,Académica de Coimbra,Académica de Coimbra,Portugal,Portugal Liga ZON Sagres,2015/2016,750000
147980,Emil Drozdowicz,177361,2000005,Termalica Bruk-Bet Nieciecza,Termalica Bruk-Bet Nieciecza,Poland,Poland Ekstraklasa,2015/2016,150000
24516,Emil Hallfredsson,8600,55,Udinese,Udinese,Italy,Italy Serie A,2015/2016,2000000
259306,Emil Krafth,9857,189,Bologna,Bologna,Italy,Italy Serie A,2015/2016,1500000
205940,Emiliano Albin,158085,112513,FC Arouca,FC Arouca,Portugal,Portugal Liga ZON Sagres,2015/2016,300000
47547,Emiliano Insua,10269,36,VfB Stuttgart,VfB Stuttgart,Germany,Germany 1. Bundesliga,2015/2016,3500000
268375,Emiliano Martinez,9825,1,Arsenal,Arsenal,England,England Premier League,2014/2015,1500000
34008,Emiliano Moretti,9804,54,Torino,Torino,Italy,Italy Serie A,2015/2016,600000
279172,Emiliano Sala,9830,71,FC Nantes,FC Nantes,France,France Ligue 1,2015/2016,2000000
394825,Emiliano Velazquez,8305,1860,Getafe CF,Getafe CF,Spain,Spain LIGA BBVA,2015/2016,1500000
41671,Emiliano Viviano,9882,1837,Sampdoria,Sampdoria,Italy,Italy Serie A,2015/2016,5000000
168295,Emilijus Zubas,8033,111087,Podbeskidzie Bielsko-Biała,Podbeskidzie Bielsko-Biała,Poland,Poland Ekstraklasa,2015/2016,400000
129819,Emilio Izaguirre,9925,78,Celtic,Celtic,Scotland,Scotland Premier League,2015/2016,3000000
557042,Emir Dautovic,274581,2000004,Royal Excel Mouscron,Royal Excel Mouscron,Belgium,Belgium Jupiler League,2015/2016,300000
26255,Emir Spahic,9790,28,Hamburger SV,Hamburger SV,Germany,Germany 1. Bundesliga,2015/2016,750000
30960,Emmanuel Adebayor,9826,1799,Crystal Palace,Crystal Palace,England,England Premier League,2015/2016,2500000
192325,Emmanuel Agyemang-Badu,8600,55,Udinese,Udinese,Italy,Italy Serie A,2015/2016,6000000
561219,Emmanuel Boateng,8348,1900,Moreirense FC,Moreirense FC,Portugal,Portugal Liga ZON Sagres,2015/2016,800000
42420,Emmanuel Cascione,9880,110915,Cesena,Cesena,Italy,Italy Serie A,2014/2015,200000
183670,Emmanuel Emenike,8654,19,West Ham United,West Ham United,England,England Premier League,2015/2016,9000000
687289,Emmanuel Hackman,8613,1898,Boavista FC,Boavista FC,Portugal,Portugal Liga ZON Sagres,2015/2016,200000
128666,Emmanuel Imorou,7819,210,SM Caen,SM Caen,France,France Ligue 1,2015/2016,2000000
161420,Emmanuel Riviere,10261,13,Newcastle United,Newcastle United,England,England Premier League,2015/2016,3500000
307021,Emre Can,8650,9,Liverpool,Liverpool,England,England Premier League,2015/2016,18000000
38536,Enaut Zubikarai,188163,2000006,Tondela,Tondela,Portugal,Portugal Liga ZON Sagres,2015/2016,500000
622233,Enca Fati,8348,1900,Moreirense FC,Moreirense FC,Portugal,Portugal Liga ZON Sagres,2015/2016,400000
170341,Eneko Boveda,8315,448,Athletic Club de Bilbao,Athletic Club de Bilbao,Spain,Spain LIGA BBVA,2015/2016,2500000
181054,Enes Saglik,9986,670,Sporting Charleroi,Sporting Charleroi,Belgium,Belgium Jupiler League,2015/2016,1000000
177843,Enes Sipovic,10001,681,KVC Westerlo,KVC Westerlo,Belgium,Belgium Jupiler League,2014/2015,300000
464486,Enes Unal,9987,673,KRC Genk,KRC Genk,Belgium,Belgium Jupiler League,2015/2016,3000000
195927,Enner Valencia,8654,19,West Ham United,West Ham United,England,England Premier League,2015/2016,10000000
67389,Enrico Schirinzi,10191,1715,FC Thun,FC Thun,Switzerland,Switzerland Super League,2015/2016,400000
519575,Enzo Crivelli,9827,59,Girondins de Bordeaux,Girondins de Bordeaux,France,France Ligue 1,2015/2016,2500000
34000,Enzo Maresca,8540,1843,Palermo,Palermo,Italy,Italy Serie A,2015/2016,200000
40148,Enzo Perez,10267,461,Valencia CF,Valencia CF,Spain,Spain LIGA BBVA,2015/2016,12000000
193930,Enzo Roco,8558,452,RCD Espanyol,RCD Espanyol,Spain,Spain LIGA BBVA,2015/2016,2500000
514802,Eoghan O'Connell,9925,78,Celtic,Celtic,Scotland,Scotland Premier League,2015/2016,200000
705484,Eray Cumart,9931,896,FC Basel,FC Basel,Switzerland,Switzerland Super League,2015/2016,100000
257843,Erdin Demir,8475,110913,Waasland-Beveren,Waasland-Beveren,Belgium,Belgium Jupiler League,2015/2016,500000
210406,Eric Bautheac,8639,65,LOSC Lille,LOSC Lille,France,France Ligue 1,2015/2016,2000000
574200,Eric Bertrand Bailly,10205,483,Villarreal CF,Villarreal CF,Spain,Spain LIGA BBVA,2015/2016,25000000
361315,Eric Dier,8586,18,Tottenham Hotspur,Tottenham Hotspur,England,England Premier League,2015/2016,18000000
331528,Eric Durm,9789,22,Borussia Dortmund,Borussia Dortmund,Germany,Germany 1. Bundesliga,2015/2016,5000000
62358,Eric Fernando Botteghin,10235,246,Feyenoord,Feyenoord,Netherlands,Netherlands Eredivisie,2015/2016,5000000
95082,Eric Maxim Choupo-Moting,10189,34,FC Schalke 04,FC Schalke 04,Germany,Germany 1. Bundesliga,2015/2016,8000000
207517,Erick Moreno,188163,2000006,Tondela,Tondela,Portugal,Portugal Liga ZON Sagres,2015/2016,750000
335606,Erick Pulgar,9857,189,Bologna,Bologna,Italy,Italy Serie A,2015/2016,1800000
99323,Erik Bakker,7788,647,SC Cambuur,SC Cambuur,Netherlands,Netherlands Eredivisie,2015/2016,600000
231674,Erik Cummins,6433,100632,Go Ahead Eagles,Go Ahead Eagles,Netherlands,Netherlands Eredivisie,2014/2015,150000
112471,Erik Falkenburg,8525,1907,Willem II,Willem II,Netherlands,Netherlands Eredivisie,2015/2016,900000
72393,Erik Grendel,8020,2000002,Polonia Bytom,Polonia Bytom,Poland,Poland Ekstraklasa,2015/2016,300000
36050,Erik Jendrisek,2186,110747,Cracovia,Cracovia,Poland,Poland Ekstraklasa,2015/2016,600000
71898,Erik Johansson,9991,674,KAA Gent,KAA Gent,Belgium,Belgium Jupiler League,2015/2016,1500000
174850,Erik Lamela,8586,18,Tottenham Hotspur,Tottenham Hotspur,England,England Premier League,2015/2016,26000000
411616,Erik Moran,8315,448,Athletic Club de Bilbao,Athletic Club de Bilbao,Spain,Spain LIGA BBVA,2014/2015,1000000
37194,Erik Pieters,10194,1806,Stoke City,Stoke City,England,England Premier League,2015/2016,7000000
46059,Erik Quekel,8526,635,De Graafschap,De Graafschap,Netherlands,Netherlands Eredivisie,2015/2016,150000
166471,Erik Sviatchenko,9925,78,Celtic,Celtic,Scotland,Scotland Premier League,2015/2016,2500000
177942,Ermin Bicakcic,8226,10029,TSG 1899 Hoffenheim,TSG 1899 Hoffenheim,Germany,Germany 1. Bundesliga,2015/2016,2750000
158886,Ermir Lenjani,9830,71,FC Nantes,FC Nantes,France,France Ligue 1,2015/2016,1250000
534485,Ernest Ohemeng,8348,1900,Moreirense FC,Moreirense FC,Portugal,Portugal Liga ZON Sagres,2015/2016,450000
97789,Eros Pisano,9876,206,Hellas Verona,Hellas Verona,Italy,Italy Serie A,2015/2016,800000
45413,Ervin Zukanovic,8686,52,Roma,Roma,Italy,Italy Serie A,2015/2016,3800000
586199,Erwin Koffi,8689,217,FC Lorient,FC Lorient,France,France Ligue 1,2015/2016,300000
112107,Erwin Mulder,10228,1913,SC Heerenveen,SC Heerenveen,Netherlands,Netherlands Eredivisie,2015/2016,2500000
244774,Esmael Goncalves,7841,744,Rio Ave FC,Rio Ave FC,Portugal,Portugal Liga ZON Sagres,2014/2015,700000
214984,Esteban Alvarado,10229,1906,AZ,AZ,Netherlands,Netherlands Eredivisie,2014/2015,2500000
30930,Esteban Cambiasso,8197,95,Leicester City,Leicester City,England,England Premier League,2014/2015,500000
41156,Esteban Granero,8560,457,Real Sociedad,Real Sociedad,Spain,Spain LIGA BBVA,2015/2016,2500000
72900,Etien Velikonja,9989,239,Lierse SK,Lierse SK,Belgium,Belgium Jupiler League,2014/2015,800000
41365,Etienne Capoue,9817,1795,Watford,Watford,England,England Premier League,2015/2016,10000000
26326,Etienne Didot,9941,1809,Toulouse FC,Toulouse FC,France,France Ligue 1,2015/2016,500000
46079,Etienne Reijnen,8674,1915,FC Groningen,FC Groningen,Netherlands,Netherlands Eredivisie,2015/2016,600000
150747,Etrit Berisha,8543,46,Lazio,Lazio,Italy,Italy Serie A,2015/2016,3500000
445509,Euan Sparks,9938,181,Dundee United,Dundee United,Scotland,Scotland Premier League,2015/2016,50000
27420,Eugen Polanski,8226,10029,TSG 1899 Hoffenheim,TSG 1899 Hoffenheim,Germany,Germany 1. Bundesliga,2015/2016,2500000
497753,Eugene Ansah,9994,2007,Sporting Lokeren,Sporting Lokeren,Belgium,Belgium Jupiler League,2015/2016,300000
162885,Eugenio Lamanna,10233,110556,Genoa,Genoa,Italy,Italy Serie A,2015/2016,2500000
192780,Eunan O'Kane,8678,1943,Bournemouth,Bournemouth,England,England Premier League,2015/2016,1500000
10474,Evaldas Razulis,8019,110565,Górnik Łęczna,Górnik Łęczna,Poland,Poland Ekstraklasa,2014/2015,125000
29580,Evaldo,8348,1900,Moreirense FC,Moreirense FC,Portugal,Portugal Liga ZON Sagres,2015/2016,150000
19264,Evandro Goebel,9773,236,FC Porto,FC Porto,Portugal,Portugal Liga ZON Sagres,2015/2016,2000000
181066,Evariste Ngolok,9994,2007,Sporting Lokeren,Sporting Lokeren,Belgium,Belgium Jupiler League,2015/2016,500000
108568,Ever Banega,8302,481,Sevilla FC,Sevilla FC,Spain,Spain LIGA BBVA,2015/2016,20000000
467056,Everon Pisas,6631,100626,FC Dordrecht,FC Dordrecht,Netherlands,Netherlands Eredivisie,2014/2015,100000
171229,Everton,10190,898,FC St. Gallen,FC St. Gallen,Switzerland,Switzerland Super League,2015/2016,2000000
281111,Ewerton,9768,237,Sporting CP,Sporting CP,Portugal,Portugal Liga ZON Sagres,2015/2016,2000000
118730,Eyong Enoh,9985,232,Standard de Liège,Standard de Liège,Belgium,Belgium Jupiler League,2015/2016,1500000
213885,Ezequiel Calvente,6547,100741,FC Penafiel,FC Penafiel,Portugal,Portugal Liga ZON Sagres,2014/2015,300000
18925,Ezequiel Lavezzi,9847,73,Paris Saint-Germain,Paris Saint-Germain,France,France Ligue 1,2015/2016,4500000
164029,Ezequiel Munoz,10233,110556,Genoa,Genoa,Italy,Italy Serie A,2015/2016,3300000
406283,Ezgjan Alioski,7896,2000003,Lugano,Lugano,Switzerland,Switzerland Super League,2015/2016,1000000
605654,Fabian,8603,449,Real Betis Balompié,Real Betis Balompié,Spain,Spain LIGA BBVA,2015/2016,500000
78324,Fabian Delph,8456,10,Manchester City,Manchester City,England,England Premier League,2015/2016,10000000
95228,Fabian Frei,9905,169,1. FSV Mainz 05,1. FSV Mainz 05,Germany,Germany 1. Bundesliga,2015/2016,3000000
114963,Fabian Giefer,10189,34,FC Schalke 04,FC Schalke 04,Germany,Germany 1. Bundesliga,2014/2015,500000
310355,Fabian Holland,8262,110502,SV Darmstadt 98,SV Darmstadt 98,Germany,Germany 1. Bundesliga,2015/2016,1000000
37357,Fabian Johnson,9788,23,Borussia Mönchengladbach,Borussia Mönchengladbach,Germany,Germany 1. Bundesliga,2015/2016,7000000
42297,Fabian Lustenberger,8177,166,Hertha BSC Berlin,Hertha BSC Berlin,Germany,Germany 1. Bundesliga,2015/2016,3500000
49836,Fabian Orellana,9910,450,RC Celta de Vigo,RC Celta de Vigo,Spain,Spain LIGA BBVA,2015/2016,6000000
189982,Fabian Schaer,8226,10029,TSG 1899 Hoffenheim,TSG 1899 Hoffenheim,Germany,Germany 1. Bundesliga,2015/2016,4500000
124127,Fabiano,9773,236,FC Porto,FC Porto,Portugal,Portugal Liga ZON Sagres,2014/2015,3750000
41666,Fabiano Santacroce,10167,50,Parma,Parma,Italy,Italy Serie A,2014/2015,150000
317937,Fabien Boyer,8571,100081,KV Kortrijk,KV Kortrijk,Belgium,Belgium Jupiler League,2015/2016,400000
38435,Fabien Camus,10242,294,ES Troyes AC,ES Troyes AC,France,France Ligue 1,2015/2016,800000
94323,Fabien Lemoine,9853,1819,AS Saint-Étienne,AS Saint-Étienne,France,France Ligue 1,2015/2016,4000000
354475,Fabien Tchenkoua,9997,680,Sint-Truidense VV,Sint-Truidense VV,Belgium,Belgium Jupiler League,2015/2016,350000
359188,Fabinho,9829,69,AS Monaco,AS Monaco,France,France Ligue 1,2015/2016,20000000
184822,Fabio Borini,8472,106,Sunderland,Sunderland,England,England Premier League,2015/2016,6000000
361751,Fabio Cardoso,6403,1892,FC Paços de Ferreira,FC Paços de Ferreira,Portugal,Portugal Liga ZON Sagres,2015/2016,1000000
29590,Fabio Coentrao,9829,69,AS Monaco,AS Monaco,France,France Ligue 1,2015/2016,10000000
113239,Fabio Daprela,8540,1843,Palermo,Palermo,Italy,Italy Serie A,2015/2016,400000
164141,Fabio Ervoes,8613,1898,Boavista FC,Boavista FC,Portugal,Portugal Liga ZON Sagres,2014/2015,300000
181357,Fabio Espinho,8348,1900,Moreirense FC,Moreirense FC,Portugal,Portugal Liga ZON Sagres,2015/2016,700000
388522,Fabio Martins,6403,1892,FC Paços de Ferreira,FC Paços de Ferreira,Portugal,Portugal Liga ZON Sagres,2015/2016,1000000
195809,Fabio Nunes,9807,1889,CF Os Belenenses,CF Os Belenenses,Portugal,Portugal Liga ZON Sagres,2015/2016,500000
98361,Fabio Pacheco,10238,665,Vitória Setúbal,Vitória Setúbal,Portugal,Portugal Liga ZON Sagres,2015/2016,800000
39540,Fabio Quagliarella,9882,1837,Sampdoria,Sampdoria,Italy,Italy Serie A,2015/2016,2500000
47566,Fabri,9783,242,RC Deportivo de La Coruña,RC Deportivo de La Coruña,Spain,Spain LIGA BBVA,2014/2015,1000000
154867,Fabrice N'Sakala,8635,229,RSC Anderlecht,RSC Anderlecht,Belgium,Belgium Jupiler League,2015/2016,1200000
30929,Fabricio Coloccini,10261,13,Newcastle United,Newcastle United,England,England Premier League,2015/2016,2000000
361316,Fabris Fokobo,158085,112513,FC Arouca,FC Arouca,Portugal,Portugal Liga ZON Sagres,2014/2015,500000
670927,Fabrizio Alastra,8540,1843,Palermo,Palermo,Italy,Italy Serie A,2015/2016,500000
22283,Fabrizio Cacciatore,8533,192,Chievo Verona,Chievo Verona,Italy,Italy Serie A,2015/2016,1400000
113318,Facundo Sebastian Roncaglia,8535,110374,Fiorentina,Fiorentina,Italy,Italy Serie A,2015/2016,4000000
422281,Fakhreddine Ben Youssef,8550,68,FC Metz,FC Metz,France,France Ligue 1,2014/2015,700000
147614,Fallou Diagne,9851,74,Stade Rennais FC,Stade Rennais FC,France,France Ligue 1,2015/2016,2000000
187017,Faouzi Ghoulam,9875,48,Napoli,Napoli,Italy,Italy Serie A,2015/2016,13000000
445868,Fares Bahlouli,9829,69,AS Monaco,AS Monaco,France,France Ligue 1,2015/2016,1500000
38786,Faris Haroun,9984,1750,KSV Cercle Brugge,KSV Cercle Brugge,Belgium,Belgium Jupiler League,2014/2015,400000
467494,Farshad Noor,9803,1902,Roda JC Kerkrade,Roda JC Kerkrade,Netherlands,Netherlands Eredivisie,2015/2016,300000
143795,Fausto Rossi,7869,1867,Córdoba CF,Córdoba CF,Spain,Spain LIGA BBVA,2014/2015,1700000
279173,Faycal Fajr,9783,242,RC Deportivo de La Coruña,RC Deportivo de La Coruña,Spain,Spain LIGA BBVA,2015/2016,4000000
466480,Faycal Rherras,9997,680,Sint-Truidense VV,Sint-Truidense VV,Belgium,Belgium Jupiler League,2015/2016,500000
512033,Faysel Kasmi,9985,232,Standard de Liège,Standard de Liège,Belgium,Belgium Jupiler League,2015/2016,400000
244136,Fede Vico,7869,1867,Córdoba CF,Córdoba CF,Spain,Spain LIGA BBVA,2014/2015,700000
27658,Federico Agliardi,9880,110915,Cesena,Cesena,Italy,Italy Serie A,2014/2015,300000
450812,Federico Andrada,8550,68,FC Metz,FC Metz,France,France Ligue 1,2014/2015,800000
24622,Federico Balzaretti,8686,52,Roma,Roma,Italy,Italy Serie A,2014/2015,400000
365624,Federico Barba,10269,36,VfB Stuttgart,VfB Stuttgart,Germany,Germany 1. Bundesliga,2015/2016,1800000
414245,Federico Bernardeschi,8535,110374,Fiorentina,Fiorentina,Italy,Italy Serie A,2015/2016,16000000
181921,Federico Dionisi,9891,111657,Frosinone,Frosinone,Italy,Italy Serie A,2015/2016,3500000
95509,Federico Fazio,8302,481,Sevilla FC,Sevilla FC,Spain,Spain LIGA BBVA,2015/2016,5000000
155050,Federico Fernandez,10003,1960,Swansea City,Swansea City,England,England Premier League,2015/2016,9000000
39599,Federico Marchetti,8543,46,Lazio,Lazio,Italy,Italy Serie A,2015/2016,4000000
528439,Federico Mattiello,8533,192,Chievo Verona,Chievo Verona,Italy,Italy Serie A,2015/2016,400000
474680,Federico Nicolas Cartabia,9783,242,RC Deportivo de La Coruña,RC Deportivo de La Coruña,Spain,Spain LIGA BBVA,2015/2016,2500000
41497,Federico Peluso,7943,111974,Sassuolo,Sassuolo,Italy,Italy Serie A,2015/2016,1500000
42524,Federico Piovaccari,8372,467,SD Eibar,SD Eibar,Spain,Spain LIGA BBVA,2014/2015,800000
522203,Federico Ricca,9864,573,Málaga CF,Málaga CF,Spain,Spain LIGA BBVA,2015/2016,2500000
251384,Federico Viviani,9876,206,Hellas Verona,Hellas Verona,Italy,Italy Serie A,2015/2016,3800000
601304,Fejsal Mulic,274581,2000004,Royal Excel Mouscron,Royal Excel Mouscron,Belgium,Belgium Jupiler League,2015/2016,200000
27719,Felipe,8600,55,Udinese,Udinese,Italy,Italy Serie A,2015/2016,800000
230190,Felipe Anderson,8543,46,Lazio,Lazio,Italy,Italy Serie A,2015/2016,19000000
717248,Felipe Augusto,7842,10020,Estoril Praia,Estoril Praia,Portugal,Portugal Liga ZON Sagres,2015/2016,150000
41622,Felipe Caicedo,8558,452,RCD Espanyol,RCD Espanyol,Spain,Spain LIGA BBVA,2015/2016,5000000
315459,Felipe Gedoz,8342,231,Club Brugge KV,Club Brugge KV,Belgium,Belgium Jupiler League,2015/2016,2500000
188533,Felipe Gutierrez,8611,1908,FC Twente,FC Twente,Netherlands,Netherlands Eredivisie,2015/2016,4000000
33888,Felipe Melo,8636,44,Inter,Inter,Italy,Italy Serie A,2015/2016,1000000
101434,Felipe Pardo,10264,1896,SC Braga,SC Braga,Portugal,Portugal Liga ZON Sagres,2014/2015,5000000
103691,Felipe Saad,7819,210,SM Caen,SM Caen,France,France Ligue 1,2014/2015,250000
20396,Felipe Santana,10189,34,FC Schalke 04,FC Schalke 04,Germany,Germany 1. Bundesliga,2014/2015,2000000
427984,Felitciano Zschusschen,9761,1904,NAC Breda,NAC Breda,Netherlands,Netherlands Eredivisie,2014/2015,200000
237541,Felix Klaus,9904,485,Hannover 96,Hannover 96,Germany,Germany 1. Bundesliga,2015/2016,1250000
164259,Felix Kroos,8697,38,SV Werder Bremen,SV Werder Bremen,Germany,Germany 1. Bundesliga,2015/2016,1000000
637753,Felix Passlack,9789,22,Borussia Dortmund,Borussia Dortmund,Germany,Germany 1. Bundesliga,2015/2016,3000000
614212,Felix Platte,8262,110502,SV Darmstadt 98,SV Darmstadt 98,Germany,Germany 1. Bundesliga,2015/2016,300000
177953,Felix Wiedwald,8697,38,SV Werder Bremen,SV Werder Bremen,Germany,Germany 1. Bundesliga,2015/2016,1750000
42390,Ferdinando Coppola,9876,206,Hellas Verona,Hellas Verona,Italy,Italy Serie A,2015/2016,100000
195263,Ferebory Dore,8121,1530,Angers SCO,Angers SCO,France,France Ligue 1,2015/2016,600000
505866,Ferjani Sassi,8550,68,FC Metz,FC Metz,France,France Ligue 1,2014/2015,1100000
40196,Fernandinho,8456,10,Manchester City,Manchester City,England,England Premier League,2015/2016,28000000
171899,Fernandinho,9876,206,Hellas Verona,Hellas Verona,Italy,Italy Serie A,2014/2015,1250000
101103,Fernando,8456,10,Manchester City,Manchester City,England,England Premier League,2015/2016,16000000
175646,Fernando,9882,1837,Sampdoria,Sampdoria,Italy,Italy Serie A,2015/2016,12000000
150024,Fernando Alexandre,10215,1901,Académica de Coimbra,Académica de Coimbra,Portugal,Portugal Liga ZON Sagres,2015/2016,500000
211146,Fernando Aristeguieta,9830,71,FC Nantes,FC Nantes,France,France Ligue 1,2014/2015,900000
265123,Fernando Canesin Matos,8573,682,KV Oostende,KV Oostende,Belgium,Belgium Jupiler League,2015/2016,2500000
39198,Fernando Damian Tissone,9864,573,Málaga CF,Málaga CF,Spain,Spain LIGA BBVA,2015/2016,800000
356068,Fernando Ferreira,10212,1893,CS Marítimo,CS Marítimo,Portugal,Portugal Liga ZON Sagres,2015/2016,400000
293360,Fernando Lewis,10229,1906,AZ,AZ,Netherlands,Netherlands Eredivisie,2015/2016,250000
33030,Fernando Llorente,8302,481,Sevilla FC,Sevilla FC,Spain,Spain LIGA BBVA,2015/2016,6000000
304014,Fernando Marcal,10214,1891,CD Nacional,CD Nacional,Portugal,Portugal Liga ZON Sagres,2014/2015,2000000
33848,Fernando Navarro,9783,242,RC Deportivo de La Coruña,RC Deportivo de La Coruña,Spain,Spain LIGA BBVA,2015/2016,1000000
11555,Fernando Soriano,9865,1861,UD Almería,UD Almería,Spain,Spain LIGA BBVA,2014/2015,200000
30853,Fernando Torres,9906,240,Atlético Madrid,Atlético Madrid,Spain,Spain LIGA BBVA,2015/2016,10000000
33773,Ferran Corominas,10268,468,Elche CF,Elche CF,Spain,Spain LIGA BBVA,2014/2015,200000
521203,Fidan Aliti,10199,897,FC Luzern,FC Luzern,Switzerland,Switzerland Super League,2014/2015,250000
202610,Fidel,7869,1867,Córdoba CF,Córdoba CF,Spain,Spain LIGA BBVA,2014/2015,1500000
243490,Filip Bednarek,9908,1903,FC Utrecht,FC Utrecht,Netherlands,Netherlands Eredivisie,2015/2016,500000
13483,Filip Burkhardt,8019,110565,Górnik Łęczna,Górnik Łęczna,Poland,Poland Ekstraklasa,2014/2015,150000
27412,Filip Daems,10001,681,KVC Westerlo,KVC Westerlo,Belgium,Belgium Jupiler League,2015/2016,100000
106292,Filip Djordjevic,8543,46,Lazio,Lazio,Italy,Italy Serie A,2015/2016,4000000
178538,Filip Djuricic,8635,229,RSC Anderlecht,RSC Anderlecht,Belgium,Belgium Jupiler League,2015/2016,4000000
287337,Filip Helander,9876,206,Hellas Verona,Hellas Verona,Italy,Italy Serie A,2015/2016,1400000
176718,Filip Kiss,8649,631,Ross County FC,Ross County FC,Scotland,Scotland Premier League,2014/2015,700000
281012,Filip Kostic,10269,36,VfB Stuttgart,VfB Stuttgart,Germany,Germany 1. Bundesliga,2015/2016,10000000
443518,Filip Krovinovic,7841,744,Rio Ave FC,Rio Ave FC,Portugal,Portugal Liga ZON Sagres,2015/2016,750000
206809,Filip Kurto,10218,1971,Excelsior,Excelsior,Netherlands,Netherlands Eredivisie,2015/2016,500000
280476,Filip Malbasic,8030,111091,Lechia Gdańsk,Lechia Gdańsk,Poland,Poland Ekstraklasa,2014/2015,750000
387723,Filip Markovic,274581,2000004,Royal Excel Mouscron,Royal Excel Mouscron,Belgium,Belgium Jupiler League,2015/2016,800000
259439,Filip Mladenovic,8722,31,1. FC Köln,1. FC Köln,Germany,Germany 1. Bundesliga,2015/2016,2000000
281840,Filip Modelski,1957,110745,Jagiellonia Białystok,Jagiellonia Białystok,Poland,Poland Ekstraklasa,2015/2016,250000
287341,Filip Starzynski,8021,110749,Zagłębie Lubin,Zagłębie Lubin,Poland,Poland Ekstraklasa,2015/2016,1000000
213184,Filip Twardzik,9925,78,Celtic,Celtic,Scotland,Scotland Premier League,2014/2015,100000
319975,Filipe Augusto,10264,1896,SC Braga,SC Braga,Portugal,Portugal Liga ZON Sagres,2015/2016,800000
476766,Filipe Ferreira,9807,1889,CF Os Belenenses,CF Os Belenenses,Portugal,Portugal Liga ZON Sagres,2015/2016,1250000
149949,Filipe Goncalves,8348,1900,Moreirense FC,Moreirense FC,Portugal,Portugal Liga ZON Sagres,2015/2016,500000
41167,Filipe Luis,9906,240,Atlético Madrid,Atlético Madrid,Spain,Spain LIGA BBVA,2015/2016,25000000
185703,Filipe Melo,8348,1900,Moreirense FC,Moreirense FC,Portugal,Portugal Liga ZON Sagres,2014/2015,500000
80194,Filipp Rudik,8019,110565,Górnik Łęczna,Górnik Łęczna,Poland,Poland Ekstraklasa,2014/2015,200000
244970,Filippo Falco,9857,189,Bologna,Bologna,Italy,Italy Serie A,2015/2016,1500000
74305,Filippo Porcari,208931,112409,Carpi,Carpi,Italy,Italy Serie A,2015/2016,450000
35852,Fin Bartels,8697,38,SV Werder Bremen,SV Werder Bremen,Germany,Germany 1. Bundesliga,2015/2016,3000000
206901,Fiodor Cernych,1957,110745,Jagiellonia Białystok,Jagiellonia Białystok,Poland,Poland Ekstraklasa,2015/2016,500000
179818,Flavio Paixao,8030,111091,Lechia Gdańsk,Lechia Gdańsk,Poland,Poland Ekstraklasa,2015/2016,800000
26291,Florent Balmont,8639,65,LOSC Lille,LOSC Lille,France,France Ligue 1,2015/2016,500000
41195,Florent Chaigneau,8689,217,FC Lorient,FC Lorient,France,France Ligue 1,2015/2016,500000
492132,Florent Hadergjonaj,10192,900,BSC Young Boys,BSC Young Boys,Switzerland,Switzerland Super League,2015/2016,2000000
210423,Florent Hanin,10190,898,FC St. Gallen,FC St. Gallen,Switzerland,Switzerland Super League,2015/2016,400000
30679,Florent Malouda,8550,68,FC Metz,FC Metz,France,France Ligue 1,2014/2015,400000
38700,Florent Sinama-Pongolle,9938,181,Dundee United,Dundee United,Scotland,Scotland Premier League,2015/2016,400000
466501,Florent Stevance,9986,670,Sporting Charleroi,Sporting Charleroi,Belgium,Belgium Jupiler League,2015/2016,400000
188465,Florentin Pogba,9853,1819,AS Saint-Étienne,AS Saint-Étienne,France,France Ligue 1,2015/2016,3000000
617044,Florian Grillitsch,8697,38,SV Werder Bremen,SV Werder Bremen,Germany,Germany 1. Bundesliga,2015/2016,4000000
291015,Florian Hartherz,8460,10030,SC Paderborn 07,SC Paderborn 07,Germany,Germany 1. Bundesliga,2014/2015,450000
277597,Florian Jozefzoon,8640,247,PSV,PSV,Netherlands,Netherlands Eredivisie,2015/2016,1500000
94876,Florian Jungwirth,8262,110502,SV Darmstadt 98,SV Darmstadt 98,Germany,Germany 1. Bundesliga,2015/2016,1000000
610359,Florian Kamberi,9956,322,Grasshopper Club Zürich,Grasshopper Club Zürich,Switzerland,Switzerland Super League,2015/2016,1000000
45272,Florian Klein,10269,36,VfB Stuttgart,VfB Stuttgart,Germany,Germany 1. Bundesliga,2015/2016,1500000
26118,Florian Marange,7794,58,SC Bastia,SC Bastia,France,France Ligue 1,2015/2016,1000000
276760,Florian Niederlechner,9905,169,1. FSV Mainz 05,1. FSV Mainz 05,Germany,Germany 1. Bundesliga,2015/2016,1750000
277439,Florian Raspentino,7794,58,SC Bastia,SC Bastia,France,France Ligue 1,2015/2016,1250000
25813,Florian Stahel,9824,286,FC Vaduz,FC Vaduz,Switzerland,Switzerland Super League,2015/2016,200000
254308,Florian Thauvin,8592,219,Olympique de Marseille,Olympique de Marseille,France,France Ligue 1,2015/2016,11000000
362187,Floriano Vanzo,8475,110913,Waasland-Beveren,Waasland-Beveren,Belgium,Belgium Jupiler League,2015/2016,650000
599425,Florin Andone,7869,1867,Córdoba CF,Córdoba CF,Spain,Spain LIGA BBVA,2014/2015,2500000
351055,Florin Bejan,2186,110747,Cracovia,Cracovia,Poland,Poland Ekstraklasa,2015/2016,500000
215245,Florin Gardos,8466,17,Southampton,Southampton,England,England Premier League,2014/2015,5000000
131991,Floyd Ayite,7794,58,SC Bastia,SC Bastia,France,France Ligue 1,2015/2016,2500000
489501,Formose Mendy,10000,15005,SV Zulte-Waregem,SV Zulte-Waregem,Belgium,Belgium Jupiler League,2015/2016,400000
102699,Foued Kadir,8603,449,Real Betis Balompié,Real Betis Balompié,Spain,Spain LIGA BBVA,2015/2016,500000
179403,Fousseyni Cisse,10179,110770,FC Sion,FC Sion,Switzerland,Switzerland Super League,2014/2015,300000
24157,Fraizer Campbell,9826,1799,Crystal Palace,Crystal Palace,England,England Premier League,2015/2016,2500000
282713,Fran Rico,7878,110832,Granada CF,Granada CF,Spain,Spain LIGA BBVA,2015/2016,3000000
518664,Fran Serrano,7869,1867,Córdoba CF,Córdoba CF,Spain,Spain LIGA BBVA,2014/2015,250000
73024,Francesco Acerbi,7943,111974,Sassuolo,Sassuolo,Italy,Italy Serie A,2015/2016,10000000
181920,Francesco Bardi,9891,111657,Frosinone,Frosinone,Italy,Italy Serie A,2015/2016,3500000
27558,Francesco Benussi,208931,112409,Carpi,Carpi,Italy,Italy Serie A,2015/2016,100000
40656,Francesco Bolzoni,8540,1843,Palermo,Palermo,Italy,Italy Serie A,2014/2015,1500000
41841,Francesco Della Rocca,8540,1843,Palermo,Palermo,Italy,Italy Serie A,2014/2015,800000
41694,Francesco Lodi,8600,55,Udinese,Udinese,Italy,Italy Serie A,2015/2016,1000000
74034,Francesco Magnanelli,7943,111974,Sassuolo,Sassuolo,Italy,Italy Serie A,2015/2016,3000000
24414,Francesco Pisano,8529,1842,Cagliari,Cagliari,Italy,Italy Serie A,2014/2015,450000
41735,Francesco Renzetti,9880,110915,Cesena,Cesena,Italy,Italy Serie A,2014/2015,700000
462944,Francesco Ruberto,10191,1715,FC Thun,FC Thun,Switzerland,Switzerland Super League,2015/2016,300000
37457,Francesco Tavano,8534,1746,Empoli,Empoli,Italy,Italy Serie A,2014/2015,50000
30714,Francesco Totti,8686,52,Roma,Roma,Italy,Italy Serie A,2015/2016,1000000
159594,Francis Coquelin,9825,1,Arsenal,Arsenal,England,England Premier League,2015/2016,13000000
46458,Francis N'Ganga,9986,670,Sporting Charleroi,Sporting Charleroi,Belgium,Belgium Jupiler League,2015/2016,600000
746419,Francisco Afonso,6403,1892,FC Paços de Ferreira,FC Paços de Ferreira,Portugal,Portugal Liga ZON Sagres,2015/2016,100000
241825,Francisco Alcacer,10267,461,Valencia CF,Valencia CF,Spain,Spain LIGA BBVA,2015/2016,25000000
33605,Francisco Javier Martos,9986,670,Sporting Charleroi,Sporting Charleroi,Belgium,Belgium Jupiler League,2015/2016,400000
38064,Francisco Molinero,8603,449,Real Betis Balompié,Real Betis Balompié,Spain,Spain LIGA BBVA,2015/2016,1500000
193226,Francisco Portillo,8603,449,Real Betis Balompié,Real Betis Balompié,Spain,Spain LIGA BBVA,2015/2016,1500000
543288,Francisco Rodriguez,10243,894,FC Zürich,FC Zürich,Switzerland,Switzerland Super League,2014/2015,700000
26107,Franck Beria,8639,65,LOSC Lille,LOSC Lille,France,France Ligue 1,2015/2016,500000
131531,Franck Berrier,8573,682,KV Oostende,KV Oostende,Belgium,Belgium Jupiler League,2015/2016,650000
194532,Franck Etoundi,10243,894,FC Zürich,FC Zürich,Switzerland,Switzerland Super League,2015/2016,1000000
466294,Franck Hery,9747,62,En Avant de Guingamp,En Avant de Guingamp,France,France Ligue 1,2015/2016,300000
501543,Franck Honorat,9831,72,OGC Nice,OGC Nice,France,France Ligue 1,2014/2015,150000
30924,Franck Ribery,9823,21,FC Bayern Munich,FC Bayern Munich,Germany,Germany 1. Bundesliga,2015/2016,9000000
26264,Franck Signorino,9837,379,Stade de Reims,Stade de Reims,France,France Ligue 1,2015/2016,500000
145070,Franck Tabanou,9853,1819,AS Saint-Étienne,AS Saint-Étienne,France,France Ligue 1,2015/2016,3500000
27663,Franco Brienza,9857,189,Bologna,Bologna,Italy,Italy Serie A,2015/2016,400000
129326,Franco Daniel Jara,9772,234,SL Benfica,SL Benfica,Portugal,Portugal Liga ZON Sagres,2014/2015,3500000
49825,Franco Di Santo,10189,34,FC Schalke 04,FC Schalke 04,Germany,Germany 1. Bundesliga,2015/2016,3500000
212644,Franco Signorelli,8534,1746,Empoli,Empoli,Italy,Italy Serie A,2014/2015,300000
270774,Franco Vazquez,8540,1843,Palermo,Palermo,Italy,Italy Serie A,2015/2016,18000000
150007,Francois Affolter,10199,897,FC Luzern,FC Luzern,Switzerland,Switzerland Super League,2015/2016,750000
46712,Francois Bellugou,8689,217,FC Lorient,FC Lorient,France,France Ligue 1,2015/2016,1500000
26162,Francois Clerc,9853,1819,AS Saint-Étienne,AS Saint-Étienne,France,France Ligue 1,2015/2016,500000
564856,Francois Kamano,7794,58,SC Bastia,SC Bastia,France,France Ligue 1,2015/2016,2500000
447455,Francois Marquet,274581,2000004,Royal Excel Mouscron,Royal Excel Mouscron,Belgium,Belgium Jupiler League,2015/2016,700000
26216,Francois Modesto,7794,58,SC Bastia,SC Bastia,France,France Ligue 1,2015/2016,250000
195706,Francois Moubandje,9941,1809,Toulouse FC,Toulouse FC,France,France Ligue 1,2015/2016,1500000
309083,Frank Acheampong,8635,229,RSC Anderlecht,RSC Anderlecht,Belgium,Belgium Jupiler League,2015/2016,5000000
95226,Frank Feltscher,9930,434,FC Aarau,FC Aarau,Switzerland,Switzerland Super League,2014/2015,350000
30631,Frank Lampard,8456,10,Manchester City,Manchester City,England,England Premier League,2014/2015,1000000
26708,Frank van der Struijk,8525,1907,Willem II,Willem II,Netherlands,Netherlands Eredivisie,2015/2016,450000
210952,Frano Mlinar,9930,434,FC Aarau,FC Aarau,Switzerland,Switzerland Super League,2014/2015,400000
174853,Fransergio,10212,1893,CS Marítimo,CS Marítimo,Portugal,Portugal Liga ZON Sagres,2015/2016,1500000
95336,Fraser Forster,8466,17,Southampton,Southampton,England,England Premier League,2015/2016,15000000
191583,Frederic Bulot,9837,379,Stade de Reims,Stade de Reims,France,France Ligue 1,2015/2016,2000000
346651,Frederic Gounongbe,10001,681,KVC Westerlo,KVC Westerlo,Belgium,Belgium Jupiler League,2015/2016,1500000
612747,Frederic Guilbert,9827,59,Girondins de Bordeaux,Girondins de Bordeaux,France,France Ligue 1,2015/2016,2000000
658657,Frederic Maciel,274581,2000004,Royal Excel Mouscron,Royal Excel Mouscron,Belgium,Belgium Jupiler League,2015/2016,400000
195500,Frederic Mendy,7842,10020,Estoril Praia,Estoril Praia,Portugal,Portugal Liga ZON Sagres,2015/2016,500000
282287,Frederic Veseli,7896,2000003,Lugano,Lugano,Switzerland,Switzerland Super League,2015/2016,800000
361379,Frederico Venancio,10238,665,Vitória Setúbal,Vitória Setúbal,Portugal,Portugal Liga ZON Sagres,2015/2016,2000000
149174,Frederik Frans,8426,1754,Partick Thistle F.C.,Partick Thistle F.C.,Scotland,Scotland Premier League,2015/2016,350000
231753,Frederik Soerensen,8722,31,1. FC Köln,1. FC Köln,Germany,Germany 1. Bundesliga,2015/2016,5000000
149334,Fredric Brillant,8573,682,KV Oostende,KV Oostende,Belgium,Belgium Jupiler League,2015/2016,650000
180283,Fredrik Ulvestad,8191,1796,Burnley,Burnley,England,England Premier League,2014/2015,750000
41199,Fredy Guarin,8636,44,Inter,Inter,Italy,Italy Serie A,2015/2016,7000000
323438,Fredy Hinestroza,8305,1860,Getafe CF,Getafe CF,Spain,Spain LIGA BBVA,2014/2015,1000000
74077,Fredy Montero,9768,237,Sporting CP,Sporting CP,Portugal,Portugal Liga ZON Sagres,2015/2016,6000000
101586,Freek Heerkens,8525,1907,Willem II,Willem II,Netherlands,Netherlands Eredivisie,2015/2016,400000
178461,Freire,10214,1891,CD Nacional,CD Nacional,Portugal,Portugal Liga ZON Sagres,2014/2015,600000
67304,Fulvio Sulmoni,10191,1715,FC Thun,FC Thun,Switzerland,Switzerland Super League,2015/2016,600000
171786,Funso Ojo,8525,1907,Willem II,Willem II,Netherlands,Netherlands Eredivisie,2015/2016,1000000
150248,Furdjel Narsingh,7788,647,SC Cambuur,SC Cambuur,Netherlands,Netherlands Eredivisie,2015/2016,450000
748432,Fynn Arkenberg,9904,485,Hannover 96,Hannover 96,Germany,Germany 1. Bundesliga,2015/2016,200000
33635,Gabi,9906,240,Atlético Madrid,Atlético Madrid,Spain,Spain LIGA BBVA,2015/2016,10000000
265273,Gabriel,9875,48,Napoli,Napoli,Italy,Italy Serie A,2015/2016,2000000
23264,Gabriel Agbonlahor,10252,2,Aston Villa,Aston Villa,England,England Premier League,2015/2016,2500000
535938,Gabriel Boschilia,9985,232,Standard de Liège,Standard de Liège,Belgium,Belgium Jupiler League,2015/2016,4000000
477470,Gabriel Moura,9764,1888,Gil Vicente FC,Gil Vicente FC,Portugal,Portugal Liga ZON Sagres,2014/2015,600000
39968,Gabriel Obertan,10261,13,Newcastle United,Newcastle United,England,England Premier League,2015/2016,1000000
40621,Gabriel Paletta,8524,39,Atalanta,Atalanta,Italy,Italy Serie A,2015/2016,5000000
177503,Gabriel Paulista,9825,1,Arsenal,Arsenal,England,England Premier League,2015/2016,12000000
202341,Gabriel Silva,10233,110556,Genoa,Genoa,Italy,Italy Serie A,2015/2016,3000000
41478,Gabriele Perico,9880,110915,Cesena,Cesena,Italy,Italy Serie A,2014/2015,200000
25595,Gaby Mudingayi,9880,110915,Cesena,Cesena,Italy,Italy Serie A,2014/2015,50000
277384,Gael Angoula,8121,1530,Angers SCO,Angers SCO,France,France Ligue 1,2015/2016,250000
31291,Gael Clichy,8456,10,Manchester City,Manchester City,England,England Premier League,2015/2016,9000000
40758,Gael Danic,7794,58,SC Bastia,SC Bastia,France,France Ligue 1,2015/2016,500000
30739,Gael Givet,4087,111271,Évian Thonon Gaillard FC,Évian Thonon Gaillard FC,France,France Ligue 1,2014/2015,250000
163205,Gael Kakuta,8302,481,Sevilla FC,Sevilla FC,Spain,Spain LIGA BBVA,2015/2016,1700000
426873,Gaetan Bussmann,9905,169,1. FSV Mainz 05,1. FSV Mainz 05,Germany,Germany 1. Bundesliga,2015/2016,2500000
159839,Gaetan Charbonnier,9837,379,Stade de Reims,Stade de Reims,France,France Ligue 1,2015/2016,1500000
245287,Gaetan Courtet,9837,379,Stade de Reims,Stade de Reims,France,France Ligue 1,2014/2015,1500000
561611,Gaetan Hendrickx,9997,680,Sint-Truidense VV,Sint-Truidense VV,Belgium,Belgium Jupiler League,2015/2016,350000
263693,Gaetan Karlen,10191,1715,FC Thun,FC Thun,Switzerland,Switzerland Super League,2014/2015,500000
414856,Gaetano Letizia,208931,112409,Carpi,Carpi,Italy,Italy Serie A,2015/2016,2300000
400957,Gaetano Monachello,8524,39,Atalanta,Atalanta,Italy,Italy Serie A,2015/2016,800000
391038,Garcia Tena,8429,184,Hamilton Academical FC,Hamilton Academical FC,Scotland,Scotland Premier League,2015/2016,350000
31921,Gareth Bale,8633,243,Real Madrid CF,Real Madrid CF,Spain,Spain LIGA BBVA,2015/2016,90000000
23782,Gareth Barry,8668,7,Everton,Everton,England,England Premier League,2015/2016,2000000
32441,Gareth McAuley,8659,109,West Bromwich Albion,West Bromwich Albion,England,England Premier League,2015/2016,1000000
302912,Garry Mendes Rodrigues,10268,468,Elche CF,Elche CF,Spain,Spain LIGA BBVA,2014/2015,3500000
23783,Gary Cahill,8455,5,Chelsea,Chelsea,England,England Premier League,2015/2016,16000000
5272,Gary Coulibaly,8475,110913,Waasland-Beveren,Waasland-Beveren,Belgium,Belgium Jupiler League,2015/2016,500000
79320,Gary Dicker,8597,82,Kilmarnock,Kilmarnock,Scotland,Scotland Premier League,2015/2016,500000
35787,Gary Fraser,8426,1754,Partick Thistle F.C.,Partick Thistle F.C.,Scotland,Scotland Premier League,2015/2016,250000
37774,Gary Harkins,8284,180,Dundee FC,Dundee FC,Scotland,Scotland Premier League,2015/2016,300000
109147,Gary Irvine,8284,180,Dundee FC,Dundee FC,Scotland,Scotland Premier League,2015/2016,225000
243160,Gary Mackay-Steven,9925,78,Celtic,Celtic,Scotland,Scotland Premier League,2015/2016,1000000
49970,Gary Medel,8636,44,Inter,Inter,Italy,Italy Serie A,2015/2016,13000000
39079,Gary Miller,8426,1754,Partick Thistle F.C.,Partick Thistle F.C.,Scotland,Scotland Premier League,2015/2016,200000
24393,Gary O'Neil,9850,1792,Norwich City,Norwich City,England,England Premier League,2015/2016,750000
24839,Gary Teale,9800,100805,St. Mirren,St. Mirren,Scotland,Scotland Premier League,2014/2015,250000
35751,Gary Warren,8066,620,Inverness Caledonian Thistle,Inverness Caledonian Thistle,Scotland,Scotland Premier League,2015/2016,325000
168673,Gary Woods,8649,631,Ross County FC,Ross County FC,Scotland,Scotland Premier League,2015/2016,250000
267260,Gaston Brugman,8540,1843,Palermo,Palermo,Italy,Italy Serie A,2015/2016,1200000
441883,Gaston Pereiro,8640,247,PSV,PSV,Netherlands,Netherlands Eredivisie,2015/2016,7000000
190872,Gaston Ramirez,8667,1952,Hull City,Hull City,England,England Premier League,2014/2015,5000000
315460,Gaston Silva,9804,54,Torino,Torino,Italy,Italy Serie A,2015/2016,1800000
420731,Gautier Lloris,9831,72,OGC Nice,OGC Nice,France,France Ligue 1,2015/2016,150000
162548,Gavin Gunning,9938,181,Dundee United,Dundee United,Scotland,Scotland Premier League,2015/2016,250000
209815,Gavin Reilly,9860,80,Heart of Midlothian,Heart of Midlothian,Scotland,Scotland Premier League,2015/2016,250000
419791,Gege,158085,112513,FC Arouca,FC Arouca,Portugal,Portugal Liga ZON Sagres,2015/2016,1000000
575225,Gelson,9768,237,Sporting CP,Sporting CP,Portugal,Portugal Liga ZON Sagres,2015/2016,12000000
42119,Gelson Fernandes,9851,74,Stade Rennais FC,Stade Rennais FC,France,France Ligue 1,2015/2016,3000000
166452,Genki Haraguchi,8177,166,Hertha BSC Berlin,Hertha BSC Berlin,Germany,Germany 1. Bundesliga,2015/2016,3000000
39273,Gennaro Sardo,8533,192,Chievo Verona,Chievo Verona,Italy,Italy Serie A,2015/2016,100000
67329,Genseric Kusunga,6367,2000001,Uniao da Madeira,Uniao da Madeira,Portugal,Portugal Liga ZON Sagres,2015/2016,150000
119541,Geoff Cameron,10194,1806,Stoke City,Stoke City,England,England Premier League,2015/2016,3000000
46705,Geoffrey Jourdren,10249,70,Montpellier Hérault SC,Montpellier Hérault SC,France,France Ligue 1,2015/2016,2500000
214972,Geoffrey Kondogbia,8636,44,Inter,Inter,Italy,Italy Serie A,2015/2016,20000000
104389,Geoffrey Mujangi Bia,10179,110770,FC Sion,FC Sion,Switzerland,Switzerland Super League,2015/2016,1500000
67333,Geoffrey Treand,10190,898,FC St. Gallen,FC St. Gallen,Switzerland,Switzerland Super League,2015/2016,350000
29471,Georg Niedermaier,10269,36,VfB Stuttgart,VfB Stuttgart,Germany,Germany 1. Bundesliga,2015/2016,1250000
32304,George Boyd,8191,1796,Burnley,Burnley,England,England Premier League,2014/2015,4000000
241996,George Long,9927,83,Motherwell,Motherwell,Scotland,Scotland Premier League,2014/2015,150000
501940,George Puscas,8636,44,Inter,Inter,Italy,Italy Serie A,2014/2015,1000000
450003,Georgemy,7842,10020,Estoril Praia,Estoril Praia,Portugal,Portugal Liga ZON Sagres,2015/2016,250000
473855,Georges N'Koudou,8592,219,Olympique de Marseille,Olympique de Marseille,France,France Ligue 1,2015/2016,8000000
180134,Georgi Milanov,9956,322,Grasshopper Club Zürich,Grasshopper Club Zürich,Switzerland,Switzerland Super League,2015/2016,3000000
108038,Georginio Wijnaldum,10261,13,Newcastle United,Newcastle United,England,England Premier League,2015/2016,22000000
269806,Georgiy Zhukov,9803,1902,Roda JC Kerkrade,Roda JC Kerkrade,Netherlands,Netherlands Eredivisie,2015/2016,700000
281747,Gerard Badia,8028,111086,Piast Gliwice,Piast Gliwice,Poland,Poland Ekstraklasa,2015/2016,400000
251925,Gerard Deulofeu,8668,7,Everton,Everton,England,England Premier League,2015/2016,9000000
246438,Gerard Moreno,8558,452,RCD Espanyol,RCD Espanyol,Spain,Spain LIGA BBVA,2015/2016,3500000
37482,Gerard Pique,8634,241,FC Barcelona,FC Barcelona,Spain,Spain LIGA BBVA,2015/2016,40000000
274156,Gergo Lovrencsics,2182,873,Lech Poznań,Lech Poznań,Poland,Poland Ekstraklasa,2015/2016,700000
33339,Gerhard Tremmel,10003,1960,Swansea City,Swansea City,England,England Premier League,2014/2015,500000
32678,German Dario Lux,9783,242,RC Deportivo de La Coruña,RC Deportivo de La Coruña,Spain,Spain LIGA BBVA,2015/2016,1000000
35421,German Denis,8524,39,Atalanta,Atalanta,Italy,Italy Serie A,2015/2016,1000000
186991,German Pezzela,8603,449,Real Betis Balompié,Real Betis Balompié,Spain,Spain LIGA BBVA,2015/2016,3000000
42113,Germano Vailati,9931,896,FC Basel,FC Basel,Switzerland,Switzerland Super League,2015/2016,250000
245555,Geronimo Rulli,8560,457,Real Sociedad,Real Sociedad,Spain,Spain LIGA BBVA,2015/2016,8000000
362711,Gerso Fernandes,7842,10020,Estoril Praia,Estoril Praia,Portugal,Portugal Liga ZON Sagres,2015/2016,1250000
307302,Gerson Guimaraes,8030,111091,Lechia Gdańsk,Lechia Gdańsk,Poland,Poland Ekstraklasa,2015/2016,500000
95614,Gertjan De Mets,8571,100081,KV Kortrijk,KV Kortrijk,Belgium,Belgium Jupiler League,2015/2016,1000000
37950,Gervinho,8686,52,Roma,Roma,Italy,Italy Serie A,2015/2016,10000000
257540,Gevaro Nepomuceno,10212,1893,CS Marítimo,CS Marítimo,Portugal,Portugal Liga ZON Sagres,2015/2016,350000
73172,Gevorg Ghazaryan,10212,1893,CS Marítimo,CS Marítimo,Portugal,Portugal Liga ZON Sagres,2015/2016,800000
17762,Ghislain Gimbert,10000,15005,SV Zulte-Waregem,SV Zulte-Waregem,Belgium,Belgium Jupiler League,2014/2015,800000
127460,Giacomo Bonaventura,8564,47,Milan,Milan,Italy,Italy Serie A,2015/2016,21000000
24549,Giampaolo Pazzini,9876,206,Hellas Verona,Hellas Verona,Italy,Italy Serie A,2015/2016,1500000
27731,Giampiero Pinzi,8533,192,Chievo Verona,Chievo Verona,Italy,Italy Serie A,2015/2016,300000
667968,Gian Martins,6367,2000001,Uniao da Madeira,Uniao da Madeira,Portugal,Portugal Liga ZON Sagres,2015/2016,500000
118616,Giancarlo Gonzalez,8540,1843,Palermo,Palermo,Italy,Italy Serie A,2015/2016,3400000
27684,Giandomenico Mesto,9875,48,Napoli,Napoli,Italy,Italy Serie A,2014/2015,500000
121115,Gianluca Frontino,10191,1715,FC Thun,FC Thun,Switzerland,Switzerland Super League,2015/2016,700000
566785,Gianluca Gaudino,10190,898,FC St. Gallen,FC St. Gallen,Switzerland,Switzerland Super League,2015/2016,2000000
232152,Gianluca Hossmann,9956,322,Grasshopper Club Zürich,Grasshopper Club Zürich,Switzerland,Switzerland Super League,2014/2015,125000
414788,Gianluca Pegolo,7943,111974,Sassuolo,Sassuolo,Italy,Italy Serie A,2015/2016,500000
150410,Gianluca Sansone,9882,1837,Sampdoria,Sampdoria,Italy,Italy Serie A,2014/2015,1200000
540073,Gian-Luca Waldschmidt,9810,1824,Eintracht Frankfurt,Eintracht Frankfurt,Germany,Germany 1. Bundesliga,2014/2015,1500000
30717,Gianluigi Buffon,9885,45,Juventus,Juventus,Italy,Italy Serie A,2015/2016,2000000
618878,Gianluigi Donnarumma,8564,47,Milan,Milan,Italy,Italy Serie A,2015/2016,15000000
186831,Giannelli Imbula Wanga,10194,1806,Stoke City,Stoke City,England,England Premier League,2015/2016,18000000
196805,Gianni Bruno,8689,217,FC Lorient,FC Lorient,France,France Ligue 1,2014/2015,1000000
31731,Gianni Zuiverloon,10217,650,ADO Den Haag,ADO Den Haag,Netherlands,Netherlands Eredivisie,2015/2016,300000
39201,Gianpaolo Bellini,8524,39,Atalanta,Atalanta,Italy,Italy Serie A,2015/2016,100000
26465,Gibril Sankoh,9803,1902,Roda JC Kerkrade,Roda JC Kerkrade,Netherlands,Netherlands Eredivisie,2015/2016,450000
268306,Gideao,8613,1898,Boavista FC,Boavista FC,Portugal,Portugal Liga ZON Sagres,2015/2016,300000
553557,Gideon Jung,9790,28,Hamburger SV,Hamburger SV,Germany,Germany 1. Bundesliga,2015/2016,1750000
80265,Giedrius Arlauskis,8558,452,RCD Espanyol,RCD Espanyol,Spain,Spain LIGA BBVA,2015/2016,1250000
243429,Giliano Wijnaldum,6433,100632,Go Ahead Eagles,Go Ahead Eagles,Netherlands,Netherlands Eredivisie,2014/2015,300000
26616,Gill Swerts,9761,1904,NAC Breda,NAC Breda,Netherlands,Netherlands Eredivisie,2014/2015,250000
46244,Gilles Cioni,7794,58,SC Bastia,SC Bastia,France,France Ligue 1,2015/2016,500000
466157,Gilles Dewaele,9984,1750,KSV Cercle Brugge,KSV Cercle Brugge,Belgium,Belgium Jupiler League,2014/2015,400000
538333,Gilles Ruyssen,10001,681,KVC Westerlo,KVC Westerlo,Belgium,Belgium Jupiler League,2015/2016,400000
187669,Gilles Sunu,8121,1530,Angers SCO,Angers SCO,France,France Ligue 1,2015/2016,2000000
41116,Gilles Yapi,10243,894,FC Zürich,FC Zürich,Switzerland,Switzerland Super League,2015/2016,250000
518535,Gino Bosz,9791,100634,Heracles Almelo,Heracles Almelo,Netherlands,Netherlands Eredivisie,2015/2016,300000
37206,Gino Coutinho,10229,1906,AZ,AZ,Netherlands,Netherlands Eredivisie,2015/2016,600000
41884,Giorgio Chiellini,9885,45,Juventus,Juventus,Italy,Italy Serie A,2015/2016,12000000
72545,Giorgos Galitsios,9994,2007,Sporting Lokeren,Sporting Lokeren,Belgium,Belgium Jupiler League,2015/2016,750000
187336,Giorgos Katsikas,8611,1908,FC Twente,FC Twente,Netherlands,Netherlands Eredivisie,2015/2016,800000
41157,Giovani dos Santos,10205,483,Villarreal CF,Villarreal CF,Spain,Spain LIGA BBVA,2014/2015,6000000
357230,Giovanni Korte,10217,650,ADO Den Haag,ADO Den Haag,Netherlands,Netherlands Eredivisie,2015/2016,400000
39284,Giovanni Marchese,10233,110556,Genoa,Genoa,Italy,Italy Serie A,2015/2016,2000000
39357,Giovanni Pasquale,8600,55,Udinese,Udinese,Italy,Italy Serie A,2015/2016,300000
79246,Giovanni Sio,9851,74,Stade Rennais FC,Stade Rennais FC,France,France Ligue 1,2015/2016,4000000
191080,Giulio Donati,9905,169,1. FSV Mainz 05,1. FSV Mainz 05,Germany,Germany 1. Bundesliga,2015/2016,2500000
39207,Giulio Migliaccio,8524,39,Atalanta,Atalanta,Italy,Italy Serie A,2015/2016,300000
41376,Giuseppe De Feudis,9880,110915,Cesena,Cesena,Italy,Italy Serie A,2014/2015,125000
670928,Giuseppe Pezzella,8540,1843,Palermo,Palermo,Italy,Italy Serie A,2015/2016,500000
38699,Giuseppe Rossi,8581,1853,Levante UD,Levante UD,Spain,Spain LIGA BBVA,2015/2016,7500000
41432,Giuseppe Vives,9804,54,Torino,Torino,Italy,Italy Serie A,2015/2016,500000
430995,Gjoko Zajkov,9986,670,Sporting Charleroi,Sporting Charleroi,Belgium,Belgium Jupiler League,2015/2016,300000
42568,Gladstone,9764,1888,Gil Vicente FC,Gil Vicente FC,Portugal,Portugal Liga ZON Sagres,2014/2015,300000
34036,Glen Johnson,10194,1806,Stoke City,Stoke City,England,England Premier League,2015/2016,7000000
241501,Glenn Claes,8203,110724,KV Mechelen,KV Mechelen,Belgium,Belgium Jupiler League,2015/2016,800000
35523,Glenn Murray,8678,1943,Bournemouth,Bournemouth,England,England Premier League,2015/2016,3500000
23253,Glenn Whelan,10194,1806,Stoke City,Stoke City,England,England Premier League,2015/2016,3000000
45839,Glynor Plet,6433,100632,Go Ahead Eagles,Go Ahead Eagles,Netherlands,Netherlands Eredivisie,2014/2015,800000
426880,Gnaly Maxwell Cornet,9748,66,Olympique Lyonnais,Olympique Lyonnais,France,France Ligue 1,2015/2016,8000000
518663,Godfred Donsah,9857,189,Bologna,Bologna,Italy,Italy Serie A,2015/2016,6000000
16300,Gojko Kacar,9790,28,Hamburger SV,Hamburger SV,Germany,Germany 1. Bundesliga,2015/2016,1250000
25818,Gokhan Inler,8197,95,Leicester City,Leicester City,England,England Premier League,2015/2016,4000000
23947,Goncalo Brandao,9807,1889,CF Os Belenenses,CF Os Belenenses,Portugal,Portugal Liga ZON Sagres,2015/2016,1500000
536455,Goncalo Guedes,9772,234,SL Benfica,SL Benfica,Portugal,Portugal Liga ZON Sagres,2015/2016,9000000
388514,Goncalo Paciencia,10215,1901,Académica de Coimbra,Académica de Coimbra,Portugal,Portugal Liga ZON Sagres,2015/2016,1000000
361700,Goncalo Silva,9807,1889,CF Os Belenenses,CF Os Belenenses,Portugal,Portugal Liga ZON Sagres,2015/2016,800000
37273,Gonzalo Bergessio,9882,1837,Sampdoria,Sampdoria,Italy,Italy Serie A,2014/2015,1500000
27427,Gonzalo Castro,9789,22,Borussia Dortmund,Borussia Dortmund,Germany,Germany 1. Bundesliga,2015/2016,15000000
56686,Gonzalo Castro,9864,573,Málaga CF,Málaga CF,Spain,Spain LIGA BBVA,2015/2016,2500000
434404,Gonzalo Escalante,8372,467,SD Eibar,SD Eibar,Spain,Spain LIGA BBVA,2015/2016,3500000
42534,Gonzalo Garcia,9791,100634,Heracles Almelo,Heracles Almelo,Netherlands,Netherlands Eredivisie,2015/2016,300000
25759,Gonzalo Higuain,9875,48,Napoli,Napoli,Italy,Italy Serie A,2015/2016,75000000
49885,Gonzalo Jara,9905,169,1. FSV Mainz 05,1. FSV Mainz 05,Germany,Germany 1. Bundesliga,2015/2016,1000000
38458,Gonzalo Rodriguez,8535,110374,Fiorentina,Fiorentina,Italy,Italy Serie A,2015/2016,6500000
93223,Gonzalo Zarate,10191,1715,FC Thun,FC Thun,Switzerland,Switzerland Super League,2015/2016,250000
114212,Goran Jozinovic,7896,2000003,Lugano,Lugano,Switzerland,Switzerland Super League,2015/2016,450000
67401,Goran Karanovic,8121,1530,Angers SCO,Angers SCO,France,France Ligue 1,2015/2016,800000
25597,Goran Pandev,10233,110556,Genoa,Genoa,Italy,Italy Serie A,2015/2016,500000
38540,Gorka Elustondo,8315,448,Athletic Club de Bilbao,Athletic Club de Bilbao,Spain,Spain LIGA BBVA,2015/2016,2000000
33764,Gorka Iraizoz Moreno,8315,448,Athletic Club de Bilbao,Athletic Club de Bilbao,Spain,Spain LIGA BBVA,2015/2016,1500000
157252,Gotoku Sakai,9790,28,Hamburger SV,Hamburger SV,Germany,Germany 1. Bundesliga,2015/2016,2000000
557356,Gracjan Horoszkiewicz,8033,111087,Podbeskidzie Bielsko-Biała,Podbeskidzie Bielsko-Biała,Poland,Poland Ekstraklasa,2015/2016,100000
180274,Graeme Shinnie,8485,77,Aberdeen,Aberdeen,Scotland,Scotland Premier League,2015/2016,600000
166963,Graham Carey,8649,631,Ross County FC,Ross County FC,Scotland,Scotland Premier League,2014/2015,400000
110738,Graham Cummins,8467,100804,St. Johnstone FC,St. Johnstone FC,Scotland,Scotland Premier League,2015/2016,250000
32734,Graham Dorrans,9850,1792,Norwich City,Norwich City,England,England Premier League,2015/2016,3500000
632488,Gramoz Kurtaj,8429,184,Hamilton Academical FC,Hamilton Academical FC,Scotland,Scotland Premier League,2015/2016,200000
207236,Granit Xhaka,9788,23,Borussia Mönchengladbach,Borussia Mönchengladbach,Germany,Germany 1. Bundesliga,2015/2016,35000000
127140,Grant Gillespie,8429,184,Hamilton Academical FC,Hamilton Academical FC,Scotland,Scotland Premier League,2015/2016,350000
41280,Graziano Pelle,8466,17,Southampton,Southampton,England,England Premier League,2015/2016,8000000
430429,Greg Docherty,8429,184,Hamilton Academical FC,Hamilton Academical FC,Scotland,Scotland Premier League,2015/2016,125000
448812,Greg Kiltie,8597,82,Kilmarnock,Kilmarnock,Scotland,Scotland Premier League,2015/2016,250000
210858,Greg Stewart,8284,180,Dundee FC,Dundee FC,Scotland,Scotland Premier League,2015/2016,600000
41896,Greg Tansey,8066,620,Inverness Caledonian Thistle,Inverness Caledonian Thistle,Scotland,Scotland Premier League,2015/2016,400000
171803,Gregg Wylde,9800,100805,St. Mirren,St. Mirren,Scotland,Scotland Premier League,2014/2015,350000
265924,Gregoire Defrel,7943,111974,Sassuolo,Sassuolo,Italy,Italy Serie A,2015/2016,7500000
210122,Gregoire Puel,9831,72,OGC Nice,OGC Nice,France,France Ligue 1,2014/2015,800000
240790,Gregor Breinburg,8464,1910,N.E.C.,N.E.C.,Netherlands,Netherlands Eredivisie,2015/2016,900000
26327,Gregory Bourillon,8121,1530,Angers SCO,Angers SCO,France,France Ligue 1,2015/2016,1000000
243250,Gregory Mertens,9994,2007,Sporting Lokeren,Sporting Lokeren,Belgium,Belgium Jupiler League,2014/2015,1000000
41240,Gregory Pujol,6391,110316,GFC Ajaccio,GFC Ajaccio,France,France Ligue 1,2015/2016,250000
154230,Gregory Sertic,9827,59,Girondins de Bordeaux,Girondins de Bordeaux,France,France Ligue 1,2015/2016,4000000
109651,Gregory van der Wiel,9847,73,Paris Saint-Germain,Paris Saint-Germain,France,France Ligue 1,2015/2016,7500000
562695,Grejohn Kyei,9837,379,Stade de Reims,Stade de Reims,France,France Ligue 1,2015/2016,800000
47246,Grzegorz Baran,8569,110744,GKS Bełchatów,GKS Bełchatów,Poland,Poland Ekstraklasa,2014/2015,100000
69238,Grzegorz Bonin,8019,110565,Górnik Łęczna,Górnik Łęczna,Poland,Poland Ekstraklasa,2015/2016,250000
68835,Grzegorz Kasprzik,8020,2000002,Polonia Bytom,Polonia Bytom,Poland,Poland Ekstraklasa,2015/2016,100000
154232,Grzegorz Krychowiak,8302,481,Sevilla FC,Sevilla FC,Spain,Spain LIGA BBVA,2015/2016,30000000
115724,Grzegorz Kuswik,8030,111091,Lechia Gdańsk,Lechia Gdańsk,Poland,Poland Ekstraklasa,2015/2016,600000
178689,Grzegorz Piesio,8019,110565,Górnik Łęczna,Górnik Łęczna,Poland,Poland Ekstraklasa,2015/2016,350000
114822,Grzegorz Sandomierski,2186,110747,Cracovia,Cracovia,Poland,Poland Ekstraklasa,2015/2016,400000
13480,Grzegorz Wojtkowiak,8030,111091,Lechia Gdańsk,Lechia Gdańsk,Poland,Poland Ekstraklasa,2015/2016,250000
39726,Guglielmo Stendardo,8524,39,Atalanta,Atalanta,Italy,Italy Serie A,2015/2016,400000
267894,Guido Marcelo Carrillo,9829,69,AS Monaco,AS Monaco,France,France Ligue 1,2015/2016,5500000
150407,Guido Marilungo,9880,110915,Cesena,Cesena,Italy,Italy Serie A,2014/2015,600000
426878,Guido Milan,8550,68,FC Metz,FC Metz,France,France Ligue 1,2014/2015,1250000
267863,Guilherme,8600,55,Udinese,Udinese,Italy,Italy Serie A,2015/2016,2500000
196824,Guilherme,8673,1871,Legia Warszawa,Legia Warszawa,Poland,Poland Ekstraklasa,2015/2016,1500000
40139,Guilherme Siqueira,10267,461,Valencia CF,Valencia CF,Spain,Spain LIGA BBVA,2015/2016,3000000
67311,Guillaume Faivre,10191,1715,FC Thun,FC Thun,Switzerland,Switzerland Super League,2015/2016,750000
166679,Guillaume Francois,9986,670,Sporting Charleroi,Sporting Charleroi,Belgium,Belgium Jupiler League,2014/2015,650000
38253,Guillaume Gillet,9830,71,FC Nantes,FC Nantes,France,France Ligue 1,2015/2016,2000000
37554,Guillaume Hoarau,10192,900,BSC Young Boys,BSC Young Boys,Switzerland,Switzerland Super League,2015/2016,2000000
279874,Guillaume Hubert,9985,232,Standard de Liège,Standard de Liège,Belgium,Belgium Jupiler League,2015/2016,800000
282460,Guillermo,8315,448,Athletic Club de Bilbao,Athletic Club de Bilbao,Spain,Spain LIGA BBVA,2014/2015,700000
31047,Guillermo Ochoa,9864,573,Málaga CF,Málaga CF,Spain,Spain LIGA BBVA,2015/2016,3000000
33422,Guillermo Rodriguez,9876,206,Hellas Verona,Hellas Verona,Italy,Italy Serie A,2014/2015,150000
465614,Guillermo Varela,10260,11,Manchester United,Manchester United,England,England Premier League,2015/2016,750000
25560,Guirane N'Daw,8550,68,FC Metz,FC Metz,France,France Ligue 1,2014/2015,250000
157630,Guram Kashia,8277,1909,Vitesse,Vitesse,Netherlands,Netherlands Eredivisie,2015/2016,2500000
535701,Gustavo,10214,1891,CD Nacional,CD Nacional,Portugal,Portugal Liga ZON Sagres,2015/2016,750000
18673,Gustavo Cabral,9910,450,RC Celta de Vigo,RC Celta de Vigo,Spain,Spain LIGA BBVA,2015/2016,6000000
500602,Gustavo Campanharo,9876,206,Hellas Verona,Hellas Verona,Italy,Italy Serie A,2014/2015,2000000
680032,Gustavo Hebling,6413,1914,PEC Zwolle,PEC Zwolle,Netherlands,Netherlands Eredivisie,2015/2016,500000
172346,Guus Hupperts,8525,1907,Willem II,Willem II,Netherlands,Netherlands Eredivisie,2015/2016,800000
106373,Guus Joppen,8525,1907,Willem II,Willem II,Netherlands,Netherlands Eredivisie,2015/2016,450000
30668,Guy Demel,9938,181,Dundee United,Dundee United,Scotland,Scotland Premier League,2015/2016,400000
426553,Guy N'Gosso,8121,1530,Angers SCO,Angers SCO,France,France Ligue 1,2015/2016,250000
102290,Guyon Fernandez,9761,1904,NAC Breda,NAC Breda,Netherlands,Netherlands Eredivisie,2014/2015,500000
157729,Gylfi Sigurdsson,10003,1960,Swansea City,Swansea City,England,England Premier League,2015/2016,17000000
41930,Gyorgy Garics,8262,110502,SV Darmstadt 98,SV Darmstadt 98,Germany,Germany 1. Bundesliga,2015/2016,750000
37292,Haavard Nordtveit,9788,23,Borussia Mönchengladbach,Borussia Mönchengladbach,Germany,Germany 1. Bundesliga,2015/2016,6000000
20125,Hajime Hosogai,8177,166,Hertha BSC Berlin,Hertha BSC Berlin,Germany,Germany 1. Bundesliga,2014/2015,800000
304733,Hakan Calhanoglu,8178,32,Bayer 04 Leverkusen,Bayer 04 Leverkusen,Germany,Germany 1. Bundesliga,2015/2016,18000000
614213,Hakim Borahsasar,9761,1904,NAC Breda,NAC Breda,Netherlands,Netherlands Eredivisie,2014/2015,100000
360559,Hakim Ziyech,8611,1908,FC Twente,FC Twente,Netherlands,Netherlands Eredivisie,2015/2016,11000000
35997,Halil Altintop,8406,100409,FC Augsburg,FC Augsburg,Germany,Germany 1. Bundesliga,2015/2016,1000000
610534,Hamadou Karamoko,8689,217,FC Lorient,FC Lorient,France,France Ligue 1,2015/2016,250000
426892,Hamari Traore,9837,379,Stade de Reims,Stade de Reims,France,France Ligue 1,2015/2016,2000000
212285,Hamdi Harbaoui,9994,2007,Sporting Lokeren,Sporting Lokeren,Belgium,Belgium Jupiler League,2015/2016,2000000
129241,Hannes Thor Halldorsson,8464,1910,N.E.C.,N.E.C.,Netherlands,Netherlands Eredivisie,2015/2016,400000
232299,Hannes van der Bruggen,9991,674,KAA Gent,KAA Gent,Belgium,Belgium Jupiler League,2015/2016,1200000
38789,Hans Cornelis,9984,1750,KSV Cercle Brugge,KSV Cercle Brugge,Belgium,Belgium Jupiler League,2014/2015,200000
485047,Hans Hateboer,8674,1915,FC Groningen,FC Groningen,Netherlands,Netherlands Eredivisie,2015/2016,850000
203666,Hans Vanaken,8342,231,Club Brugge KV,Club Brugge KV,Belgium,Belgium Jupiler League,2015/2016,5500000
384343,Haris Hajradinovic,9991,674,KAA Gent,KAA Gent,Belgium,Belgium Jupiler League,2014/2015,600000
33588,Haris Medunjanin,9783,242,RC Deportivo de La Coruña,RC Deportivo de La Coruña,Spain,Spain LIGA BBVA,2014/2015,2000000
170775,Haris Seferovic,9810,1824,Eintracht Frankfurt,Eintracht Frankfurt,Germany,Germany 1. Bundesliga,2015/2016,4500000
388903,Haris Tabakovic,9956,322,Grasshopper Club Zürich,Grasshopper Club Zürich,Switzerland,Switzerland Super League,2015/2016,400000
161014,Harm Zeinstra,7788,647,SC Cambuur,SC Cambuur,Netherlands,Netherlands Eredivisie,2015/2016,250000
502420,Harrison Reed,8466,17,Southampton,Southampton,England,England Premier League,2014/2015,1500000
155129,Harry Arter,8678,1943,Bournemouth,Bournemouth,England,England Premier League,2015/2016,2000000
194165,Harry Kane,8586,18,Tottenham Hotspur,Tottenham Hotspur,England,England Premier League,2015/2016,40000000
656653,Harun Alpsoy,9956,322,Grasshopper Club Zürich,Grasshopper Club Zürich,Switzerland,Switzerland Super League,2015/2016,400000
26163,Hatem Ben Arfa,9831,72,OGC Nice,OGC Nice,France,France Ligue 1,2015/2016,14000000
477167,Hebert,8028,111086,Piast Gliwice,Piast Gliwice,Poland,Poland Ekstraklasa,2015/2016,500000
427438,Hector Bellerin,9825,1,Arsenal,Arsenal,England,England Premier League,2015/2016,20000000
409005,Hector Hernandez,8560,457,Real Sociedad,Real Sociedad,Spain,Spain LIGA BBVA,2015/2016,600000
274623,Hector Herrera,9773,236,FC Porto,FC Porto,Portugal,Portugal Liga ZON Sagres,2015/2016,16000000
586478,Hector Hevel,10217,650,ADO Den Haag,ADO Den Haag,Netherlands,Netherlands Eredivisie,2015/2016,150000
70812,Hector Moreno,8640,247,PSV,PSV,Netherlands,Netherlands Eredivisie,2015/2016,8000000
207523,Hector Quinones,6547,100741,FC Penafiel,FC Penafiel,Portugal,Portugal Liga ZON Sagres,2014/2015,700000
127894,Hector Rodas,8581,1853,Levante UD,Levante UD,Spain,Spain LIGA BBVA,2014/2015,800000
183158,Hector Yuste,7878,110832,Granada CF,Granada CF,Spain,Spain LIGA BBVA,2014/2015,800000
30994,Hedwiges Maduro,8674,1915,FC Groningen,FC Groningen,Netherlands,Netherlands Eredivisie,2015/2016,800000
27461,Heiko Westermann,8603,449,Real Betis Balompié,Real Betis Balompié,Spain,Spain LIGA BBVA,2015/2016,1500000
260708,Hekuran Kryeziu,10199,897,FC Luzern,FC Luzern,Switzerland,Switzerland Super League,2015/2016,1500000
96848,Helder Cabral,10238,665,Vitória Setúbal,Vitória Setúbal,Portugal,Portugal Liga ZON Sagres,2014/2015,250000
361790,Helder Costa,9829,69,AS Monaco,AS Monaco,France,France Ligue 1,2015/2016,3000000
361723,Helder Lopes,6403,1892,FC Paços de Ferreira,FC Paços de Ferreira,Portugal,Portugal Liga ZON Sagres,2015/2016,2000000
40958,Helder Postiga,7841,744,Rio Ave FC,Rio Ave FC,Portugal,Portugal Liga ZON Sagres,2015/2016,500000
470546,Helder Tavares,188163,2000006,Tondela,Tondela,Portugal,Portugal Liga ZON Sagres,2015/2016,600000
102716,Helder Tiago Guedes,7841,744,Rio Ave FC,Rio Ave FC,Portugal,Portugal Liga ZON Sagres,2015/2016,1250000
184114,Heldon,7841,744,Rio Ave FC,Rio Ave FC,Portugal,Portugal Liga ZON Sagres,2015/2016,1750000
46784,Helio Pinto,8673,1871,Legia Warszawa,Legia Warszawa,Poland,Poland Ekstraklasa,2014/2015,150000
40963,Helton,9773,236,FC Porto,FC Porto,Portugal,Portugal Liga ZON Sagres,2015/2016,100000
237534,Henk Dijkhuizen,9803,1902,Roda JC Kerkrade,Roda JC Kerkrade,Netherlands,Netherlands Eredivisie,2015/2016,500000
39142,Henok Goitom,8305,1860,Getafe CF,Getafe CF,Spain,Spain LIGA BBVA,2015/2016,750000
132701,Henri Anier,9938,181,Dundee United,Dundee United,Scotland,Scotland Premier League,2015/2016,250000
41360,Henri Bedimo,9748,66,Olympique Lyonnais,Olympique Lyonnais,France,France Ligue 1,2015/2016,1000000
194036,Henri Bienvenu Ntsama,10242,294,ES Troyes AC,ES Troyes AC,France,France Ligue 1,2015/2016,600000
94010,Henri Saivet,10261,13,Newcastle United,Newcastle United,England,England Premier League,2015/2016,5000000
26476,Henrico Drost,10218,1971,Excelsior,Excelsior,Netherlands,Netherlands Eredivisie,2015/2016,250000
31241,Henrik Dalsgaard,10000,15005,SV Zulte-Waregem,SV Zulte-Waregem,Belgium,Belgium Jupiler League,2015/2016,1000000
73167,Henrik Mkhitaryan,9789,22,Borussia Dortmund,Borussia Dortmund,Germany,Germany 1. Bundesliga,2015/2016,37000000
212896,Henrik Ojamaa,9927,83,Motherwell,Motherwell,Scotland,Scotland Premier League,2014/2015,300000
128037,Henrique,9875,48,Napoli,Napoli,Italy,Italy Serie A,2014/2015,3000000
474131,Henrique Dourado,7844,1887,Vitória Guimarães,Vitória Guimarães,Portugal,Portugal Liga ZON Sagres,2015/2016,2500000
263144,Henrique Miranda,8030,111091,Lechia Gdańsk,Lechia Gdańsk,Poland,Poland Ekstraklasa,2014/2015,100000
243781,Hernan,8306,472,UD Las Palmas,UD Las Palmas,Spain,Spain LIGA BBVA,2015/2016,2500000
88986,Hernan Perez,8558,452,RCD Espanyol,RCD Espanyol,Spain,Spain LIGA BBVA,2015/2016,3500000
21446,Hernanes,9885,45,Juventus,Juventus,Italy,Italy Serie A,2015/2016,6000000
281558,Hernani,9773,236,FC Porto,FC Porto,Portugal,Portugal Liga ZON Sagres,2014/2015,2500000
34567,Herold Goulon,8027,112512,Zawisza Bydgoszcz,Zawisza Bydgoszcz,Poland,Poland Ekstraklasa,2014/2015,200000
103714,Herve Bazile,7819,210,SM Caen,SM Caen,France,France Ligue 1,2015/2016,1500000
40520,Herve Kage,8571,100081,KV Kortrijk,KV Kortrijk,Belgium,Belgium Jupiler League,2015/2016,900000
435960,Hervin Ongenda,9847,73,Paris Saint-Germain,Paris Saint-Germain,France,France Ligue 1,2015/2016,1500000
212867,Heung-Min Son,8586,18,Tottenham Hotspur,Tottenham Hotspur,England,England Premier League,2015/2016,25000000
30455,Heurelho Gomes,9817,1795,Watford,Watford,England,England Premier League,2015/2016,1000000
684002,Hicham Belkaroui,10214,1891,CD Nacional,CD Nacional,Portugal,Portugal Liga ZON Sagres,2015/2016,500000
351875,Hicham Faik,9803,1902,Roda JC Kerkrade,Roda JC Kerkrade,Netherlands,Netherlands Eredivisie,2015/2016,600000
467024,Hidde Jurjus,8526,635,De Graafschap,De Graafschap,Netherlands,Netherlands Eredivisie,2015/2016,800000
574234,Hidde ter Avest,8611,1908,FC Twente,FC Twente,Netherlands,Netherlands Eredivisie,2015/2016,2000000
26138,Hilton,10249,70,Montpellier Hérault SC,Montpellier Hérault SC,France,France Ligue 1,2015/2016,250000
116645,Hiroki Sakai,9904,485,Hannover 96,Hannover 96,Germany,Germany 1. Bundesliga,2015/2016,2000000
115847,Hiroshi Kiyotake,9904,485,Hannover 96,Hannover 96,Germany,Germany 1. Bundesliga,2015/2016,6000000
179759,Hoerdur Magnusson,9880,110915,Cesena,Cesena,Italy,Italy Serie A,2014/2015,1750000
94886,Holger Badstuber,9823,21,FC Bayern Munich,FC Bayern Munich,Germany,Germany 1. Bundesliga,2015/2016,3000000
176201,Hotaru Yamaguchi,9904,485,Hannover 96,Hannover 96,Germany,Germany 1. Bundesliga,2015/2016,1500000
239599,Houdret,1773,100087,Oud-Heverlee Leuven,Oud-Heverlee Leuven,Belgium,Belgium Jupiler League,2015/2016,400000
8930,Hrvoje Cale,8475,110913,Waasland-Beveren,Waasland-Beveren,Belgium,Belgium Jupiler League,2014/2015,400000
558380,Hubert Matynia,8023,110746,Pogoń Szczecin,Pogoń Szczecin,Poland,Poland Ekstraklasa,2014/2015,150000
13481,Hubert Wolakiewicz,2186,110747,Cracovia,Cracovia,Poland,Poland Ekstraklasa,2015/2016,300000
37550,Hugo Almeida,9904,485,Hannover 96,Hannover 96,Germany,Germany 1. Bundesliga,2015/2016,500000
470807,Hugo Basto,158085,112513,FC Arouca,FC Arouca,Portugal,Portugal Liga ZON Sagres,2015/2016,1750000
42388,Hugo Campagnaro,8636,44,Inter,Inter,Italy,Italy Serie A,2014/2015,100000
317567,Hugo Fraile Martinez,9869,459,Real Sporting de Gijón,Real Sporting de Gijón,Spain,Spain LIGA BBVA,2015/2016,300000
26295,Hugo Lloris,8586,18,Tottenham Hotspur,Tottenham Hotspur,England,England Premier League,2015/2016,24000000
183462,Hugo Mallo,9910,450,RC Celta de Vigo,RC Celta de Vigo,Spain,Spain LIGA BBVA,2015/2016,7500000
277347,Hugo Rodriguez,9837,379,Stade de Reims,Stade de Reims,France,France Ligue 1,2015/2016,300000
568921,Hugo Seco,10215,1901,Académica de Coimbra,Académica de Coimbra,Portugal,Portugal Liga ZON Sagres,2015/2016,500000
276261,Hugo Sousa,8475,110913,Waasland-Beveren,Waasland-Beveren,Belgium,Belgium Jupiler League,2015/2016,500000
40959,Hugo Ventura,9807,1889,CF Os Belenenses,CF Os Belenenses,Portugal,Portugal Liga ZON Sagres,2015/2016,1250000
193322,Hyun-Jun Suk,9773,236,FC Porto,FC Porto,Portugal,Portugal Liga ZON Sagres,2015/2016,3500000
174472,Iago Aspas,9910,450,RC Celta de Vigo,RC Celta de Vigo,Spain,Spain LIGA BBVA,2015/2016,10000000
37434,Iago Bouzon,7869,1867,Córdoba CF,Córdoba CF,Spain,Spain LIGA BBVA,2014/2015,300000
161015,Iago Falque,8686,52,Roma,Roma,Italy,Italy Serie A,2015/2016,6500000
261787,Iago Herrerin,8315,448,Athletic Club de Bilbao,Athletic Club de Bilbao,Spain,Spain LIGA BBVA,2015/2016,2500000
570834,Iago Santos,10215,1901,Académica de Coimbra,Académica de Coimbra,Portugal,Portugal Liga ZON Sagres,2015/2016,600000
17361,Iain Davidson,8284,180,Dundee FC,Dundee FC,Scotland,Scotland Premier League,2014/2015,250000
17749,Iain Vigurs,8066,620,Inverness Caledonian Thistle,Inverness Caledonian Thistle,Scotland,Scotland Premier League,2015/2016,400000
210842,Ian McShane,8649,631,Ross County FC,Ross County FC,Scotland,Scotland Premier League,2015/2016,250000
213470,Ibai Gomez,8315,448,Athletic Club de Bilbao,Athletic Club de Bilbao,Spain,Spain LIGA BBVA,2015/2016,1500000
26434,Ibrahim Afellay,10194,1806,Stoke City,Stoke City,England,England Premier League,2015/2016,5000000
369788,Ibrahim Amadou,8639,65,LOSC Lille,LOSC Lille,France,France Ligue 1,2015/2016,2750000
543358,Ibrahim Didier Ndong,8689,217,FC Lorient,FC Lorient,France,France Ligue 1,2015/2016,10000000
300977,Ibrahima Cisse,8203,110724,KV Mechelen,KV Mechelen,Belgium,Belgium Jupiler League,2015/2016,2200000
21726,Ibrahima Conte,8635,229,RSC Anderlecht,RSC Anderlecht,Belgium,Belgium Jupiler League,2015/2016,1500000
362115,Ibrahima Mbaye,9857,189,Bologna,Bologna,Italy,Italy Serie A,2015/2016,3400000
58351,Ibrahima Traore,9788,23,Borussia Mönchengladbach,Borussia Mönchengladbach,Germany,Germany 1. Bundesliga,2015/2016,5500000
94289,Idir Ouali,8460,10030,SC Paderborn 07,SC Paderborn 07,Germany,Germany 1. Bundesliga,2014/2015,500000
179410,Idrissa Gana Gueye,10252,2,Aston Villa,Aston Villa,England,England Premier League,2015/2016,11000000
355874,Idrissa Mandiang,8613,1898,Boavista FC,Boavista FC,Portugal,Portugal Liga ZON Sagres,2015/2016,700000
179402,Idrissa Sylla,8635,229,RSC Anderlecht,RSC Anderlecht,Belgium,Belgium Jupiler League,2015/2016,2500000
112758,Ignacio Camacho,9864,573,Málaga CF,Málaga CF,Spain,Spain LIGA BBVA,2015/2016,10000000
39555,Ignazio Abate,8564,47,Milan,Milan,Italy,Italy Serie A,2015/2016,8000000
306296,Igor Bubnjic,208931,112409,Carpi,Carpi,Italy,Italy Serie A,2015/2016,800000
25957,Igor de Camargo,9987,673,KRC Genk,KRC Genk,Belgium,Belgium Jupiler League,2015/2016,400000
39646,Igor Djuric,7896,2000003,Lugano,Lugano,Switzerland,Switzerland Super League,2015/2016,250000
93431,Igor Lewczuk,8673,1871,Legia Warszawa,Legia Warszawa,Poland,Poland Ekstraklasa,2015/2016,750000
298327,Igor Lichnovsky,9869,459,Real Sporting de Gijón,Real Sporting de Gijón,Spain,Spain LIGA BBVA,2015/2016,600000
186531,Igor Rossi,9860,80,Heart of Midlothian,Heart of Midlothian,Scotland,Scotland Premier League,2015/2016,450000
380949,Igor Stefanovic,8348,1900,Moreirense FC,Moreirense FC,Portugal,Portugal Liga ZON Sagres,2015/2016,600000
89827,Igors Tarasovs,1957,110745,Jagiellonia Białystok,Jagiellonia Białystok,Poland,Poland Ekstraklasa,2015/2016,300000
213682,Iiass Bel Hassani,9791,100634,Heracles Almelo,Heracles Almelo,Netherlands,Netherlands Eredivisie,2015/2016,2750000
24915,Ikechi Anya,9817,1795,Watford,Watford,England,England Premier League,2015/2016,4000000
38044,Ikechukwu Uche,9864,573,Málaga CF,Málaga CF,Spain,Spain LIGA BBVA,2015/2016,1000000
30657,Iker Casillas,9773,236,FC Porto,FC Porto,Portugal,Portugal Liga ZON Sagres,2015/2016,3000000
179772,Iker Muniain,8315,448,Athletic Club de Bilbao,Athletic Club de Bilbao,Spain,Spain LIGA BBVA,2015/2016,14000000
179236,Ilias Haddad,6631,100626,FC Dordrecht,FC Dordrecht,Netherlands,Netherlands Eredivisie,2014/2015,200000
178818,Ilkay Guendogan,9789,22,Borussia Dortmund,Borussia Dortmund,Germany,Germany 1. Bundesliga,2015/2016,30000000
164732,Ilombe Mboyo,9987,673,KRC Genk,KRC Genk,Belgium,Belgium Jupiler League,2014/2015,500000
46289,Imanol Agirretxe,8560,457,Real Sociedad,Real Sociedad,Spain,Spain LIGA BBVA,2015/2016,4000000
247169,Imanol Iriberri,8613,1898,Boavista FC,Boavista FC,Portugal,Portugal Liga ZON Sagres,2015/2016,250000
281086,Immanuel Hoehn,8358,25,SC Freiburg,SC Freiburg,Germany,Germany 1. Bundesliga,2014/2015,1300000
306117,Imoh Ezekiel,8635,229,RSC Anderlecht,RSC Anderlecht,Belgium,Belgium Jupiler League,2015/2016,4000000
604105,Inaki Williams,8315,448,Athletic Club de Bilbao,Athletic Club de Bilbao,Spain,Spain LIGA BBVA,2015/2016,20000000
616544,Inigo Lekue,8315,448,Athletic Club de Bilbao,Athletic Club de Bilbao,Spain,Spain LIGA BBVA,2015/2016,3000000
213812,Inigo Lopez,7869,1867,Córdoba CF,Córdoba CF,Spain,Spain LIGA BBVA,2014/2015,200000
282676,Inigo Martinez,8560,457,Real Sociedad,Real Sociedad,Spain,Spain LIGA BBVA,2015/2016,15000000
188054,Ioannis Fetfatzidis,10233,110556,Genoa,Genoa,Italy,Italy Serie A,2014/2015,3200000
13191,Ioannis Maniatis,9985,232,Standard de Liège,Standard de Liège,Belgium,Belgium Jupiler League,2015/2016,1500000
33959,Ion Ansotegi,8372,467,SD Eibar,SD Eibar,Spain,Spain LIGA BBVA,2015/2016,300000
161661,Isaac Cofie,208931,112409,Carpi,Carpi,Italy,Italy Serie A,2015/2016,1800000
213702,Isaac Cuenca,7878,110832,Granada CF,Granada CF,Spain,Spain LIGA BBVA,2015/2016,2000000
409812,Isaac Donkor,8636,44,Inter,Inter,Italy,Italy Serie A,2014/2015,700000
289140,Isaac Kiese Thelin,9827,59,Girondins de Bordeaux,Girondins de Bordeaux,France,France Ligue 1,2015/2016,1250000
22952,Isaac Osbourne,9800,100805,St. Mirren,St. Mirren,Scotland,Scotland Premier League,2014/2015,325000
432421,Isaiah Brown,8277,1909,Vitesse,Vitesse,Netherlands,Netherlands Eredivisie,2015/2016,1000000
561838,Isak Ssewankambo,9761,1904,NAC Breda,NAC Breda,Netherlands,Netherlands Eredivisie,2014/2015,300000
191315,Isco,8633,243,Real Madrid CF,Real Madrid CF,Spain,Spain LIGA BBVA,2015/2016,35000000
185704,Ishmael Yartey,10179,110770,FC Sion,FC Sion,Switzerland,Switzerland Super League,2014/2015,250000
291219,Islam Slimani,9768,237,Sporting CP,Sporting CP,Portugal,Portugal Liga ZON Sagres,2015/2016,25000000
239965,Isma Lopez,9869,459,Real Sporting de Gijón,Real Sporting de Gijón,Spain,Spain LIGA BBVA,2015/2016,2500000
25657,Ismael Bangoura,9830,71,FC Nantes,FC Nantes,France,France Ligue 1,2014/2015,500000
264085,Ismael Diomande,7819,210,SM Caen,SM Caen,France,France Ligue 1,2015/2016,1750000
78411,Ismael Traore,8121,1530,Angers SCO,Angers SCO,France,France Ligue 1,2015/2016,1500000
111194,Ismaila N'Diaye,9984,1750,KSV Cercle Brugge,KSV Cercle Brugge,Belgium,Belgium Jupiler League,2014/2015,500000
258873,Issa Cissokho,10233,110556,Genoa,Genoa,Italy,Italy Serie A,2015/2016,500000
696443,Issa Diop,9941,1809,Toulouse FC,Toulouse FC,France,France Ligue 1,2015/2016,4000000
574789,Issa Kallon,9908,1903,FC Utrecht,FC Utrecht,Netherlands,Netherlands Eredivisie,2014/2015,200000
179407,Issam El Adoua,8581,1853,Levante UD,Levante UD,Spain,Spain LIGA BBVA,2014/2015,650000
409193,Issiaga Sylla,6391,110316,GFC Ajaccio,GFC Ajaccio,France,France Ligue 1,2015/2016,2000000
38951,Issiar Dia,6391,110316,GFC Ajaccio,GFC Ajaccio,France,France Ligue 1,2015/2016,1000000
157369,Itay Shechter,9830,71,FC Nantes,FC Nantes,France,France Ligue 1,2014/2015,1500000
361321,Iuri Medeiros,8348,1900,Moreirense FC,Moreirense FC,Portugal,Portugal Liga ZON Sagres,2015/2016,5000000
434778,Ivailo Chochev,8540,1843,Palermo,Palermo,Italy,Italy Serie A,2015/2016,2000000
264885,Ivan Balliu,158085,112513,FC Arouca,FC Arouca,Portugal,Portugal Liga ZON Sagres,2014/2015,1250000
361792,Ivan Cavaleiro,9829,69,AS Monaco,AS Monaco,France,France Ligue 1,2015/2016,7500000
33630,Ivan Cuellar,9869,459,Real Sporting de Gijón,Real Sporting de Gijón,Spain,Spain LIGA BBVA,2015/2016,1500000
197757,Ivan Kecojevic,10243,894,FC Zürich,FC Zürich,Switzerland,Switzerland Super League,2015/2016,400000
287691,Ivan Lopez,8581,1853,Levante UD,Levante UD,Spain,Spain LIGA BBVA,2015/2016,900000
80497,Ivan Marcano,9773,236,FC Porto,FC Porto,Portugal,Portugal Liga ZON Sagres,2015/2016,6000000
173609,Ivan Martic,9876,206,Hellas Verona,Hellas Verona,Italy,Italy Serie A,2014/2015,300000
150968,Ivan Obradovic,8635,229,RSC Anderlecht,RSC Anderlecht,Belgium,Belgium Jupiler League,2015/2016,3000000
163670,Ivan Perisic,8636,44,Inter,Inter,Italy,Italy Serie A,2015/2016,25000000
195190,Ivan Piris,8600,55,Udinese,Udinese,Italy,Italy Serie A,2015/2016,2000000
15732,Ivan Radovanovic,8533,192,Chievo Verona,Chievo Verona,Italy,Italy Serie A,2015/2016,2000000
25773,Ivan Rakitic,8634,241,FC Barcelona,FC Barcelona,Spain,Spain LIGA BBVA,2015/2016,50000000
33856,Ivan Ramis,8372,467,SD Eibar,SD Eibar,Spain,Spain LIGA BBVA,2015/2016,1200000
167057,Ivan Santini,9985,232,Standard de Liège,Standard de Liège,Belgium,Belgium Jupiler League,2015/2016,2500000
128852,Ivan Strinic,9875,48,Napoli,Napoli,Italy,Italy Serie A,2015/2016,4500000
39102,Ivan Trickovski,8673,1871,Legia Warszawa,Legia Warszawa,Poland,Poland Ekstraklasa,2015/2016,900000
40967,Ivanildo,10215,1901,Académica de Coimbra,Académica de Coimbra,Portugal,Portugal Liga ZON Sagres,2015/2016,500000
375732,Iver Fossum,9904,485,Hannover 96,Hannover 96,Germany,Germany 1. Bundesliga,2015/2016,1500000
30764,Ivica Olic,9790,28,Hamburger SV,Hamburger SV,Germany,Germany 1. Bundesliga,2014/2015,500000
9086,Ivica Vrdoljak,8673,1871,Legia Warszawa,Legia Warszawa,Poland,Poland Ekstraklasa,2014/2015,250000
39847,Ivo Ilicevic,9790,28,Hamburger SV,Hamburger SV,Germany,Germany 1. Bundesliga,2015/2016,1500000
163815,Ivo Pinto,9850,1792,Norwich City,Norwich City,England,England Premier League,2015/2016,4000000
388532,Ivo Rodrigues,158085,112513,FC Arouca,FC Arouca,Portugal,Portugal Liga ZON Sagres,2015/2016,1500000
177475,Izet Hajrovic,8372,467,SD Eibar,SD Eibar,Spain,Spain LIGA BBVA,2015/2016,1000000
29259,Jaba Kankava,9837,379,Stade de Reims,Stade de Reims,France,France Ligue 1,2015/2016,2000000
308631,Jacek Goralski,1957,110745,Jagiellonia Białystok,Jagiellonia Białystok,Poland,Poland Ekstraklasa,2015/2016,400000
69256,Jacek Kielb,8025,111092,Śląsk Wrocław,Śląsk Wrocław,Poland,Poland Ekstraklasa,2015/2016,200000
201888,Ja-Cheol Koo,8406,100409,FC Augsburg,FC Augsburg,Germany,Germany 1. Bundesliga,2015/2016,5500000
288880,Jack Butland,10194,1806,Stoke City,Stoke City,England,England Premier League,2015/2016,9000000
661902,Jack Byrne,7788,647,SC Cambuur,SC Cambuur,Netherlands,Netherlands Eredivisie,2015/2016,1000000
160243,Jack Colback,10261,13,Newcastle United,Newcastle United,England,England Premier League,2015/2016,6500000
46008,Jack Cork,10003,1960,Swansea City,Swansea City,England,England Premier League,2015/2016,5000000
312765,Jack Grealish,10252,2,Aston Villa,Aston Villa,England,England Premier League,2015/2016,4500000
289145,Jack Hamilton,9860,80,Heart of Midlothian,Heart of Midlothian,Scotland,Scotland Premier League,2015/2016,100000
640642,Jack Hendry,8426,1754,Partick Thistle F.C.,Partick Thistle F.C.,Scotland,Scotland Premier League,2015/2016,250000
470022,Jack Leitch,9927,83,Motherwell,Motherwell,Scotland,Scotland Premier League,2015/2016,100000
109058,Jack Rodwell,8472,106,Sunderland,Sunderland,England,England Premier League,2015/2016,7000000
143793,Jack Wilshere,9825,1,Arsenal,Arsenal,England,England Premier League,2015/2016,23000000
369742,Jackson Irvine,8649,631,Ross County FC,Ross County FC,Scotland,Scotland Premier League,2015/2016,350000
51360,Jackson Martinez,9906,240,Atlético Madrid,Atlético Madrid,Spain,Spain LIGA BBVA,2015/2016,9000000
238838,Jacopo Sala,9882,1837,Sampdoria,Sampdoria,Italy,Italy Serie A,2015/2016,2500000
31037,Jacques Alaixys Romao,8592,219,Olympique de Marseille,Olympique de Marseille,France,France Ligue 1,2015/2016,800000
187666,Jacques Zoua Daogari,6391,110316,GFC Ajaccio,GFC Ajaccio,France,France Ligue 1,2015/2016,1000000
36382,Jahmir Hyka,10199,897,FC Luzern,FC Luzern,Switzerland,Switzerland Super League,2015/2016,1250000
477473,Jailson,158085,112513,FC Arouca,FC Arouca,Portugal,Portugal Liga ZON Sagres,2015/2016,800000
287231,Jairo,9905,169,1. FSV Mainz 05,1. FSV Mainz 05,Germany,Germany 1. Bundesliga,2015/2016,6000000
496563,Jairo Riedewald,8593,245,Ajax,Ajax,Netherlands,Netherlands Eredivisie,2015/2016,6500000
210844,Jaja,9994,2007,Sporting Lokeren,Sporting Lokeren,Belgium,Belgium Jupiler League,2015/2016,1000000
289159,Jak Alnwick,10261,13,Newcastle United,Newcastle United,England,England Premier League,2014/2015,250000
253748,Jake Carroll,8426,1754,Partick Thistle F.C.,Partick Thistle F.C.,Scotland,Scotland Premier League,2014/2015,150000
193203,Jake Jervis,8649,631,Ross County FC,Ross County FC,Scotland,Scotland Premier League,2014/2015,150000
115681,Jake Livermore,8667,1952,Hull City,Hull City,England,England Premier League,2014/2015,4500000
201741,Jake Taylor,9927,83,Motherwell,Motherwell,Scotland,Scotland Premier League,2015/2016,200000
188971,Jakob Haugaard,10194,1806,Stoke City,Stoke City,England,England Premier League,2015/2016,1000000
95257,Jakob Jantscher,10199,897,FC Luzern,FC Luzern,Switzerland,Switzerland Super League,2015/2016,1500000
526221,Jakub Bartosz,10265,1873,Wisła Kraków,Wisła Kraków,Poland,Poland Ekstraklasa,2015/2016,100000
69628,Jakub Biskup,177361,2000005,Termalica Bruk-Bet Nieciecza,Termalica Bruk-Bet Nieciecza,Poland,Poland Ekstraklasa,2015/2016,125000
43319,Jakub Blaszczykowski,8535,110374,Fiorentina,Fiorentina,Italy,Italy Serie A,2015/2016,7000000
309900,Jakub Czerwinski,8023,110746,Pogoń Szczecin,Pogoń Szczecin,Poland,Poland Ekstraklasa,2015/2016,400000
190366,Jakub Kosecki,8673,1871,Legia Warszawa,Legia Warszawa,Poland,Poland Ekstraklasa,2014/2015,700000
309868,Jakub Kowalski,8033,111087,Podbeskidzie Bielsko-Biała,Podbeskidzie Bielsko-Biała,Poland,Poland Ekstraklasa,2015/2016,150000
464621,Jakub Lukowski,8027,112512,Zawisza Bydgoszcz,Zawisza Bydgoszcz,Poland,Poland Ekstraklasa,2014/2015,150000
689987,Jakub Piotrowski,8023,110746,Pogoń Szczecin,Pogoń Szczecin,Poland,Poland Ekstraklasa,2015/2016,100000
13376,Jakub Rzezniczak,8673,1871,Legia Warszawa,Legia Warszawa,Poland,Poland Ekstraklasa,2015/2016,700000
206822,Jakub Slowik,8023,110746,Pogoń Szczecin,Pogoń Szczecin,Poland,Poland Ekstraklasa,2015/2016,200000
281158,Jakub Swierczok,8019,110565,Górnik Łęczna,Górnik Łęczna,Poland,Poland Ekstraklasa,2015/2016,200000
13494,Jakub Szmatula,8028,111086,Piast Gliwice,Piast Gliwice,Poland,Poland Ekstraklasa,2015/2016,150000
68762,Jakub Tosik,8021,110749,Zagłębie Lubin,Zagłębie Lubin,Poland,Poland Ekstraklasa,2015/2016,200000
69601,Jakub Wawrzyniak,8030,111091,Lechia Gdańsk,Lechia Gdańsk,Poland,Poland Ekstraklasa,2015/2016,350000
275771,Jakub Wojcicki,2186,110747,Cracovia,Cracovia,Poland,Poland Ekstraklasa,2015/2016,450000
463957,Jakub Wrabel,8025,111092,Śląsk Wrocław,Śląsk Wrocław,Poland,Poland Ekstraklasa,2015/2016,150000
433756,Jakub Wrobel,177361,2000005,Termalica Bruk-Bet Nieciecza,Termalica Bruk-Bet Nieciecza,Poland,Poland Ekstraklasa,2015/2016,50000
279489,Jamaal Lascelles,10261,13,Newcastle United,Newcastle United,England,England Premier League,2015/2016,4000000
680905,Jamairo Monteiro,7788,647,SC Cambuur,SC Cambuur,Netherlands,Netherlands Eredivisie,2015/2016,300000
93984,Jamel Saihi,10249,70,Montpellier Hérault SC,Montpellier Hérault SC,France,France Ligue 1,2015/2016,1000000
163200,James Chester,8659,109,West Bromwich Albion,West Bromwich Albion,England,England Premier League,2015/2016,6000000
24751,James Collins,8654,19,West Ham United,West Ham United,England,England Premier League,2015/2016,2000000
150260,James Dayton,9800,100805,St. Mirren,St. Mirren,Scotland,Scotland Premier League,2014/2015,150000
185566,James Forrest,9925,78,Celtic,Celtic,Scotland,Scotland Premier League,2015/2016,1250000
28901,James McArthur,9826,1799,Crystal Palace,Crystal Palace,England,England Premier League,2015/2016,7000000
101192,James McCarthy,8668,7,Everton,Everton,England,England Premier League,2015/2016,17000000
175947,James McClean,8659,109,West Bromwich Albion,West Bromwich Albion,England,England Premier League,2015/2016,3000000
24002,James McFadden,9927,83,Motherwell,Motherwell,Scotland,Scotland Premier League,2015/2016,500000
32732,James McPake,8284,180,Dundee FC,Dundee FC,Scotland,Scotland Premier League,2015/2016,325000
38807,James Milner,8650,9,Liverpool,Liverpool,England,England Premier League,2015/2016,15000000
24171,James Morrison,8659,109,West Bromwich Albion,West Bromwich Albion,England,England Premier League,2015/2016,5000000
164684,James Rodriguez,8633,243,Real Madrid CF,Real Madrid CF,Spain,Spain LIGA BBVA,2015/2016,70000000
109897,James Tomkins,8654,19,West Ham United,West Ham United,England,England Premier League,2015/2016,7000000
47564,James Troisi,10000,15005,SV Zulte-Waregem,SV Zulte-Waregem,Belgium,Belgium Jupiler League,2014/2015,500000
127644,James Vincent,8066,620,Inverness Caledonian Thistle,Inverness Caledonian Thistle,Scotland,Scotland Premier League,2015/2016,250000
279490,James Ward-Prowse,8466,17,Southampton,Southampton,England,England Premier League,2015/2016,11000000
532741,James Wilson,10260,11,Manchester United,Manchester United,England,England Premier League,2014/2015,2000000
32711,Jamie Hamill,8597,82,Kilmarnock,Kilmarnock,Scotland,Scotland Premier League,2015/2016,250000
32584,Jamie MacDonald,8597,82,Kilmarnock,Kilmarnock,Scotland,Scotland Premier League,2015/2016,400000
253631,Jamie Reckord,8649,631,Ross County FC,Ross County FC,Scotland,Scotland Premier League,2015/2016,200000
490121,Jamie Sendles-White,8429,184,Hamilton Academical FC,Hamilton Academical FC,Scotland,Scotland Premier League,2015/2016,100000
286119,Jamie Vardy,8197,95,Leicester City,Leicester City,England,England Premier League,2015/2016,20000000
298447,Jamie Walker,9860,80,Heart of Midlothian,Heart of Midlothian,Scotland,Scotland Premier League,2015/2016,650000
696435,Jan Bamert,9956,322,Grasshopper Club Zürich,Grasshopper Club Zürich,Switzerland,Switzerland Super League,2015/2016,1500000
490868,Jan Bednarek,8019,110565,Górnik Łęczna,Górnik Łęczna,Poland,Poland Ekstraklasa,2015/2016,150000
158879,Jan Kirchhoff,8472,106,Sunderland,Sunderland,England,England Premier League,2015/2016,3000000
94553,Jan Lecjaks,10192,900,BSC Young Boys,BSC Young Boys,Switzerland,Switzerland Super League,2015/2016,1000000
114650,Jan Moravek,8406,100409,FC Augsburg,FC Augsburg,Germany,Germany 1. Bundesliga,2015/2016,750000
177126,Jan Oblak,9906,240,Atlético Madrid,Atlético Madrid,Spain,Spain LIGA BBVA,2015/2016,35000000
27352,Jan Rosenthal,8262,110502,SV Darmstadt 98,SV Darmstadt 98,Germany,Germany 1. Bundesliga,2015/2016,800000
37762,Jan Vertonghen,8586,18,Tottenham Hotspur,Tottenham Hotspur,England,England Premier League,2015/2016,23000000
69818,Jan Vlasko,8021,110749,Zagłębie Lubin,Zagłębie Lubin,Poland,Poland Ekstraklasa,2015/2016,300000
26671,Jan Wuytens,10229,1906,AZ,AZ,Netherlands,Netherlands Eredivisie,2014/2015,500000
109649,Jan-Arie van der Heijden,10235,246,Feyenoord,Feyenoord,Netherlands,Netherlands Eredivisie,2015/2016,2500000
289884,Jander,9764,1888,Gil Vicente FC,Gil Vicente FC,Portugal,Portugal Liga ZON Sagres,2014/2015,500000
278823,Janek Sternberg,8697,38,SV Werder Bremen,SV Werder Bremen,Germany,Germany 1. Bundesliga,2015/2016,500000
27425,Jan-Ingwer Callsen-Bracker,8406,100409,FC Augsburg,FC Augsburg,Germany,Germany 1. Bundesliga,2015/2016,1500000
561849,Janio Bikel,8464,1910,N.E.C.,N.E.C.,Netherlands,Netherlands Eredivisie,2015/2016,1500000
463803,Janis Ikaunieks,8550,68,FC Metz,FC Metz,France,France Ligue 1,2014/2015,300000
205893,Jannik Vestergaard,8697,38,SV Werder Bremen,SV Werder Bremen,Germany,Germany 1. Bundesliga,2015/2016,10000000
667786,Jaquite,188163,2000006,Tondela,Tondela,Portugal,Portugal Liga ZON Sagres,2015/2016,75000
215005,Jarchinio Antonia,8674,1915,FC Groningen,FC Groningen,Netherlands,Netherlands Eredivisie,2015/2016,600000
185945,Jardel,9772,234,SL Benfica,SL Benfica,Portugal,Portugal Liga ZON Sagres,2015/2016,7500000
467521,Jari Oosterwijk,8611,1908,FC Twente,FC Twente,Netherlands,Netherlands Eredivisie,2015/2016,850000
166664,Jarno Molenberghs,10001,681,KVC Westerlo,KVC Westerlo,Belgium,Belgium Jupiler League,2015/2016,400000
24104,Jaroslav Drobny,9790,28,Hamburger SV,Hamburger SV,Germany,Germany 1. Bundesliga,2015/2016,500000
422128,Jaroslav Navratil,9791,100634,Heracles Almelo,Heracles Almelo,Netherlands,Netherlands Eredivisie,2015/2016,600000
30907,Jaroslav Plasil,9827,59,Girondins de Bordeaux,Girondins de Bordeaux,France,France Ligue 1,2015/2016,1000000
23930,Jaroslaw Fojut,8023,110746,Pogoń Szczecin,Pogoń Szczecin,Poland,Poland Ekstraklasa,2015/2016,600000
545060,Jaroslaw Jach,8021,110749,Zagłębie Lubin,Zagłębie Lubin,Poland,Poland Ekstraklasa,2015/2016,200000
545056,Jaroslaw Kubicki,8021,110749,Zagłębie Lubin,Zagłębie Lubin,Poland,Poland Ekstraklasa,2015/2016,350000
15361,Jasmin Buric,2182,873,Lech Poznań,Lech Poznań,Poland,Poland Ekstraklasa,2015/2016,700000
210932,Jasmin Kurtic,8524,39,Atalanta,Atalanta,Italy,Italy Serie A,2015/2016,4000000
192303,Jason Davidson,8659,109,West Bromwich Albion,West Bromwich Albion,England,England Premier League,2014/2015,500000
566732,Jason Denayer,9925,78,Celtic,Celtic,Scotland,Scotland Premier League,2014/2015,4000000
245022,Jason Naismith,9800,100805,St. Mirren,St. Mirren,Scotland,Scotland Premier League,2014/2015,225000
35345,Jason Puncheon,9826,1799,Crystal Palace,Crystal Palace,England,England Premier League,2015/2016,5000000
23134,Jason Shackell,8191,1796,Burnley,Burnley,England,England Premier League,2014/2015,3000000
212512,Jasper Cillessen,8593,245,Ajax,Ajax,Netherlands,Netherlands Eredivisie,2015/2016,12000000
489240,Jaume,10267,461,Valencia CF,Valencia CF,Spain,Spain LIGA BBVA,2015/2016,700000
160844,Jaume Costa,10205,483,Villarreal CF,Villarreal CF,Spain,Spain LIGA BBVA,2015/2016,6000000
128721,Javi Castellano,8306,472,UD Las Palmas,UD Las Palmas,Spain,Spain LIGA BBVA,2015/2016,400000
74747,Javi Fuego,10267,461,Valencia CF,Valencia CF,Spain,Spain LIGA BBVA,2015/2016,4000000
46808,Javi Guerra,8370,480,Rayo Vallecano,Rayo Vallecano,Spain,Spain LIGA BBVA,2015/2016,1000000
183498,Javi Lara,8372,467,SD Eibar,SD Eibar,Spain,Spain LIGA BBVA,2014/2015,650000
185123,Javi Lopez,8558,452,RCD Espanyol,RCD Espanyol,Spain,Spain LIGA BBVA,2015/2016,3000000
80492,Javi Moreno Marquez,7878,110832,Granada CF,Granada CF,Spain,Spain LIGA BBVA,2015/2016,2000000
71498,Javi Varas,8306,472,UD Las Palmas,UD Las Palmas,Spain,Spain LIGA BBVA,2015/2016,800000
172324,Javier Aquino,8370,480,Rayo Vallecano,Rayo Vallecano,Spain,Spain LIGA BBVA,2014/2015,4000000
37580,Javier Balboa,7842,10020,Estoril Praia,Estoril Praia,Portugal,Portugal Liga ZON Sagres,2014/2015,900000
573793,Javier Eraso,8315,448,Athletic Club de Bilbao,Athletic Club de Bilbao,Spain,Spain LIGA BBVA,2015/2016,1500000
251256,Javier Espinosa Gonzalez,9865,1861,UD Almería,UD Almería,Spain,Spain LIGA BBVA,2014/2015,2000000
33963,Javier Garrido,8306,472,UD Las Palmas,UD Las Palmas,Spain,Spain LIGA BBVA,2015/2016,500000
70409,Javier Hernandez,8178,32,Bayer 04 Leverkusen,Bayer 04 Leverkusen,Germany,Germany 1. Bundesliga,2015/2016,25000000
299984,Javier Manquillo,8592,219,Olympique de Marseille,Olympique de Marseille,France,France Ligue 1,2015/2016,5000000
37410,Javier Martinez,9823,21,FC Bayern Munich,FC Bayern Munich,Germany,Germany 1. Bundesliga,2015/2016,25000000
38818,Javier Mascherano,8634,241,FC Barcelona,FC Barcelona,Spain,Spain LIGA BBVA,2015/2016,15000000
477595,Javier Noblejas,8305,1860,Getafe CF,Getafe CF,Spain,Spain LIGA BBVA,2015/2016,400000
129391,Javier Pastore,9847,73,Paris Saint-Germain,Paris Saint-Germain,France,France Ligue 1,2015/2016,24000000
37576,Javier Saviola,9876,206,Hellas Verona,Hellas Verona,Italy,Italy Serie A,2014/2015,500000
109491,Jay Rodriguez,8466,17,Southampton,Southampton,England,England Premier League,2015/2016,13000000
666957,Jay-Roy Grot,8464,1910,N.E.C.,N.E.C.,Netherlands,Netherlands Eredivisie,2015/2016,350000
183491,Jean Barrientos,10265,1873,Wisła Kraków,Wisła Kraków,Poland,Poland Ekstraklasa,2014/2015,600000
40676,Jean Calve,7819,210,SM Caen,SM Caen,France,France Ligue 1,2014/2015,150000
564854,Jean Chopin,8573,682,KV Oostende,KV Oostende,Belgium,Belgium Jupiler League,2014/2015,150000
287245,Jean Deza,10249,70,Montpellier Hérault SC,Montpellier Hérault SC,France,France Ligue 1,2015/2016,600000
25572,Jean Makoun,9851,74,Stade Rennais FC,Stade Rennais FC,France,France Ligue 1,2014/2015,500000
470539,Jean Michael Seri,9831,72,OGC Nice,OGC Nice,France,France Ligue 1,2015/2016,7000000
103470,Jean-Armel Kana-Biyik,9941,1809,Toulouse FC,Toulouse FC,France,France Ligue 1,2015/2016,2000000
439368,Jean-Charles Castelletto,274581,2000004,Royal Excel Mouscron,Royal Excel Mouscron,Belgium,Belgium Jupiler League,2015/2016,600000
242958,Jean-Christophe Bahebeck,9853,1819,AS Saint-Étienne,AS Saint-Étienne,France,France Ligue 1,2015/2016,2500000
279879,Jean-Daniel Akpa-Akpro,9941,1809,Toulouse FC,Toulouse FC,France,France Ligue 1,2015/2016,3000000
41818,Jean-Francois Gillet,8203,110724,KV Mechelen,KV Mechelen,Belgium,Belgium Jupiler League,2015/2016,500000
26279,Jean-Jacques Pierre,7819,210,SM Caen,SM Caen,France,France Ligue 1,2014/2015,250000
589349,Jean-Kevin Augustin,9847,73,Paris Saint-Germain,Paris Saint-Germain,France,France Ligue 1,2015/2016,2500000
11316,Jean-Louis Leca,7794,58,SC Bastia,SC Bastia,France,France Ligue 1,2015/2016,1000000
613260,Jean-Luc Dompe,9985,232,Standard de Liège,Standard de Liège,Belgium,Belgium Jupiler League,2015/2016,1500000
402975,Jean-Paul Boetius,9931,896,FC Basel,FC Basel,Switzerland,Switzerland Super League,2015/2016,1500000
445226,Jean-Philippe Gbamin,8588,64,RC Lens,RC Lens,France,France Ligue 1,2014/2015,4500000
46407,Jean-Sylvain Babin,7878,110832,Granada CF,Granada CF,Spain,Spain LIGA BBVA,2015/2016,2500000
190142,Jed Steer,10252,2,Aston Villa,Aston Villa,England,England Premier League,2014/2015,500000
521195,Jeff Hardeveld,9908,1903,FC Utrecht,FC Utrecht,Netherlands,Netherlands Eredivisie,2014/2015,250000
215766,Jeff Louis,7819,210,SM Caen,SM Caen,France,France Ligue 1,2015/2016,1500000
178767,Jeff Stans,10218,1971,Excelsior,Excelsior,Netherlands,Netherlands Eredivisie,2015/2016,850000
26437,Jefferson Farfan,10189,34,FC Schalke 04,FC Schalke 04,Germany,Germany 1. Bundesliga,2014/2015,7000000
466672,Jefferson Lerma,8581,1853,Levante UD,Levante UD,Spain,Spain LIGA BBVA,2015/2016,1500000
52563,Jefferson Montero,10003,1960,Swansea City,Swansea City,England,England Premier League,2015/2016,5500000
184821,Jeffrey Bruma,8640,247,PSV,PSV,Netherlands,Netherlands Eredivisie,2015/2016,10000000
245315,Jeffrey Gouweleeuw,8406,100409,FC Augsburg,FC Augsburg,Germany,Germany 1. Bundesliga,2015/2016,3500000
36085,Jeffrey Leiwakabessy,8464,1910,N.E.C.,N.E.C.,Netherlands,Netherlands Eredivisie,2015/2016,200000
150745,Jeffrey Rijsdijk,6433,100632,Go Ahead Eagles,Go Ahead Eagles,Netherlands,Netherlands Eredivisie,2014/2015,250000
26010,Jeffrey Sarpong,9761,1904,NAC Breda,NAC Breda,Netherlands,Netherlands Eredivisie,2014/2015,400000
214570,Jeffrey Schlupp,8197,95,Leicester City,Leicester City,England,England Premier League,2015/2016,8000000
165525,Jeffry Fortes,6631,100626,FC Dordrecht,FC Dordrecht,Netherlands,Netherlands Eredivisie,2014/2015,300000
301456,Jeison Murillo,8636,44,Inter,Inter,Italy,Italy Serie A,2015/2016,17000000
638618,Jelle de Lange,9908,1903,FC Utrecht,FC Utrecht,Netherlands,Netherlands Eredivisie,2014/2015,200000
42829,Jelle ten Rouwelaar,9761,1904,NAC Breda,NAC Breda,Netherlands,Netherlands Eredivisie,2014/2015,250000
33620,Jelle van Damme,9985,232,Standard de Liège,Standard de Liège,Belgium,Belgium Jupiler League,2015/2016,1250000
562875,Jelle van der Heyden,8611,1908,FC Twente,FC Twente,Netherlands,Netherlands Eredivisie,2015/2016,700000
38782,Jelle Vossen,8342,231,Club Brugge KV,Club Brugge KV,Belgium,Belgium Jupiler League,2015/2016,4000000
449666,Jemerson,9829,69,AS Monaco,AS Monaco,France,France Ligue 1,2015/2016,10000000
209782,Jens Cools,10001,681,KVC Westerlo,KVC Westerlo,Belgium,Belgium Jupiler League,2015/2016,650000
97746,Jens Grahl,8226,10029,TSG 1899 Hoffenheim,TSG 1899 Hoffenheim,Germany,Germany 1. Bundesliga,2015/2016,600000
113340,Jens Hegeler,8177,166,Hertha BSC Berlin,Hertha BSC Berlin,Germany,Germany 1. Bundesliga,2015/2016,1000000
240044,Jens Naessens,8203,110724,KV Mechelen,KV Mechelen,Belgium,Belgium Jupiler League,2015/2016,600000
188557,Jens Toornstra,10235,246,Feyenoord,Feyenoord,Netherlands,Netherlands Eredivisie,2015/2016,4000000
94164,Jens Wemmer,8460,10030,SC Paderborn 07,SC Paderborn 07,Germany,Germany 1. Bundesliga,2014/2015,300000
245526,Jeong-Ho Hong,8406,100409,FC Augsburg,FC Augsburg,Germany,Germany 1. Bundesliga,2015/2016,2000000
261654,Jere Uronen,9987,673,KRC Genk,KRC Genk,Belgium,Belgium Jupiler League,2015/2016,1000000
42598,Jeremain Lens,8472,106,Sunderland,Sunderland,England,England Premier League,2015/2016,11000000
643229,Jeremie Boga,9851,74,Stade Rennais FC,Stade Rennais FC,France,France Ligue 1,2015/2016,2000000
36123,Jeremie Brechet,6391,110316,GFC Ajaccio,GFC Ajaccio,France,France Ligue 1,2015/2016,250000
94019,Jeremy Choplin,8550,68,FC Metz,FC Metz,France,France Ligue 1,2014/2015,500000
35499,Jeremy Clement,9853,1819,AS Saint-Étienne,AS Saint-Étienne,France,France Ligue 1,2015/2016,1000000
242234,Jeremy Dumesnil,8573,682,KV Oostende,KV Oostende,Belgium,Belgium Jupiler League,2014/2015,150000
26403,Jeremy Mathieu,8634,241,FC Barcelona,FC Barcelona,Spain,Spain LIGA BBVA,2015/2016,10000000
33782,Jeremy Menez,8564,47,Milan,Milan,Italy,Italy Serie A,2015/2016,9500000
40740,Jeremy Morel,9748,66,Olympique Lyonnais,Olympique Lyonnais,France,France Ligue 1,2015/2016,1000000
17703,Jeremy Perbet,9986,670,Sporting Charleroi,Sporting Charleroi,Belgium,Belgium Jupiler League,2015/2016,2000000
40537,Jeremy Pied,9831,72,OGC Nice,OGC Nice,France,France Ligue 1,2015/2016,3500000
46338,Jeremy Sorbon,9747,62,En Avant de Guingamp,En Avant de Guingamp,France,France Ligue 1,2015/2016,1000000
443966,Jeremy Toljan,8226,10029,TSG 1899 Hoffenheim,TSG 1899 Hoffenheim,Germany,Germany 1. Bundesliga,2015/2016,2500000
39990,Jeremy Toulalan,9829,69,AS Monaco,AS Monaco,France,France Ligue 1,2015/2016,2500000
104003,Jerge Hoefdraad,7788,647,SC Cambuur,SC Cambuur,Netherlands,Netherlands Eredivisie,2015/2016,200000
30348,Jermain Defoe,8472,106,Sunderland,Sunderland,England,England Premier League,2015/2016,6500000
166065,Jeroen Tesselaar,8526,635,De Graafschap,De Graafschap,Netherlands,Netherlands Eredivisie,2015/2016,250000
619297,Jeroen van der Lely,8611,1908,FC Twente,FC Twente,Netherlands,Netherlands Eredivisie,2015/2016,400000
110142,Jeroen Veldmate,9791,100634,Heracles Almelo,Heracles Almelo,Netherlands,Netherlands Eredivisie,2014/2015,250000
150236,Jeroen Zoet,8640,247,PSV,PSV,Netherlands,Netherlands Eredivisie,2015/2016,8500000
36183,Jerome Boateng,9823,21,FC Bayern Munich,FC Bayern Munich,Germany,Germany 1. Bundesliga,2015/2016,45000000
335436,Jerome Gondorf,8262,110502,SV Darmstadt 98,SV Darmstadt 98,Germany,Germany 1. Bundesliga,2015/2016,2000000
41236,Jerome Le Moigne,6391,110316,GFC Ajaccio,GFC Ajaccio,France,France Ligue 1,2015/2016,500000
529324,Jerome Prior,9827,59,Girondins de Bordeaux,Girondins de Bordeaux,France,France Ligue 1,2015/2016,800000
244558,Jerome Roussillon,10249,70,Montpellier Hérault SC,Montpellier Hérault SC,France,France Ligue 1,2015/2016,2500000
114792,Jerome Thiesson,10199,897,FC Luzern,FC Luzern,Switzerland,Switzerland Super League,2015/2016,900000
611831,Jerry St. Juste,10228,1913,SC Heerenveen,SC Heerenveen,Netherlands,Netherlands Eredivisie,2015/2016,2500000
212767,Jerry Uche Mbakogu,208931,112409,Carpi,Carpi,Italy,Italy Serie A,2015/2016,1500000
40679,Jerry Vandam,8475,110913,Waasland-Beveren,Waasland-Beveren,Belgium,Belgium Jupiler League,2014/2015,250000
211020,Jerson Cabral,8611,1908,FC Twente,FC Twente,Netherlands,Netherlands Eredivisie,2015/2016,1250000
281085,Jese Rodriguez,8633,243,Real Madrid CF,Real Madrid CF,Spain,Spain LIGA BBVA,2015/2016,14000000
186837,Jesper Drost,8674,1915,FC Groningen,FC Groningen,Netherlands,Netherlands Eredivisie,2015/2016,1500000
25329,Jesper Hansen,7794,58,SC Bastia,SC Bastia,France,France Ligue 1,2015/2016,500000
26771,Jesper Joergensen,10000,15005,SV Zulte-Waregem,SV Zulte-Waregem,Belgium,Belgium Jupiler League,2015/2016,300000
35121,Jesper Juelsgaard,4087,111271,Évian Thonon Gaillard FC,Évian Thonon Gaillard FC,France,France Ligue 1,2014/2015,500000
299215,Jesse Lingard,10260,11,Manchester United,Manchester United,England,England Premier League,2015/2016,9000000
595752,Jesse van Bezooijen,9761,1904,NAC Breda,NAC Breda,Netherlands,Netherlands Eredivisie,2014/2015,75000
515189,Jessy Galvez Lopez,9986,670,Sporting Charleroi,Sporting Charleroi,Belgium,Belgium Jupiler League,2014/2015,400000
466430,Jessy Pi,10242,294,ES Troyes AC,ES Troyes AC,France,France Ligue 1,2015/2016,1250000
210956,Jesus Corona,9773,236,FC Porto,FC Porto,Portugal,Portugal Liga ZON Sagres,2015/2016,10000000
174030,Jesus Fernandez,7878,110832,Granada CF,Granada CF,Spain,Spain LIGA BBVA,2015/2016,500000
33843,Jesus Gamez,9906,240,Atlético Madrid,Atlético Madrid,Spain,Spain LIGA BBVA,2015/2016,3500000
33991,Jesus Navas,8456,10,Manchester City,Manchester City,England,England Premier League,2015/2016,20000000
240205,Jetro Willems,8640,247,PSV,PSV,Netherlands,Netherlands Eredivisie,2015/2016,9500000
291425,Jhon Cordoba,9905,169,1. FSV Mainz 05,1. FSV Mainz 05,Germany,Germany 1. Bundesliga,2015/2016,7000000
423024,Jhon Murillo,188163,2000006,Tondela,Tondela,Portugal,Portugal Liga ZON Sagres,2015/2016,750000
523414,Jhonder Cadiz,6367,2000001,Uniao da Madeira,Uniao da Madeira,Portugal,Portugal Liga ZON Sagres,2015/2016,500000
117432,Jiloan Hamad,8226,10029,TSG 1899 Hoffenheim,TSG 1899 Hoffenheim,Germany,Germany 1. Bundesliga,2015/2016,750000
17525,Jim McAlister,8284,180,Dundee FC,Dundee FC,Scotland,Scotland Premier League,2014/2015,350000
26330,Jimmy Briand,9747,62,En Avant de Guingamp,En Avant de Guingamp,France,France Ligue 1,2015/2016,2500000
423190,Jimmy Cabot,8689,217,FC Lorient,FC Lorient,France,France Ligue 1,2015/2016,2000000
39859,Jimmy Hempte,8573,682,KV Oostende,KV Oostende,Belgium,Belgium Jupiler League,2014/2015,100000
309496,Jin-Su Kim,8226,10029,TSG 1899 Hoffenheim,TSG 1899 Hoffenheim,Germany,Germany 1. Bundesliga,2015/2016,1500000
467053,Jinty Caenepeel,9984,1750,KSV Cercle Brugge,KSV Cercle Brugge,Belgium,Belgium Jupiler League,2014/2015,350000
97323,Jo Inge Berget,9925,78,Celtic,Celtic,Scotland,Scotland Premier League,2014/2015,1600000
503659,Joachim Andersen,8611,1908,FC Twente,FC Twente,Netherlands,Netherlands Eredivisie,2015/2016,1000000
186184,Joachim van Damme,8203,110724,KV Mechelen,KV Mechelen,Belgium,Belgium Jupiler League,2015/2016,100000
40599,Joan Capdevila,9989,239,Lierse SK,Lierse SK,Belgium,Belgium Jupiler League,2014/2015,100000
574662,Joan Jordan,8558,452,RCD Espanyol,RCD Espanyol,Spain,Spain LIGA BBVA,2015/2016,600000
282284,Joan Roman,10264,1896,SC Braga,SC Braga,Portugal,Portugal Liga ZON Sagres,2015/2016,400000
37441,Joan Verdu,8581,1853,Levante UD,Levante UD,Spain,Spain LIGA BBVA,2015/2016,600000
568911,Joao Afonso,7844,1887,Vitória Guimarães,Vitória Guimarães,Portugal,Portugal Liga ZON Sagres,2015/2016,1500000
422808,Joao Afonso,9807,1889,CF Os Belenenses,CF Os Belenenses,Portugal,Portugal Liga ZON Sagres,2015/2016,50000
242879,Joao Amorim,9807,1889,CF Os Belenenses,CF Os Belenenses,Portugal,Portugal Liga ZON Sagres,2015/2016,400000
150047,Joao Aurelio,10214,1891,CD Nacional,CD Nacional,Portugal,Portugal Liga ZON Sagres,2015/2016,2500000
435902,Joao Camacho,10214,1891,CD Nacional,CD Nacional,Portugal,Portugal Liga ZON Sagres,2015/2016,150000
361757,Joao Cancelo,10267,461,Valencia CF,Valencia CF,Spain,Spain LIGA BBVA,2015/2016,20000000
38293,Joao Carlos,9994,2007,Sporting Lokeren,Sporting Lokeren,Belgium,Belgium Jupiler League,2015/2016,250000
362661,Joao Costa,10238,665,Vitória Setúbal,Vitória Setúbal,Portugal,Portugal Liga ZON Sagres,2015/2016,800000
164059,Joao Dias,8613,1898,Boavista FC,Boavista FC,Portugal,Portugal Liga ZON Sagres,2014/2015,400000
191789,Joao Diogo,10212,1893,CS Marítimo,CS Marítimo,Portugal,Portugal Liga ZON Sagres,2015/2016,1500000
470337,Joao Gois,6403,1892,FC Paços de Ferreira,FC Paços de Ferreira,Portugal,Portugal Liga ZON Sagres,2015/2016,750000
300916,Joao Mario,9768,237,Sporting CP,Sporting CP,Portugal,Portugal Liga ZON Sagres,2015/2016,35000000
281554,Joao Meira,9807,1889,CF Os Belenenses,CF Os Belenenses,Portugal,Portugal Liga ZON Sagres,2014/2015,650000
97484,Joao Moreno,7844,1887,Vitória Guimarães,Vitória Guimarães,Portugal,Portugal Liga ZON Sagres,2015/2016,100000
37549,Joao Moutinho,9829,69,AS Monaco,AS Monaco,France,France Ligue 1,2015/2016,15000000
470301,Joao Novais,7841,744,Rio Ave FC,Rio Ave FC,Portugal,Portugal Liga ZON Sagres,2015/2016,450000
524434,Joao Palinha,8348,1900,Moreirense FC,Moreirense FC,Portugal,Portugal Liga ZON Sagres,2015/2016,1250000
375790,Joao Pedro,7844,1887,Vitória Guimarães,Vitória Guimarães,Portugal,Portugal Liga ZON Sagres,2015/2016,1000000
173630,Joao Pedro,8348,1900,Moreirense FC,Moreirense FC,Portugal,Portugal Liga ZON Sagres,2014/2015,500000
164241,Joao Pedro,8348,1900,Moreirense FC,Moreirense FC,Portugal,Portugal Liga ZON Sagres,2014/2015,1000000
203739,Joao Pedro Galvao,8529,1842,Cagliari,Cagliari,Italy,Italy Serie A,2014/2015,4000000
25990,Joao Pereira,9768,237,Sporting CP,Sporting CP,Portugal,Portugal Liga ZON Sagres,2015/2016,1500000
150299,Joao Real,10215,1901,Académica de Coimbra,Académica de Coimbra,Portugal,Portugal Liga ZON Sagres,2015/2016,250000
425426,Joao Rodriguez,9997,680,Sint-Truidense VV,Sint-Truidense VV,Belgium,Belgium Jupiler League,2015/2016,250000
345905,Joao Schimdt,10238,665,Vitória Setúbal,Vitória Setúbal,Portugal,Portugal Liga ZON Sagres,2014/2015,1000000
185432,Joao Silva,6403,1892,FC Paços de Ferreira,FC Paços de Ferreira,Portugal,Portugal Liga ZON Sagres,2015/2016,200000
488140,Joao Teixeira,7844,1887,Vitória Guimarães,Vitória Guimarães,Portugal,Portugal Liga ZON Sagres,2015/2016,1000000
27574,Joao Vilela,9764,1888,Gil Vicente FC,Gil Vicente FC,Portugal,Portugal Liga ZON Sagres,2014/2015,200000
280906,Joaozinho,6367,2000001,Uniao da Madeira,Uniao da Madeira,Portugal,Portugal Liga ZON Sagres,2015/2016,700000
202664,Joaquim Adao,10179,110770,FC Sion,FC Sion,Switzerland,Switzerland Super League,2015/2016,200000
37824,Joaquin,8603,449,Real Betis Balompié,Real Betis Balompié,Spain,Spain LIGA BBVA,2015/2016,1000000
319631,Joaquin Correa,9882,1837,Sampdoria,Sampdoria,Italy,Italy Serie A,2015/2016,10000000
243421,Jody Lukoki,6413,1914,PEC Zwolle,PEC Zwolle,Netherlands,Netherlands Eredivisie,2014/2015,1600000
47558,Joe Allen,8650,9,Liverpool,Liverpool,England,England Premier League,2015/2016,12000000
30630,Joe Cole,10252,2,Aston Villa,Aston Villa,England,England Premier League,2014/2015,400000
31432,Joe Hart,8456,10,Manchester City,Manchester City,England,England Premier League,2015/2016,15000000
22929,Joe Ledley,9826,1799,Crystal Palace,Crystal Palace,England,England Premier League,2015/2016,4000000
189927,Joe Shaughnessy,8467,100804,St. Johnstone FC,St. Johnstone FC,Scotland,Scotland Premier League,2015/2016,250000
46232,Joeel Sami,10000,15005,SV Zulte-Waregem,SV Zulte-Waregem,Belgium,Belgium Jupiler League,2015/2016,500000
242094,Joel Campbell,9825,1,Arsenal,Arsenal,England,England Premier League,2015/2016,8000000
154246,Joel Chukwuma Obi,9804,54,Torino,Torino,Italy,Italy Serie A,2015/2016,2000000
588337,Joel Drommel,8611,1908,FC Twente,FC Twente,Netherlands,Netherlands Eredivisie,2015/2016,500000
553598,Joel Gerezgiher,9810,1824,Eintracht Frankfurt,Eintracht Frankfurt,Germany,Germany 1. Bundesliga,2015/2016,350000
132814,Joel Mall,9956,322,Grasshopper Club Zürich,Grasshopper Club Zürich,Switzerland,Switzerland Super League,2015/2016,500000
171698,Joel Matip,10189,34,FC Schalke 04,FC Schalke 04,Germany,Germany 1. Bundesliga,2015/2016,18000000
186054,Joel Robles,8668,7,Everton,Everton,England,England Premier League,2015/2016,5000000
358156,Joel Untersee,9824,286,FC Vaduz,FC Vaduz,Switzerland,Switzerland Super League,2015/2016,1000000
304455,Joel Veltman,8593,245,Ajax,Ajax,Netherlands,Netherlands Eredivisie,2015/2016,7500000
146830,Joel Ward,9826,1799,Crystal Palace,Crystal Palace,England,England Premier League,2015/2016,5000000
293718,Joeri de Kamps,9761,1904,NAC Breda,NAC Breda,Netherlands,Netherlands Eredivisie,2014/2015,350000
24205,Joey Barton,10172,15,Queens Park Rangers,Queens Park Rangers,England,England Premier League,2014/2015,1500000
611526,Joey Dujardin,10000,15005,SV Zulte-Waregem,SV Zulte-Waregem,Belgium,Belgium Jupiler League,2014/2015,100000
150240,Joey Godee,9984,1750,KSV Cercle Brugge,KSV Cercle Brugge,Belgium,Belgium Jupiler League,2014/2015,350000
23931,Joey O'Brien,8654,19,West Ham United,West Ham United,England,England Premier League,2014/2015,1500000
248151,Joey Pelupessy,9791,100634,Heracles Almelo,Heracles Almelo,Netherlands,Netherlands Eredivisie,2015/2016,850000
466834,Joey Sleegers,8464,1910,N.E.C.,N.E.C.,Netherlands,Netherlands Eredivisie,2015/2016,600000
113292,Joey Suk,9761,1904,NAC Breda,NAC Breda,Netherlands,Netherlands Eredivisie,2014/2015,250000
110214,Joey van den Berg,10228,1913,SC Heerenveen,SC Heerenveen,Netherlands,Netherlands Eredivisie,2015/2016,1500000
37756,Johan Audel,9830,71,FC Nantes,FC Nantes,France,France Ligue 1,2015/2016,500000
46704,Johan Carrasso,9837,379,Stade de Reims,Stade de Reims,France,France Ligue 1,2015/2016,800000
30986,Johan Djourou,9790,28,Hamburger SV,Hamburger SV,Germany,Germany 1. Bundesliga,2015/2016,3500000
212520,Johan Kappelhof,8674,1915,FC Groningen,FC Groningen,Netherlands,Netherlands Eredivisie,2015/2016,850000
167557,Johan Martial,10242,294,ES Troyes AC,ES Troyes AC,France,France Ligue 1,2015/2016,600000
37087,Johannes Flum,9810,1824,Eintracht Frankfurt,Eintracht Frankfurt,Germany,Germany 1. Bundesliga,2015/2016,1000000
237542,Johannes Geis,10189,34,FC Schalke 04,FC Schalke 04,Germany,Germany 1. Bundesliga,2015/2016,15000000
40985,Johannes van den Bergh,8177,166,Hertha BSC Berlin,Hertha BSC Berlin,Germany,Germany 1. Bundesliga,2015/2016,400000
650847,Joher Khadim Rassoul,9994,2007,Sporting Lokeren,Sporting Lokeren,Belgium,Belgium Jupiler League,2015/2016,600000
278831,John Anthony Brooks,8177,166,Hertha BSC Berlin,Hertha BSC Berlin,Germany,Germany 1. Bundesliga,2015/2016,10000000
105680,John Bostock,1773,100087,Oud-Heverlee Leuven,Oud-Heverlee Leuven,Belgium,Belgium Jupiler League,2015/2016,900000
130298,John Guidetti,9910,450,RC Celta de Vigo,RC Celta de Vigo,Spain,Spain LIGA BBVA,2015/2016,8000000
288784,John Jairo Ruiz,8573,682,KV Oostende,KV Oostende,Belgium,Belgium Jupiler League,2014/2015,1250000
356406,John McGinn,9800,100805,St. Mirren,St. Mirren,Scotland,Scotland Premier League,2014/2015,550000
32345,John Obi Mikel,8455,5,Chelsea,Chelsea,England,England Premier League,2015/2016,11000000
24150,John O'Shea,8472,106,Sunderland,Sunderland,England,England Premier League,2015/2016,1000000
34447,John Rankin,9938,181,Dundee United,Dundee United,Scotland,Scotland Premier League,2015/2016,275000
40602,John Ruddy,9850,1792,Norwich City,Norwich City,England,England Premier League,2015/2016,3000000
419207,John Souttar,9860,80,Heart of Midlothian,Heart of Midlothian,Scotland,Scotland Premier League,2015/2016,500000
263653,John Stones,8668,7,Everton,Everton,England,England Premier League,2015/2016,35000000
23117,John Sutton,8467,100804,St. Johnstone FC,St. Johnstone FC,Scotland,Scotland Premier League,2015/2016,300000
30627,John Terry,8455,5,Chelsea,Chelsea,England,England Premier League,2015/2016,2500000
208676,John Tshibumbu,6391,110316,GFC Ajaccio,GFC Ajaccio,France,France Ligue 1,2015/2016,600000
30839,Johnny Heitinga,8177,166,Hertha BSC Berlin,Hertha BSC Berlin,Germany,Germany 1. Bundesliga,2014/2015,1000000
355713,Johnny Vidales,10212,1893,CS Marítimo,CS Marítimo,Portugal,Portugal Liga ZON Sagres,2014/2015,400000
103468,Johny Placide,9837,379,Stade de Reims,Stade de Reims,France,France Ligue 1,2015/2016,1000000
33086,Joleon Lescott,10252,2,Aston Villa,Aston Villa,England,England Premier League,2015/2016,1000000
191136,Jon Aurtenetxe,8315,448,Athletic Club de Bilbao,Athletic Club de Bilbao,Spain,Spain LIGA BBVA,2014/2015,800000
636565,Jon Bautista,8560,457,Real Sociedad,Real Sociedad,Spain,Spain LIGA BBVA,2015/2016,500000
449494,Jon Errasti,8372,467,SD Eibar,SD Eibar,Spain,Spain LIGA BBVA,2014/2015,1200000
239856,Jon Flanagan,8650,9,Liverpool,Liverpool,England,England Premier League,2015/2016,4000000
478390,Jon Gaztanaga,8560,457,Real Sociedad,Real Sociedad,Spain,Spain LIGA BBVA,2014/2015,700000
39122,Jonas,9772,234,SL Benfica,SL Benfica,Portugal,Portugal Liga ZON Sagres,2015/2016,12000000
33852,Jonas Gutierrez,9783,242,RC Deportivo de La Coruña,RC Deportivo de La Coruña,Spain,Spain LIGA BBVA,2015/2016,1200000
307210,Jonas Hector,8722,31,1. FC Köln,1. FC Köln,Germany,Germany 1. Bundesliga,2015/2016,14000000
242260,Jonas Heymans,8525,1907,Willem II,Willem II,Netherlands,Netherlands Eredivisie,2014/2015,150000
331542,Jonas Hofmann,9788,23,Borussia Mönchengladbach,Borussia Mönchengladbach,Germany,Germany 1. Bundesliga,2015/2016,4000000
120598,Jonas Loessl,9747,62,En Avant de Guingamp,En Avant de Guingamp,France,France Ligue 1,2015/2016,2500000
210142,Jonas Martin,10249,70,Montpellier Hérault SC,Montpellier Hérault SC,France,France Ligue 1,2015/2016,3000000
26527,Jonas Olsson,8659,109,West Bromwich Albion,West Bromwich Albion,England,England Premier League,2015/2016,1500000
557342,Jonas Omlin,10199,897,FC Luzern,FC Luzern,Switzerland,Switzerland Super League,2014/2015,200000
432825,Jonatan Straus,1957,110745,Jagiellonia Białystok,Jagiellonia Białystok,Poland,Poland Ekstraklasa,2015/2016,200000
19352,Jonathan,8636,44,Inter,Inter,Italy,Italy Serie A,2014/2015,1750000
466484,Jonathan Benteke,10000,15005,SV Zulte-Waregem,SV Zulte-Waregem,Belgium,Belgium Jupiler League,2014/2015,400000
40686,Jonathan Biabiany,8636,44,Inter,Inter,Italy,Italy Serie A,2015/2016,6000000
26236,Jonathan Brison,9853,1819,AS Saint-Étienne,AS Saint-Étienne,France,France Ligue 1,2015/2016,500000
201102,Jonathan Buatu Mananga,8475,110913,Waasland-Beveren,Waasland-Beveren,Belgium,Belgium Jupiler League,2015/2016,800000
625167,Jonathan Correia,9831,72,OGC Nice,OGC Nice,France,France Ligue 1,2015/2016,50000
317771,Jonathan Cristian Silva,9768,237,Sporting CP,Sporting CP,Portugal,Portugal Liga ZON Sagres,2015/2016,4000000
24123,Jonathan De Guzman,208931,112409,Carpi,Carpi,Italy,Italy Serie A,2015/2016,3000000
208984,Jonathan Delaplace,7819,210,SM Caen,SM Caen,France,France Ligue 1,2015/2016,1750000
189101,Jonathan dos Santos,10205,483,Villarreal CF,Villarreal CF,Spain,Spain LIGA BBVA,2015/2016,6000000
159856,Jonathan Franks,8649,631,Ross County FC,Ross County FC,Scotland,Scotland Premier League,2015/2016,275000
469700,Jonathan Glao Tah,8178,32,Bayer 04 Leverkusen,Bayer 04 Leverkusen,Germany,Germany 1. Bundesliga,2015/2016,16000000
25416,Jonathan Hayes,8485,77,Aberdeen,Aberdeen,Scotland,Scotland Premier League,2015/2016,750000
46354,Jonathan Howson,9850,1792,Norwich City,Norwich City,England,England Premier League,2015/2016,4000000
38378,Jonathan Legear,9985,232,Standard de Liège,Standard de Liège,Belgium,Belgium Jupiler League,2015/2016,700000
682552,Jonathan Leko,8659,109,West Bromwich Albion,West Bromwich Albion,England,England Premier League,2015/2016,1500000
215307,Jonathan Ligali,10249,70,Montpellier Hérault SC,Montpellier Hérault SC,France,France Ligue 1,2015/2016,800000
101920,Jonathan Lopez,8305,1860,Getafe CF,Getafe CF,Spain,Spain LIGA BBVA,2014/2015,150000
40007,Jonathan Martins-Pereira,9747,62,En Avant de Guingamp,En Avant de Guingamp,France,France Ligue 1,2015/2016,1000000
192319,Jonathan Mensah,4087,111271,Évian Thonon Gaillard FC,Évian Thonon Gaillard FC,France,France Ligue 1,2014/2015,400000
150644,Jonathan Pereira,10205,483,Villarreal CF,Villarreal CF,Spain,Spain LIGA BBVA,2014/2015,1000000
193807,Jonathan Rivierez,8550,68,FC Metz,FC Metz,France,France Ligue 1,2014/2015,800000
495107,Jonathan Rodriguez,9783,242,RC Deportivo de La Coruña,RC Deportivo de La Coruña,Spain,Spain LIGA BBVA,2015/2016,2000000
393337,Jonathan Sabbatini,7896,2000003,Lugano,Lugano,Switzerland,Switzerland Super League,2015/2016,1250000
240837,Jonathan Schmid,8226,10029,TSG 1899 Hoffenheim,TSG 1899 Hoffenheim,Germany,Germany 1. Bundesliga,2015/2016,4000000
114680,Jonathan Urretaviscaya,6403,1892,FC Paços de Ferreira,FC Paços de Ferreira,Portugal,Portugal Liga ZON Sagres,2014/2015,2800000
213729,Jonathan Viera,8306,472,UD Las Palmas,UD Las Palmas,Spain,Spain LIGA BBVA,2015/2016,6000000
33881,Jonathan Walters,10194,1806,Stoke City,Stoke City,England,England Premier League,2015/2016,3500000
45490,Jonathan Wilmet,8475,110913,Waasland-Beveren,Waasland-Beveren,Belgium,Belgium Jupiler League,2014/2015,250000
128732,Jonathas,8560,457,Real Sociedad,Real Sociedad,Spain,Spain LIGA BBVA,2015/2016,7000000
127130,Jonjo Shelvey,10261,13,Newcastle United,Newcastle United,England,England Premier League,2015/2016,11000000
43248,Jonny Evans,8659,109,West Bromwich Albion,West Bromwich Albion,England,England Premier League,2015/2016,6000000
541557,Jony,9869,459,Real Sporting de Gijón,Real Sporting de Gijón,Spain,Spain LIGA BBVA,2015/2016,3500000
130667,Joo-Ho Park,9789,22,Borussia Dortmund,Borussia Dortmund,Germany,Germany 1. Bundesliga,2015/2016,1750000
26491,Joost Broerse,6413,1914,PEC Zwolle,PEC Zwolle,Netherlands,Netherlands Eredivisie,2014/2015,250000
466854,Joost van Aken,10228,1913,SC Heerenveen,SC Heerenveen,Netherlands,Netherlands Eredivisie,2015/2016,1250000
21765,Jop van der Linden,10229,1906,AZ,AZ,Netherlands,Netherlands Eredivisie,2015/2016,900000
352943,Jordan Adeoti,7819,210,SM Caen,SM Caen,France,France Ligue 1,2015/2016,1250000
473853,Jordan Amavi,10252,2,Aston Villa,Aston Villa,England,England Premier League,2015/2016,10000000
154280,Jordan Ayew,10252,2,Aston Villa,Aston Villa,England,England Premier League,2015/2016,7500000
210119,Jordan Ferri,9748,66,Olympique Lyonnais,Olympique Lyonnais,France,France Ligue 1,2015/2016,7500000
156008,Jordan Henderson,8650,9,Liverpool,Liverpool,England,England Premier League,2015/2016,28000000
671644,Jordan Leborgne,7819,210,SM Caen,SM Caen,France,France Ligue 1,2015/2016,600000
173462,Jordan Lukaku,8573,682,KV Oostende,KV Oostende,Belgium,Belgium Jupiler League,2015/2016,4000000
706985,Jordan Lyden,10252,2,Aston Villa,Aston Villa,England,England Premier League,2015/2016,500000
445510,Jordan McGhee,9860,80,Heart of Midlothian,Heart of Midlothian,Scotland,Scotland Premier League,2015/2016,250000
58486,Jordan McMillan,8426,1754,Partick Thistle F.C.,Partick Thistle F.C.,Scotland,Scotland Premier League,2014/2015,250000
201804,Jordan Mustoe,10001,681,KVC Westerlo,KVC Westerlo,Belgium,Belgium Jupiler League,2015/2016,400000
303919,Jordan Pickford,8472,106,Sunderland,Sunderland,England,England Premier League,2015/2016,1000000
38777,Jordan Remacle,1773,100087,Oud-Heverlee Leuven,Oud-Heverlee Leuven,Belgium,Belgium Jupiler League,2015/2016,700000
303922,Jordan Roberts,8066,620,Inverness Caledonian Thistle,Inverness Caledonian Thistle,Scotland,Scotland Premier League,2015/2016,50000
422413,Jordan Rolly Botaka,10218,1971,Excelsior,Excelsior,Netherlands,Netherlands Eredivisie,2015/2016,750000
261313,Jordan Veretout,10252,2,Aston Villa,Aston Villa,England,England Premier League,2015/2016,8000000
45837,Jordens Peters,8525,1907,Willem II,Willem II,Netherlands,Netherlands Eredivisie,2015/2016,1000000
150739,Jordi Alba,8634,241,FC Barcelona,FC Barcelona,Spain,Spain LIGA BBVA,2015/2016,35000000
193223,Jordi Amat,10003,1960,Swansea City,Swansea City,England,England Premier League,2015/2016,2500000
150632,Jordi Feliu Xumetra,8581,1853,Levante UD,Levante UD,Spain,Spain LIGA BBVA,2015/2016,800000
172147,Jordi Figueras,8603,449,Real Betis Balompié,Real Betis Balompié,Spain,Spain LIGA BBVA,2015/2016,1000000
118929,Jordi Gomez,8472,106,Sunderland,Sunderland,England,England Premier League,2015/2016,2000000
213684,Jordi Masip,8634,241,FC Barcelona,FC Barcelona,Spain,Spain LIGA BBVA,2014/2015,1000000
401004,Jordi Vanlerberghe,8203,110724,KV Mechelen,KV Mechelen,Belgium,Belgium Jupiler League,2015/2016,500000
280653,Jordon Ibe,8650,9,Liverpool,Liverpool,England,England Premier League,2015/2016,10000000
149917,Jordon Mutch,9826,1799,Crystal Palace,Crystal Palace,England,England Premier League,2015/2016,4000000
109639,Jordy Buijs,9803,1902,Roda JC Kerkrade,Roda JC Kerkrade,Netherlands,Netherlands Eredivisie,2015/2016,600000
209384,Jordy Clasie,8466,17,Southampton,Southampton,England,England Premier League,2015/2016,11000000
303929,Jordy van Deelen,6631,100626,FC Dordrecht,FC Dordrecht,Netherlands,Netherlands Eredivisie,2014/2015,125000
189977,Jore Trompet,10001,681,KVC Westerlo,KVC Westerlo,Belgium,Belgium Jupiler League,2015/2016,300000
257847,Jores Okore,10252,2,Aston Villa,Aston Villa,England,England Premier League,2015/2016,3000000
183321,Jorge Garcia Morcillo,8370,480,Rayo Vallecano,Rayo Vallecano,Spain,Spain LIGA BBVA,2014/2015,600000
730065,Jorge Intima,158085,112513,FC Arouca,FC Arouca,Portugal,Portugal Liga ZON Sagres,2015/2016,150000
580589,Jorge Mere,9869,459,Real Sporting de Gijón,Real Sporting de Gijón,Spain,Spain LIGA BBVA,2015/2016,5000000
2983,Jorge Molina,8603,449,Real Betis Balompié,Real Betis Balompié,Spain,Spain LIGA BBVA,2015/2016,800000
171338,Jorge Teixeira,9985,232,Standard de Liège,Standard de Liège,Belgium,Belgium Jupiler League,2015/2016,1000000
282775,Jorginho,9875,48,Napoli,Napoli,Italy,Italy Serie A,2015/2016,20000000
687733,Joris Gnagnon,9851,74,Stade Rennais FC,Stade Rennais FC,France,France Ligue 1,2015/2016,300000
500932,Joris Kayembe Ditu,7841,744,Rio Ave FC,Rio Ave FC,Portugal,Portugal Liga ZON Sagres,2015/2016,1500000
37787,Joris Mathijsen,10235,246,Feyenoord,Feyenoord,Netherlands,Netherlands Eredivisie,2014/2015,1000000
93466,Joris Steve Marveaux,10249,70,Montpellier Hérault SC,Montpellier Hérault SC,France,France Ligue 1,2015/2016,500000
422121,Joris van Overeem,10229,1906,AZ,AZ,Netherlands,Netherlands Eredivisie,2015/2016,3500000
37963,Jorn Vermeulen,8475,110913,Waasland-Beveren,Waasland-Beveren,Belgium,Belgium Jupiler League,2014/2015,300000
467495,Jorrit Hendrix,8640,247,PSV,PSV,Netherlands,Netherlands Eredivisie,2015/2016,5000000
162497,Jose Angel,9773,236,FC Porto,FC Porto,Portugal,Portugal Liga ZON Sagres,2015/2016,400000
213816,Jose Angel,10268,468,Elche CF,Elche CF,Spain,Spain LIGA BBVA,2014/2015,400000
38148,Jose Angel Crespo,8370,480,Rayo Vallecano,Rayo Vallecano,Spain,Spain LIGA BBVA,2015/2016,1000000
38821,Jose Antonio Reyes,8302,481,Sevilla FC,Sevilla FC,Spain,Spain LIGA BBVA,2015/2016,2000000
213502,Jose Campana,9773,236,FC Porto,FC Porto,Portugal,Portugal Liga ZON Sagres,2014/2015,1800000
161651,Jose Canas,8558,452,RCD Espanyol,RCD Espanyol,Spain,Spain LIGA BBVA,2015/2016,2000000
37475,Jose Enrique,8650,9,Liverpool,Liverpool,England,England Premier League,2014/2015,1000000
26552,Jose Fonte,8466,17,Southampton,Southampton,England,England Premier League,2015/2016,6000000
391058,Jose Gaya,10267,461,Valencia CF,Valencia CF,Spain,Spain LIGA BBVA,2015/2016,18000000
474589,Jose Gimenez,9906,240,Atlético Madrid,Atlético Madrid,Spain,Spain LIGA BBVA,2015/2016,30000000
35712,Jose Holebas,9817,1795,Watford,Watford,England,England Premier League,2015/2016,2000000
207511,Jose Izquierdo,8342,231,Club Brugge KV,Club Brugge KV,Belgium,Belgium Jupiler League,2015/2016,9000000
573663,Jose Kante,8020,2000002,Polonia Bytom,Polonia Bytom,Poland,Poland Ekstraklasa,2015/2016,200000
26554,Jose Leonardo Ulloa,8197,95,Leicester City,Leicester City,England,England Premier League,2015/2016,8000000
477472,Jose Luis Morales,8581,1853,Levante UD,Levante UD,Spain,Spain LIGA BBVA,2015/2016,3000000
185625,Jose Luis Palomino,8550,68,FC Metz,FC Metz,France,France Ligue 1,2014/2015,1600000
99333,Jose Manuel Casado,9865,1861,UD Almería,UD Almería,Spain,Spain LIGA BBVA,2014/2015,700000
37411,Jose Manuel Jurado,9817,1795,Watford,Watford,England,England Premier League,2015/2016,3500000
364244,Jose Mari,8581,1853,Levante UD,Levante UD,Spain,Spain LIGA BBVA,2015/2016,500000
18521,Jose Maria Basanta,8535,110374,Fiorentina,Fiorentina,Italy,Italy Serie A,2014/2015,1500000
150330,Jose Maria Callejon,9875,48,Napoli,Napoli,Italy,Italy Serie A,2015/2016,23000000
183521,Jose Maria Lopez Silva,7869,1867,Córdoba CF,Córdoba CF,Spain,Spain LIGA BBVA,2014/2015,150000
674492,Jose Matos,8302,481,Sevilla FC,Sevilla FC,Spain,Spain LIGA BBVA,2015/2016,1000000
470868,Jose Mauri,8564,47,Milan,Milan,Italy,Italy Serie A,2015/2016,4500000
186121,Jose Raul Baena,8370,480,Rayo Vallecano,Rayo Vallecano,Spain,Spain LIGA BBVA,2015/2016,2000000
238841,Jose Recio,9864,573,Málaga CF,Málaga CF,Spain,Spain LIGA BBVA,2015/2016,4000000
359190,Jose Rodriguez,9783,242,RC Deportivo de La Coruña,RC Deportivo de La Coruña,Spain,Spain LIGA BBVA,2014/2015,2250000
416175,Jose Sa,10212,1893,CS Marítimo,CS Marítimo,Portugal,Portugal Liga ZON Sagres,2015/2016,1250000
51545,Jose Salomon Rondon,8659,109,West Bromwich Albion,West Bromwich Albion,England,England Premier League,2015/2016,17000000
116183,Jose Velazquez,158085,112513,FC Arouca,FC Arouca,Portugal,Portugal Liga ZON Sagres,2015/2016,900000
485141,Joseba Zaldua,8560,457,Real Sociedad,Real Sociedad,Spain,Spain LIGA BBVA,2015/2016,1500000
239287,Josef Martinez,9804,54,Torino,Torino,Italy,Italy Serie A,2015/2016,2000000
172321,Joselu,10194,1806,Stoke City,Stoke City,England,England Premier League,2015/2016,6000000
638029,Josep Sene,9910,450,RC Celta de Vigo,RC Celta de Vigo,Spain,Spain LIGA BBVA,2015/2016,400000
38440,Joseph Akpala,8573,682,KV Oostende,KV Oostende,Belgium,Belgium Jupiler League,2015/2016,850000
294862,Joseph Chalmers,9927,83,Motherwell,Motherwell,Scotland,Scotland Premier League,2015/2016,250000
568571,Joseph Gomez,8650,9,Liverpool,Liverpool,England,England Premier League,2015/2016,50000
98959,Josh Law,9927,83,Motherwell,Motherwell,Scotland,Scotland Premier League,2015/2016,200000
180137,Josh Magennis,8597,82,Kilmarnock,Kilmarnock,Scotland,Scotland Premier League,2015/2016,300000
275936,Josh Meekings,8066,620,Inverness Caledonian Thistle,Inverness Caledonian Thistle,Scotland,Scotland Premier League,2015/2016,450000
188000,Josh Parker,8485,77,Aberdeen,Aberdeen,Scotland,Scotland Premier League,2015/2016,300000
389845,Joshua Brenet,8640,247,PSV,PSV,Netherlands,Netherlands Eredivisie,2015/2016,3500000
239774,Joshua Brillante,8535,110374,Fiorentina,Fiorentina,Italy,Italy Serie A,2014/2015,350000
161421,Joshua Guilavogui,8721,175,VfL Wolfsburg,VfL Wolfsburg,Germany,Germany 1. Bundesliga,2015/2016,10000000
460632,Joshua Kimmich,9823,21,FC Bayern Munich,FC Bayern Munich,Germany,Germany 1. Bundesliga,2015/2016,20000000
185236,Joshua King,8678,1943,Bournemouth,Bournemouth,England,England Premier League,2015/2016,4000000
215226,Joshua McEachran,8277,1909,Vitesse,Vitesse,Netherlands,Netherlands Eredivisie,2014/2015,1250000
182072,Joshua Silva,8027,112512,Zawisza Bydgoszcz,Zawisza Bydgoszcz,Poland,Poland Ekstraklasa,2014/2015,75000
110106,Josimar Lima,6631,100626,FC Dordrecht,FC Dordrecht,Netherlands,Netherlands Eredivisie,2014/2015,200000
74858,Josip Barisic,8028,111086,Piast Gliwice,Piast Gliwice,Poland,Poland Ekstraklasa,2015/2016,700000
194533,Josip Drmic,9790,28,Hamburger SV,Hamburger SV,Germany,Germany 1. Bundesliga,2015/2016,4000000
147951,Josip Ilicic,8535,110374,Fiorentina,Fiorentina,Italy,Italy Serie A,2015/2016,15000000
655544,Josip Posavec,8540,1843,Palermo,Palermo,Italy,Italy Serie A,2015/2016,1500000
298940,Josip Radosevic,8372,467,SD Eibar,SD Eibar,Spain,Spain LIGA BBVA,2015/2016,1500000
163824,Josue,10264,1896,SC Braga,SC Braga,Portugal,Portugal Liga ZON Sagres,2015/2016,5000000
244563,Jota,8372,467,SD Eibar,SD Eibar,Spain,Spain LIGA BBVA,2015/2016,1200000
15938,Jovan Kostovski,1773,100087,Oud-Heverlee Leuven,Oud-Heverlee Leuven,Belgium,Belgium Jupiler League,2015/2016,800000
427893,Jozabed,8370,480,Rayo Vallecano,Rayo Vallecano,Spain,Spain LIGA BBVA,2015/2016,5000000
34336,Jozef Piacek,8033,111087,Podbeskidzie Bielsko-Biała,Podbeskidzie Bielsko-Biała,Poland,Poland Ekstraklasa,2015/2016,125000
427061,Jozo Simunovic,9925,78,Celtic,Celtic,Scotland,Scotland Premier League,2015/2016,3000000
70297,Jozy Altidore,8472,106,Sunderland,Sunderland,England,England Premier League,2014/2015,2500000
282691,Juan Bernat,9823,21,FC Bayern Munich,FC Bayern Munich,Germany,Germany 1. Bundesliga,2015/2016,18000000
246187,Juan Calahorro,8025,111092,Śląsk Wrocław,Śląsk Wrocław,Poland,Poland Ekstraklasa,2014/2015,150000
50074,Juan Camilo Zuniga,9857,189,Bologna,Bologna,Italy,Italy Serie A,2015/2016,1500000
246422,Juan Carlos,8370,480,Rayo Vallecano,Rayo Vallecano,Spain,Spain LIGA BBVA,2015/2016,1000000
38484,Juan Carlos,10205,483,Villarreal CF,Villarreal CF,Spain,Spain LIGA BBVA,2014/2015,1000000
165773,Juan Carlos Paredes,9817,1795,Watford,Watford,England,England Premier League,2015/2016,2000000
33761,Juan Carlos Valeron,8306,472,UD Las Palmas,UD Las Palmas,Spain,Spain LIGA BBVA,2015/2016,100000
155066,Juan Cuadrado,9885,45,Juventus,Juventus,Italy,Italy Serie A,2015/2016,25000000
480778,Juan Delgado,9860,80,Heart of Midlothian,Heart of Midlothian,Scotland,Scotland Premier League,2015/2016,700000
189178,Juan Dominguez Lamas,9783,242,RC Deportivo de La Coruña,RC Deportivo de La Coruña,Spain,Spain LIGA BBVA,2015/2016,1500000
116253,Juan Falcon,8550,68,FC Metz,FC Metz,France,France Ligue 1,2014/2015,850000
245572,Juan Manuel Iturbe,8686,52,Roma,Roma,Italy,Italy Serie A,2015/2016,10000000
41468,Juan Mata,10260,11,Manchester United,Manchester United,England,England Premier League,2015/2016,31000000
561433,Juan Munoz,8302,481,Sevilla FC,Sevilla FC,Spain,Spain LIGA BBVA,2015/2016,400000
25735,Juan Pablo Carrizo,8636,44,Inter,Inter,Italy,Italy Serie A,2015/2016,500000
207617,Juan Quintero,9851,74,Stade Rennais FC,Stade Rennais FC,France,France Ligue 1,2015/2016,5000000
190452,Juan Rafael Fuentes,8558,452,RCD Espanyol,RCD Espanyol,Spain,Spain LIGA BBVA,2015/2016,1500000
37449,Juan Rodriguez,8305,1860,Getafe CF,Getafe CF,Spain,Spain LIGA BBVA,2015/2016,500000
239981,Juan Sanchez Mino,9804,54,Torino,Torino,Italy,Italy Serie A,2014/2015,2000000
39719,Juan Vargas,8603,449,Real Betis Balompié,Real Betis Balompié,Spain,Spain LIGA BBVA,2015/2016,2500000
38424,Juanfran,9906,240,Atlético Madrid,Atlético Madrid,Spain,Spain LIGA BBVA,2015/2016,16000000
103905,Juanfran,9783,242,RC Deportivo de La Coruña,RC Deportivo de La Coruña,Spain,Spain LIGA BBVA,2015/2016,3500000
191873,Juanmi,9864,573,Málaga CF,Málaga CF,Spain,Spain LIGA BBVA,2014/2015,5000000
573463,Juanpi,9864,573,Málaga CF,Málaga CF,Spain,Spain LIGA BBVA,2015/2016,3000000
303935,Juanto,9807,1889,CF Os Belenenses,CF Os Belenenses,Portugal,Portugal Liga ZON Sagres,2015/2016,800000
493731,Jubal,158085,112513,FC Arouca,FC Arouca,Portugal,Portugal Liga ZON Sagres,2015/2016,600000
66633,Jukka Raitala,10228,1913,SC Heerenveen,SC Heerenveen,Netherlands,Netherlands Eredivisie,2014/2015,400000
488087,Julen Etxabeguren,8284,180,Dundee FC,Dundee FC,Scotland,Scotland Premier League,2015/2016,175000
115723,Jules Reimerink,6433,100632,Go Ahead Eagles,Go Ahead Eagles,Netherlands,Netherlands Eredivisie,2014/2015,200000
103485,Jules Stephane Goda,6391,110316,GFC Ajaccio,GFC Ajaccio,France,France Ligue 1,2015/2016,300000
59595,Julian Baumgartlinger,9905,169,1. FSV Mainz 05,1. FSV Mainz 05,Germany,Germany 1. Bundesliga,2015/2016,6000000
516846,Julian Brandt,8178,32,Bayer 04 Leverkusen,Bayer 04 Leverkusen,Germany,Germany 1. Bundesliga,2015/2016,16000000
243164,Julian Draxler,8721,175,VfL Wolfsburg,VfL Wolfsburg,Germany,Germany 1. Bundesliga,2015/2016,28000000
461356,Julian Green,9790,28,Hamburger SV,Hamburger SV,Germany,Germany 1. Bundesliga,2014/2015,500000
278815,Julian Korb,9788,23,Borussia Mönchengladbach,Borussia Mönchengladbach,Germany,Germany 1. Bundesliga,2015/2016,4500000
660153,Julian Lelieveld,8277,1909,Vitesse,Vitesse,Netherlands,Netherlands Eredivisie,2015/2016,250000
364290,Julian Michel,274581,2000004,Royal Excel Mouscron,Royal Excel Mouscron,Belgium,Belgium Jupiler League,2015/2016,1200000
569039,Julian Montenegro,8613,1898,Boavista FC,Boavista FC,Portugal,Portugal Liga ZON Sagres,2014/2015,400000
141161,Julian Schieber,8177,166,Hertha BSC Berlin,Hertha BSC Berlin,Germany,Germany 1. Bundesliga,2014/2015,2500000
36771,Julian Schuster,8358,25,SC Freiburg,SC Freiburg,Germany,Germany 1. Bundesliga,2014/2015,500000
22998,Julian Speroni,9826,1799,Crystal Palace,Crystal Palace,England,England Premier League,2015/2016,500000
521421,Julian Weigl,9789,22,Borussia Dortmund,Borussia Dortmund,Germany,Germany 1. Bundesliga,2015/2016,18000000
41361,Julien Cardy,9747,62,En Avant de Guingamp,En Avant de Guingamp,France,France Ligue 1,2015/2016,250000
482397,Julien De Sart,9985,232,Standard de Liège,Standard de Liège,Belgium,Belgium Jupiler League,2015/2016,2000000
36394,Julien Faubert,8597,82,Kilmarnock,Kilmarnock,Scotland,Scotland Premier League,2015/2016,500000
46757,Julien Feret,7819,210,SM Caen,SM Caen,France,France Ligue 1,2015/2016,1000000
37112,Julien Gorius,9987,673,KRC Genk,KRC Genk,Belgium,Belgium Jupiler League,2015/2016,350000
42693,Julien Palmieri,7794,58,SC Bastia,SC Bastia,France,France Ligue 1,2015/2016,2000000
602555,Julien Romain,7794,58,SC Bastia,SC Bastia,France,France Ligue 1,2015/2016,300000
410160,Julien Vercauteren,9831,72,OGC Nice,OGC Nice,France,France Ligue 1,2014/2015,350000
30989,Julio Cesar,9772,234,SL Benfica,SL Benfica,Portugal,Portugal Liga ZON Sagres,2015/2016,1000000
45245,Julio Coelho,6547,100741,FC Penafiel,FC Penafiel,Portugal,Portugal Liga ZON Sagres,2014/2015,150000
614574,Juninho Bacuna,8674,1915,FC Groningen,FC Groningen,Netherlands,Netherlands Eredivisie,2015/2016,800000
172887,Junior Caicara,10189,34,FC Schalke 04,FC Schalke 04,Germany,Germany 1. Bundesliga,2015/2016,4000000
51841,Junior Diaz,8262,110502,SV Darmstadt 98,SV Darmstadt 98,Germany,Germany 1. Bundesliga,2015/2016,500000
113465,Junior Hoilett,10172,15,Queens Park Rangers,Queens Park Rangers,England,England Premier League,2014/2015,3500000
231006,Junior Kabananga,9984,1750,KSV Cercle Brugge,KSV Cercle Brugge,Belgium,Belgium Jupiler League,2014/2015,1200000
500721,Junior Oto'o Zue,188163,2000006,Tondela,Tondela,Portugal,Portugal Liga ZON Sagres,2015/2016,500000
307436,Junior Ponce,10238,665,Vitória Setúbal,Vitória Setúbal,Portugal,Portugal Liga ZON Sagres,2014/2015,350000
160496,Junior Stanislas,8678,1943,Bournemouth,Bournemouth,England,England Premier League,2015/2016,4000000
179090,Junya Tanaka,9768,237,Sporting CP,Sporting CP,Portugal,Portugal Liga ZON Sagres,2014/2015,2500000
72518,Juraj Kucka,8564,47,Milan,Milan,Italy,Italy Serie A,2015/2016,9000000
289441,Jurgen Locadia,8640,247,PSV,PSV,Netherlands,Netherlands Eredivisie,2015/2016,5500000
279104,Jurgen Mattheij,10218,1971,Excelsior,Excelsior,Netherlands,Netherlands Eredivisie,2015/2016,500000
26144,Jussie,9827,59,Girondins de Bordeaux,Girondins de Bordeaux,France,France Ligue 1,2015/2016,500000
728414,Justin Hoogma,9791,100634,Heracles Almelo,Heracles Almelo,Netherlands,Netherlands Eredivisie,2015/2016,600000
421387,Juwon Oshaniwa,9860,80,Heart of Midlothian,Heart of Midlothian,Scotland,Scotland Premier League,2015/2016,250000
441164,Kaan Ayhan,9810,1824,Eintracht Frankfurt,Eintracht Frankfurt,Germany,Germany 1. Bundesliga,2015/2016,1000000
25856,Kader Mangane,6391,110316,GFC Ajaccio,GFC Ajaccio,France,France Ligue 1,2015/2016,500000
243501,Kai Heerings,7788,647,SC Cambuur,SC Cambuur,Netherlands,Netherlands Eredivisie,2015/2016,250000
209380,Kaj Ramsteijn,10212,1893,CS Marítimo,CS Marítimo,Portugal,Portugal Liga ZON Sagres,2014/2015,300000
141704,Kaja Rogulj,10199,897,FC Luzern,FC Luzern,Switzerland,Switzerland Super League,2015/2016,500000
45352,Kaka,188163,2000006,Tondela,Tondela,Portugal,Portugal Liga ZON Sagres,2015/2016,100000
210428,Kalidou Koulibaly,9875,48,Napoli,Napoli,Italy,Italy Serie A,2015/2016,28000000
289251,Kalifa Coulibaly,9991,674,KAA Gent,KAA Gent,Belgium,Belgium Jupiler League,2015/2016,2000000
80293,Kallum Higginbotham,8597,82,Kilmarnock,Kilmarnock,Scotland,Scotland Premier League,2015/2016,275000
43329,Kalu Uche,8581,1853,Levante UD,Levante UD,Spain,Spain LIGA BBVA,2014/2015,600000
93453,Kamil Bilinski,8025,111092,Śląsk Wrocław,Śląsk Wrocław,Poland,Poland Ekstraklasa,2015/2016,300000
429914,Kamil Dankowski,8025,111092,Śląsk Wrocław,Śląsk Wrocław,Poland,Poland Ekstraklasa,2015/2016,150000
214977,Kamil Drygas,8027,112512,Zawisza Bydgoszcz,Zawisza Bydgoszcz,Poland,Poland Ekstraklasa,2014/2015,600000
150670,Kamil Glik,9804,54,Torino,Torino,Italy,Italy Serie A,2015/2016,11000000
69541,Kamil Grosicki,9851,74,Stade Rennais FC,Stade Rennais FC,France,France Ligue 1,2015/2016,4500000
728478,Kamil Jozwiak,2182,873,Lech Poznań,Lech Poznań,Poland,Poland Ekstraklasa,2015/2016,250000
465568,Kamil Mazek,1601,874,Ruch Chorzów,Ruch Chorzów,Poland,Poland Ekstraklasa,2015/2016,400000
429655,Kamil Sylwestrzak,8245,111083,Korona Kielce,Korona Kielce,Poland,Poland Ekstraklasa,2015/2016,300000
27630,Kamil Vacek,8028,111086,Piast Gliwice,Piast Gliwice,Poland,Poland Ekstraklasa,2015/2016,1000000
105535,Kamil Wilczek,208931,112409,Carpi,Carpi,Italy,Italy Serie A,2015/2016,800000
186847,Kamohelo Mokotjo,8611,1908,FC Twente,FC Twente,Netherlands,Netherlands Eredivisie,2015/2016,3500000
253103,Kane Hemmings,8284,180,Dundee FC,Dundee FC,Scotland,Scotland Premier League,2015/2016,175000
164229,Kanu,1773,100087,Oud-Heverlee Leuven,Oud-Heverlee Leuven,Belgium,Belgium Jupiler League,2015/2016,1000000
195448,Kara Mbodji,8635,229,RSC Anderlecht,RSC Anderlecht,Belgium,Belgium Jupiler League,2015/2016,4500000
37886,Karel D'Haene,10000,15005,SV Zulte-Waregem,SV Zulte-Waregem,Belgium,Belgium Jupiler League,2014/2015,100000
39578,Karel Geraerts,9986,670,Sporting Charleroi,Sporting Charleroi,Belgium,Belgium Jupiler League,2015/2016,150000
188231,Karel van Roose,9984,1750,KSV Cercle Brugge,KSV Cercle Brugge,Belgium,Belgium Jupiler League,2014/2015,250000
465924,Karim Azamoum,10242,294,ES Troyes AC,ES Troyes AC,France,France Ligue 1,2015/2016,600000
149279,Karim Belhocine,8475,110913,Waasland-Beveren,Waasland-Beveren,Belgium,Belgium Jupiler League,2014/2015,150000
208230,Karim Bellarabi,8178,32,Bayer 04 Leverkusen,Bayer 04 Leverkusen,Germany,Germany 1. Bundesliga,2015/2016,22000000
26166,Karim Benzema,8633,243,Real Madrid CF,Real Madrid CF,Spain,Spain LIGA BBVA,2015/2016,60000000
26539,Karim El Ahmadi,10235,246,Feyenoord,Feyenoord,Netherlands,Netherlands Eredivisie,2015/2016,2500000
630950,Karim Essikal,10000,15005,SV Zulte-Waregem,SV Zulte-Waregem,Belgium,Belgium Jupiler League,2015/2016,900000
33065,Karim Guede,8358,25,SC Freiburg,SC Freiburg,Germany,Germany 1. Bundesliga,2014/2015,500000
560416,Karim Hafez,9989,239,Lierse SK,Lierse SK,Belgium,Belgium Jupiler League,2014/2015,900000
231093,Karim Laribi,7943,111974,Sassuolo,Sassuolo,Italy,Italy Serie A,2015/2016,1100000
176953,Karim Onisiwo,9905,169,1. FSV Mainz 05,1. FSV Mainz 05,Germany,Germany 1. Bundesliga,2015/2016,1500000
282286,Karim Rekik,8592,219,Olympique de Marseille,Olympique de Marseille,France,France Ligue 1,2015/2016,3000000
613972,Karim Rossi,7896,2000003,Lugano,Lugano,Switzerland,Switzerland Super League,2015/2016,450000
351939,Karim Tarfi,8526,635,De Graafschap,De Graafschap,Netherlands,Netherlands Eredivisie,2015/2016,500000
667972,Karl,188163,2000006,Tondela,Tondela,Portugal,Portugal Liga ZON Sagres,2015/2016,150000
163604,Karl Darlow,10261,13,Newcastle United,Newcastle United,England,England Premier League,2015/2016,2500000
35466,Karl Henry,10172,15,Queens Park Rangers,Queens Park Rangers,England,England Premier League,2014/2015,1000000
579207,Karol Danielak,8023,110746,Pogoń Szczecin,Pogoń Szczecin,Poland,Poland Ekstraklasa,2015/2016,100000
361403,Karol Linetty,2182,873,Lech Poznań,Lech Poznań,Poland,Poland Ekstraklasa,2015/2016,3200000
450740,Karol Mackiewicz,1957,110745,Jagiellonia Białystok,Jagiellonia Białystok,Poland,Poland Ekstraklasa,2015/2016,300000
558136,Karol Swiderski,1957,110745,Jagiellonia Białystok,Jagiellonia Białystok,Poland,Poland Ekstraklasa,2015/2016,750000
187333,Kasper Kusk,8611,1908,FC Twente,FC Twente,Netherlands,Netherlands Eredivisie,2014/2015,1500000
212708,Kasper Larsen,8674,1915,FC Groningen,FC Groningen,Netherlands,Netherlands Eredivisie,2015/2016,750000
37770,Kasper Schmeichel,8197,95,Leicester City,Leicester City,England,England Premier League,2015/2016,8000000
179891,Kassim Abdallah,4087,111271,Évian Thonon Gaillard FC,Évian Thonon Gaillard FC,France,France Ligue 1,2014/2015,800000
41711,Kay Voser,10179,110770,FC Sion,FC Sion,Switzerland,Switzerland Super League,2015/2016,500000
459493,Kazuki Nagasawa,8722,31,1. FC Köln,1. FC Köln,Germany,Germany 1. Bundesliga,2015/2016,775000
71775,Kebba Ceesay,2182,873,Lech Poznań,Lech Poznań,Poland,Poland Ekstraklasa,2015/2016,500000
72656,Keisuke Honda,8564,47,Milan,Milan,Italy,Italy Serie A,2015/2016,7000000
37294,Keith Lasley,9927,83,Motherwell,Motherwell,Scotland,Scotland Premier League,2015/2016,400000
156097,Keko,8372,467,SD Eibar,SD Eibar,Spain,Spain LIGA BBVA,2015/2016,4000000
643709,Kelechi Iheanacho,8456,10,Manchester City,Manchester City,England,England Premier League,2015/2016,10000000
35496,Kelvin Davis,8466,17,Southampton,Southampton,England,England Premier League,2015/2016,250000
159854,Kelvin Leerdam,8277,1909,Vitesse,Vitesse,Netherlands,Netherlands Eredivisie,2015/2016,1000000
26687,Kemy Agustien,8429,184,Hamilton Academical FC,Hamilton Academical FC,Scotland,Scotland Premier League,2015/2016,150000
35901,Ken Kallaste,8020,2000002,Polonia Bytom,Polonia Bytom,Poland,Poland Ekstraklasa,2015/2016,300000
469763,Kenan Karaman,9904,485,Hannover 96,Hannover 96,Germany,Germany 1. Bundesliga,2015/2016,1250000
467354,Kenedy,8455,5,Chelsea,Chelsea,England,England Premier League,2015/2016,8000000
643232,Kenji Gorre,10217,650,ADO Den Haag,ADO Den Haag,Netherlands,Netherlands Eredivisie,2015/2016,100000
577045,Kenneth Saief,9991,674,KAA Gent,KAA Gent,Belgium,Belgium Jupiler League,2015/2016,2500000
306731,Kenneth Schuermans,10001,681,KVC Westerlo,KVC Westerlo,Belgium,Belgium Jupiler League,2015/2016,600000
26002,Kenneth Vermeer,10235,246,Feyenoord,Feyenoord,Netherlands,Netherlands Eredivisie,2015/2016,6500000
190851,Kenny McLean,8485,77,Aberdeen,Aberdeen,Scotland,Scotland Premier League,2015/2016,650000
363369,Kenny Otigba,10228,1913,SC Heerenveen,SC Heerenveen,Netherlands,Netherlands Eredivisie,2015/2016,1500000
36872,Kenny Steppe,10000,15005,SV Zulte-Waregem,SV Zulte-Waregem,Belgium,Belgium Jupiler League,2015/2016,650000
469804,Kenny Tete,8593,245,Ajax,Ajax,Netherlands,Netherlands Eredivisie,2015/2016,6500000
304353,Kenny van der Weg,9761,1904,NAC Breda,NAC Breda,Netherlands,Netherlands Eredivisie,2014/2015,250000
26586,Kevin Begois,6413,1914,PEC Zwolle,PEC Zwolle,Netherlands,Netherlands Eredivisie,2015/2016,500000
210692,Kevin Berigaud,10249,70,Montpellier Hérault SC,Montpellier Hérault SC,France,France Ligue 1,2015/2016,1500000
239959,Kevin Bigler,10191,1715,FC Thun,FC Thun,Switzerland,Switzerland Super League,2015/2016,400000
281861,Kevin Boli,274581,2000004,Royal Excel Mouscron,Royal Excel Mouscron,Belgium,Belgium Jupiler League,2014/2015,1000000
462608,Kevin Bua,10243,894,FC Zürich,FC Zürich,Switzerland,Switzerland Super League,2015/2016,1500000
35022,Kevin Conboy,9908,1903,FC Utrecht,FC Utrecht,Netherlands,Netherlands Eredivisie,2015/2016,500000
26522,Kevin Constant,9857,189,Bologna,Bologna,Italy,Italy Serie A,2015/2016,1800000
169200,Kevin de Bruyne,8456,10,Manchester City,Manchester City,England,England Premier League,2015/2016,60000000
566158,Kevin Diks,8277,1909,Vitesse,Vitesse,Netherlands,Netherlands Eredivisie,2015/2016,2000000
94678,Kevin Fickentscher,10179,110770,FC Sion,FC Sion,Switzerland,Switzerland Super League,2015/2016,200000
554280,Kevin Friesenbichler,8030,111091,Lechia Gdańsk,Lechia Gdańsk,Poland,Poland Ekstraklasa,2014/2015,800000
26392,Kevin Gameiro,8302,481,Sevilla FC,Sevilla FC,Spain,Spain LIGA BBVA,2015/2016,25000000
155548,Kevin Gomis,9831,72,OGC Nice,OGC Nice,France,France Ligue 1,2015/2016,500000
94652,Kevin Grosskreutz,10269,36,VfB Stuttgart,VfB Stuttgart,Germany,Germany 1. Bundesliga,2015/2016,2000000
230819,Kevin Holt,8284,180,Dundee FC,Dundee FC,Scotland,Scotland Premier League,2015/2016,275000
279107,Kevin Jansen,10217,650,ADO Den Haag,ADO Den Haag,Netherlands,Netherlands Eredivisie,2015/2016,1000000
185175,Kevin Kampl,8178,32,Bayer 04 Leverkusen,Bayer 04 Leverkusen,Germany,Germany 1. Bundesliga,2015/2016,15000000
107983,Kevin Koffi,10001,681,KVC Westerlo,KVC Westerlo,Belgium,Belgium Jupiler League,2015/2016,300000
307224,Kevin Koubemba,8639,65,LOSC Lille,LOSC Lille,France,France Ligue 1,2014/2015,300000
30249,Kevin Kuranyi,8226,10029,TSG 1899 Hoffenheim,TSG 1899 Hoffenheim,Germany,Germany 1. Bundesliga,2015/2016,1250000
299886,Kevin Lasagna,208931,112409,Carpi,Carpi,Italy,Italy Serie A,2015/2016,2800000
39999,Kevin Lejeune,8550,68,FC Metz,FC Metz,France,France Ligue 1,2014/2015,500000
201938,Kevin Malcuit,9853,1819,AS Saint-Étienne,AS Saint-Étienne,France,France Ligue 1,2015/2016,800000
303025,Kevin Mayi,6391,110316,GFC Ajaccio,GFC Ajaccio,France,France Ligue 1,2015/2016,800000
350472,Kevin Mbabu,10261,13,Newcastle United,Newcastle United,England,England Premier League,2015/2016,750000
281099,Kevin McHattie,8597,82,Kilmarnock,Kilmarnock,Scotland,Scotland Premier League,2015/2016,225000
26151,Kevin Mirallas,8668,7,Everton,Everton,England,England Premier League,2015/2016,13000000
40018,Kevin Monnet-Paquet,9853,1819,AS Saint-Étienne,AS Saint-Étienne,France,France Ligue 1,2015/2016,2500000
23933,Kevin Nolan,8654,19,West Ham United,West Ham United,England,England Premier League,2015/2016,2000000
612405,Kevin Soni,9827,59,Girondins de Bordeaux,Girondins de Bordeaux,France,France Ligue 1,2015/2016,250000
289817,Kevin Stewart,8650,9,Liverpool,Liverpool,England,England Premier League,2015/2016,1000000
114558,Kevin Strootman,8686,52,Roma,Roma,Italy,Italy Serie A,2015/2016,15000000
409000,Kevin Tapoko,274581,2000004,Royal Excel Mouscron,Royal Excel Mouscron,Belgium,Belgium Jupiler League,2015/2016,250000
159882,Kevin Theophile-Catherine,9853,1819,AS Saint-Étienne,AS Saint-Étienne,France,France Ligue 1,2015/2016,3500000
32618,Kevin Thomson,8284,180,Dundee FC,Dundee FC,Scotland,Scotland Premier League,2015/2016,375000
680815,Kevin Toner,10252,2,Aston Villa,Aston Villa,England,England Premier League,2015/2016,100000
145550,Kevin Trapp,9847,73,Paris Saint-Germain,Paris Saint-Germain,France,France Ligue 1,2015/2016,10000000
110168,Kevin van Diermen,10218,1971,Excelsior,Excelsior,Netherlands,Netherlands Eredivisie,2015/2016,225000
213005,Kevin van Veen,7788,647,SC Cambuur,SC Cambuur,Netherlands,Netherlands Eredivisie,2015/2016,300000
418105,Kevin Vandendriessche,8573,682,KV Oostende,KV Oostende,Belgium,Belgium Jupiler League,2015/2016,1200000
467466,Kevin Vermeulen,10218,1971,Excelsior,Excelsior,Netherlands,Netherlands Eredivisie,2015/2016,400000
167589,Kevin Vogt,8722,31,1. FC Köln,1. FC Köln,Germany,Germany 1. Bundesliga,2015/2016,3000000
212893,Kevin Volland,8226,10029,TSG 1899 Hoffenheim,TSG 1899 Hoffenheim,Germany,Germany 1. Bundesliga,2015/2016,20000000
264221,Kevin Wimmer,8586,18,Tottenham Hotspur,Tottenham Hotspur,England,England Premier League,2015/2016,7000000
27335,Kevin-Prince Boateng,8564,47,Milan,Milan,Italy,Italy Serie A,2015/2016,2000000
51949,Keylor Navas,8633,243,Real Madrid CF,Real Madrid CF,Spain,Spain LIGA BBVA,2015/2016,20000000
130027,Khaleem Hyland,10001,681,KVC Westerlo,KVC Westerlo,Belgium,Belgium Jupiler League,2015/2016,700000
37401,Khalid Boulahrouz,10235,246,Feyenoord,Feyenoord,Netherlands,Netherlands Eredivisie,2014/2015,400000
354491,Khalid Boutaib,6391,110316,GFC Ajaccio,GFC Ajaccio,France,France Ligue 1,2015/2016,1000000
278284,Khalid Karami,10218,1971,Excelsior,Excelsior,Netherlands,Netherlands Eredivisie,2015/2016,400000
576912,Khalil Chemmam,7844,1887,Vitória Guimarães,Vitória Guimarães,Portugal,Portugal Liga ZON Sagres,2014/2015,400000
184629,Khouma Babacar,8535,110374,Fiorentina,Fiorentina,Italy,Italy Serie A,2015/2016,7500000
79264,Kian Hansen,9830,71,FC Nantes,FC Nantes,France,France Ligue 1,2014/2015,1500000
78513,Kieran Gibbs,9825,1,Arsenal,Arsenal,England,England Premier League,2015/2016,13000000
488189,Kieran Kennedy,9927,83,Motherwell,Motherwell,Scotland,Scotland Premier League,2015/2016,100000
30352,Kieran Richardson,10252,2,Aston Villa,Aston Villa,England,England Premier League,2015/2016,1500000
582499,Kieran Tierney,9925,78,Celtic,Celtic,Scotland,Scotland Premier League,2015/2016,500000
191869,Kieran Trippier,8586,18,Tottenham Hotspur,Tottenham Hotspur,England,England Premier League,2015/2016,6000000
108809,Kike Sola,8315,448,Athletic Club de Bilbao,Athletic Club de Bilbao,Spain,Spain LIGA BBVA,2015/2016,1000000
302696,Kiko,10238,665,Vitória Setúbal,Vitória Setúbal,Portugal,Portugal Liga ZON Sagres,2014/2015,350000
38290,Killan Overmeire,9994,2007,Sporting Lokeren,Sporting Lokeren,Belgium,Belgium Jupiler League,2015/2016,1500000
25835,Kim Jaggy,9930,434,FC Aarau,FC Aarau,Switzerland,Switzerland Super League,2014/2015,150000
39979,Kim Kaellstroem,9956,322,Grasshopper Club Zürich,Grasshopper Club Zürich,Switzerland,Switzerland Super League,2015/2016,1250000
120110,Kim Ojo,1773,100087,Oud-Heverlee Leuven,Oud-Heverlee Leuven,Belgium,Belgium Jupiler League,2015/2016,300000
482841,Kingsley Boateng,9761,1904,NAC Breda,NAC Breda,Netherlands,Netherlands Eredivisie,2014/2015,400000
429265,Kingsley Coman,9823,21,FC Bayern Munich,FC Bayern Munich,Germany,Germany 1. Bundesliga,2015/2016,20000000
586474,Kingsley Ehizibue,6413,1914,PEC Zwolle,PEC Zwolle,Netherlands,Netherlands Eredivisie,2015/2016,850000
568589,Kisley,6367,2000001,Uniao da Madeira,Uniao da Madeira,Portugal,Portugal Liga ZON Sagres,2015/2016,250000
36784,Klaas Jan Huntelaar,10189,34,FC Schalke 04,FC Schalke 04,Germany,Germany 1. Bundesliga,2015/2016,4500000
206182,Knowledge Musona,8573,682,KV Oostende,KV Oostende,Belgium,Belgium Jupiler League,2015/2016,2200000
170322,Koen Casteels,8721,175,VfL Wolfsburg,VfL Wolfsburg,Germany,Germany 1. Bundesliga,2015/2016,3000000
67898,Koen Persoons,9994,2007,Sporting Lokeren,Sporting Lokeren,Belgium,Belgium Jupiler League,2015/2016,400000
346114,Koen Van Langendonck,10001,681,KVC Westerlo,KVC Westerlo,Belgium,Belgium Jupiler League,2015/2016,700000
303155,Koffi Djidji,9830,71,FC Nantes,FC Nantes,France,France Ligue 1,2015/2016,2000000
566420,Kohei Kato,8033,111087,Podbeskidzie Bielsko-Biała,Podbeskidzie Bielsko-Biała,Poland,Poland Ekstraklasa,2015/2016,300000
184533,Koke,9906,240,Atlético Madrid,Atlético Madrid,Spain,Spain LIGA BBVA,2015/2016,60000000
211089,Kolbeinn Sigthorsson,9830,71,FC Nantes,FC Nantes,France,France Ligue 1,2015/2016,3000000
30831,Kolo Toure,8650,9,Liverpool,Liverpool,England,England Premier League,2015/2016,2000000
206641,Konrad Forenc,8021,110749,Zagłębie Lubin,Zagłębie Lubin,Poland,Poland Ekstraklasa,2015/2016,150000
361334,Konrad Jalocha,8673,1871,Legia Warszawa,Legia Warszawa,Poland,Poland Ekstraklasa,2014/2015,250000
388728,Konrad Kaczmarek,8025,111092,Śląsk Wrocław,Śląsk Wrocław,Poland,Poland Ekstraklasa,2014/2015,75000
11242,Konstantin Engel,8234,111239,FC Ingolstadt 04,FC Ingolstadt 04,Germany,Germany 1. Bundesliga,2015/2016,500000
115670,Konstantin Rausch,8262,110502,SV Darmstadt 98,SV Darmstadt 98,Germany,Germany 1. Bundesliga,2015/2016,2000000
16511,Konstantin Vassiljev,1957,110745,Jagiellonia Białystok,Jagiellonia Białystok,Poland,Poland Ekstraklasa,2015/2016,700000
161683,Konstantinos Manolas,8686,52,Roma,Roma,Italy,Italy Serie A,2015/2016,25000000
36257,Konstantinos Mitroglou,9772,234,SL Benfica,SL Benfica,Portugal,Portugal Liga ZON Sagres,2015/2016,11500000
419238,Konstantinos Rougalas,1773,100087,Oud-Heverlee Leuven,Oud-Heverlee Leuven,Belgium,Belgium Jupiler League,2015/2016,250000
282182,Konstantinos Stafylidis,8406,100409,FC Augsburg,FC Augsburg,Germany,Germany 1. Bundesliga,2015/2016,2500000
429848,Kornel Osyra,8028,111086,Piast Gliwice,Piast Gliwice,Poland,Poland Ekstraklasa,2015/2016,250000
30900,Kossi Agassa,9837,379,Stade de Reims,Stade de Reims,France,France Ligue 1,2015/2016,250000
156546,Kostas Lamprou,8525,1907,Willem II,Willem II,Netherlands,Netherlands Eredivisie,2015/2016,1000000
71557,Kosuke Ota,8277,1909,Vitesse,Vitesse,Netherlands,Netherlands Eredivisie,2015/2016,1250000
32867,Kris Boyd,8597,82,Kilmarnock,Kilmarnock,Scotland,Scotland Premier League,2015/2016,350000
23574,Kris Commons,9925,78,Celtic,Celtic,Scotland,Scotland Premier League,2015/2016,3000000
163215,Kris Doolan,8426,1754,Partick Thistle F.C.,Partick Thistle F.C.,Scotland,Scotland Premier League,2015/2016,350000
115266,Kristian Kolcak,8033,111087,Podbeskidzie Bielsko-Biała,Podbeskidzie Bielsko-Biała,Poland,Poland Ekstraklasa,2015/2016,250000
77774,Kristijan Ipsa,8028,111086,Piast Gliwice,Piast Gliwice,Poland,Poland Ekstraklasa,2015/2016,400000
181294,Kristjan Gauti Emilsson,8464,1910,N.E.C.,N.E.C.,Netherlands,Netherlands Eredivisie,2015/2016,200000
209855,Kristof D'Haene,8571,100081,KV Kortrijk,KV Kortrijk,Belgium,Belgium Jupiler League,2015/2016,600000
148325,Kristof van Hout,10001,681,KVC Westerlo,KVC Westerlo,Belgium,Belgium Jupiler League,2015/2016,400000
73462,Kristoffer Nordfeldt,10003,1960,Swansea City,Swansea City,England,England Premier League,2015/2016,2500000
510399,Kristoffer Peterson,9803,1902,Roda JC Kerkrade,Roda JC Kerkrade,Netherlands,Netherlands Eredivisie,2015/2016,700000
467513,Kristopher Vida,8526,635,De Graafschap,De Graafschap,Netherlands,Netherlands Eredivisie,2015/2016,300000
26044,Krisztian Vadocz,9956,322,Grasshopper Club Zürich,Grasshopper Club Zürich,Switzerland,Switzerland Super League,2014/2015,400000
556952,Krystian Bielik,8673,1871,Legia Warszawa,Legia Warszawa,Poland,Poland Ekstraklasa,2014/2015,1500000
656319,Krystian Kujawa,10265,1873,Wisła Kraków,Wisła Kraków,Poland,Poland Ekstraklasa,2015/2016,50000
363334,Krystian Nowak,8033,111087,Podbeskidzie Bielsko-Biała,Podbeskidzie Bielsko-Biała,Poland,Poland Ekstraklasa,2015/2016,150000
543298,Krzystof Piatek,8021,110749,Zagłębie Lubin,Zagłębie Lubin,Poland,Poland Ekstraklasa,2015/2016,500000
277487,Krzysztof Baran,1957,110745,Jagiellonia Białystok,Jagiellonia Białystok,Poland,Poland Ekstraklasa,2015/2016,100000
309890,Krzysztof Danielewicz,8019,110565,Górnik Łęczna,Górnik Łęczna,Poland,Poland Ekstraklasa,2015/2016,300000
116874,Krzysztof Janus,8021,110749,Zagłębie Lubin,Zagłębie Lubin,Poland,Poland Ekstraklasa,2015/2016,300000
208280,Krzysztof Kiercz,8245,111083,Korona Kielce,Korona Kielce,Poland,Poland Ekstraklasa,2015/2016,125000
107848,Krzysztof Maczynski,10265,1873,Wisła Kraków,Wisła Kraków,Poland,Poland Ekstraklasa,2015/2016,1200000
69428,Krzysztof Ostrowski,8025,111092,Śląsk Wrocław,Śląsk Wrocław,Poland,Poland Ekstraklasa,2015/2016,100000
13436,Krzysztof Pilarz,177361,2000005,Termalica Bruk-Bet Nieciecza,Termalica Bruk-Bet Nieciecza,Poland,Poland Ekstraklasa,2015/2016,100000
470370,Kuca,7841,744,Rio Ave FC,Rio Ave FC,Portugal,Portugal Liga ZON Sagres,2015/2016,750000
281207,Kurt Zouma,8455,5,Chelsea,Chelsea,England,England Premier League,2015/2016,17000000
111862,Kwadwo Asamoah,9885,45,Juventus,Juventus,Italy,Italy Serie A,2015/2016,13000000
271684,Kwang-Ryong Pak,9824,286,FC Vaduz,FC Vaduz,Switzerland,Switzerland Super League,2014/2015,750000
165704,Kyle Bartley,10003,1960,Swansea City,Swansea City,England,England Premier League,2015/2016,1000000
466843,Kyle Ebecilio,10217,650,ADO Den Haag,ADO Den Haag,Netherlands,Netherlands Eredivisie,2015/2016,1250000
654084,Kyle Knoyle,9938,181,Dundee United,Dundee United,Scotland,Scotland Premier League,2015/2016,150000
35336,Kyle Letheren,8284,180,Dundee FC,Dundee FC,Scotland,Scotland Premier League,2014/2015,200000
111800,Kyle Naughton,10003,1960,Swansea City,Swansea City,England,England Premier League,2015/2016,5000000
159833,Kyle Walker,8586,18,Tottenham Hotspur,Tottenham Hotspur,England,England Premier League,2015/2016,15000000
701154,Kylian Mbappe Lottin,9829,69,AS Monaco,AS Monaco,France,France Ligue 1,2015/2016,4000000
101501,Kyriakos Papadopoulos,8178,32,Bayer 04 Leverkusen,Bayer 04 Leverkusen,Germany,Germany 1. Bundesliga,2015/2016,6500000
215085,Kyrylo Petrov,8245,111083,Korona Kielce,Korona Kielce,Poland,Poland Ekstraklasa,2014/2015,400000
150297,Lacina Traore,9829,69,AS Monaco,AS Monaco,France,France Ligue 1,2015/2016,3000000
308088,Lalaina Nomenjanahary,8588,64,RC Lens,RC Lens,France,France Ligue 1,2014/2015,500000
149031,Lamine Gassama,8689,217,FC Lorient,FC Lorient,France,France Ligue 1,2015/2016,1500000
93457,Lamine Kone,8472,106,Sunderland,Sunderland,England,England Premier League,2015/2016,6000000
26238,Landry N'Guemo,9853,1819,AS Saint-Étienne,AS Saint-Étienne,France,France Ligue 1,2014/2015,1500000
37373,Lars Bender,8178,32,Bayer 04 Leverkusen,Bayer 04 Leverkusen,Germany,Germany 1. Bundesliga,2015/2016,18000000
26256,Lars Jacobsen,9747,62,En Avant de Guingamp,En Avant de Guingamp,France,France Ligue 1,2015/2016,500000
179242,Lars Lambooij,6433,100632,Go Ahead Eagles,Go Ahead Eagles,Netherlands,Netherlands Eredivisie,2014/2015,200000
94916,Lars Stindl,9788,23,Borussia Mönchengladbach,Borussia Mönchengladbach,Germany,Germany 1. Bundesliga,2015/2016,11000000
243937,Lars Veldwijk,6413,1914,PEC Zwolle,PEC Zwolle,Netherlands,Netherlands Eredivisie,2015/2016,2000000
436553,Lasha Dvali,8025,111092,Śląsk Wrocław,Śląsk Wrocław,Poland,Poland Ekstraklasa,2015/2016,500000
664587,Lassana Coulibaly,7794,58,SC Bastia,SC Bastia,France,France Ligue 1,2015/2016,800000
23988,Lassana Diarra,8592,219,Olympique de Marseille,Olympique de Marseille,France,France Ligue 1,2015/2016,5000000
91503,Lasse Nielsen,9991,674,KAA Gent,KAA Gent,Belgium,Belgium Jupiler League,2015/2016,2500000
39213,Lasse Schoene,8593,245,Ajax,Ajax,Netherlands,Netherlands Eredivisie,2015/2016,3000000
443002,Lassina Toure,10212,1893,CS Marítimo,CS Marítimo,Portugal,Portugal Liga ZON Sagres,2015/2016,50000
467318,Laszlo Kleinheisler,8697,38,SV Werder Bremen,SV Werder Bremen,Germany,Germany 1. Bundesliga,2015/2016,1000000
91929,Laszlo Koteles,9987,673,KRC Genk,KRC Genk,Belgium,Belgium Jupiler League,2015/2016,1000000
111190,Laure,9783,242,RC Deportivo de La Coruña,RC Deportivo de La Coruña,Spain,Spain LIGA BBVA,2015/2016,2000000
178293,Laurens De Bock,8342,231,Club Brugge KV,Club Brugge KV,Belgium,Belgium Jupiler League,2015/2016,3500000
181140,Laurens Paulussens,8203,110724,KV Mechelen,KV Mechelen,Belgium,Belgium Jupiler League,2015/2016,700000
38441,Laurent Ciman,9985,232,Standard de Liège,Standard de Liège,Belgium,Belgium Jupiler League,2014/2015,2000000
282671,Laurent Depoitre,9991,674,KAA Gent,KAA Gent,Belgium,Belgium Jupiler League,2015/2016,6500000
491167,Laurent Dos Santos,9747,62,En Avant de Guingamp,En Avant de Guingamp,France,France Ligue 1,2015/2016,600000
208718,Laurent Henkinet,8475,110913,Waasland-Beveren,Waasland-Beveren,Belgium,Belgium Jupiler League,2015/2016,600000
291929,Laurent Jans,8475,110913,Waasland-Beveren,Waasland-Beveren,Belgium,Belgium Jupiler League,2015/2016,1000000
46539,Laurent Koscielny,9825,1,Arsenal,Arsenal,England,England Premier League,2015/2016,22000000
33109,Laurent Pionnier,10249,70,Montpellier Hérault SC,Montpellier Hérault SC,France,France Ligue 1,2015/2016,250000
215798,Lavyin Kurzawa,9847,73,Paris Saint-Germain,Paris Saint-Germain,France,France Ligue 1,2015/2016,23000000
317544,Lawrence Shankland,8485,77,Aberdeen,Aberdeen,Scotland,Scotland Premier League,2014/2015,150000
280260,Lazar Markovic,8650,9,Liverpool,Liverpool,England,England Premier League,2014/2015,14000000
24789,Lazaros Christodoulopoulos,9882,1837,Sampdoria,Sampdoria,Italy,Italy Serie A,2015/2016,1250000
424129,Leander Dendoncker,8635,229,RSC Anderlecht,RSC Anderlecht,Belgium,Belgium Jupiler League,2015/2016,8000000
210721,Leandro,8019,110565,Górnik Łęczna,Górnik Łęczna,Poland,Poland Ekstraklasa,2015/2016,150000
183500,Leandro Bacuna,10252,2,Aston Villa,Aston Villa,England,England Premier League,2015/2016,3000000
22337,Leandro Castan,8686,52,Roma,Roma,Italy,Italy Serie A,2015/2016,5000000
185636,Leandro Chaparro,7842,10020,Estoril Praia,Estoril Praia,Portugal,Portugal Liga ZON Sagres,2015/2016,400000
202210,Leandro Damiao,8603,449,Real Betis Balompié,Real Betis Balompié,Spain,Spain LIGA BBVA,2015/2016,2500000
237606,Leandro Daniel Paredes,8534,1746,Empoli,Empoli,Italy,Italy Serie A,2015/2016,10000000
231614,Leandro Di Gregorio,10243,894,FC Zürich,FC Zürich,Switzerland,Switzerland Super League,2015/2016,250000
41329,Leandro Greco,9876,206,Hellas Verona,Hellas Verona,Italy,Italy Serie A,2015/2016,1500000
500585,Leandro Pereira,8342,231,Club Brugge KV,Club Brugge KV,Belgium,Belgium Jupiler League,2015/2016,1000000
470541,Leandro Silva,10215,1901,Académica de Coimbra,Académica de Coimbra,Portugal,Portugal Liga ZON Sagres,2015/2016,1000000
318615,Leandro Trossard,1773,100087,Oud-Heverlee Leuven,Oud-Heverlee Leuven,Belgium,Belgium Jupiler League,2015/2016,2000000
302372,Lee Ashcroft,8597,82,Kilmarnock,Kilmarnock,Scotland,Scotland Premier League,2015/2016,200000
25150,Lee Cattermole,8472,106,Sunderland,Sunderland,England,England Premier League,2015/2016,3500000
34946,Lee Croft,8467,100804,St. Johnstone FC,St. Johnstone FC,Scotland,Scotland Premier League,2014/2015,400000
363351,Lee Erwin,9927,83,Motherwell,Motherwell,Scotland,Scotland Premier League,2014/2015,100000
171789,Lee Hodson,8597,82,Kilmarnock,Kilmarnock,Scotland,Scotland Premier League,2015/2016,350000
24845,Lee McCulloch,8597,82,Kilmarnock,Kilmarnock,Scotland,Scotland Premier League,2015/2016,150000
38966,Lee Miller,8597,82,Kilmarnock,Kilmarnock,Scotland,Scotland Premier League,2014/2015,275000
22045,Lee Tomlin,8678,1943,Bournemouth,Bournemouth,England,England Premier League,2015/2016,3500000
74814,Leigh Griffiths,9925,78,Celtic,Celtic,Scotland,Scotland Premier League,2015/2016,2000000
24846,Leighton Baines,8668,7,Everton,Everton,England,England Premier League,2015/2016,13000000
289155,Lenny Nangis,8639,65,LOSC Lille,LOSC Lille,France,France Ligue 1,2015/2016,1750000
358127,Leo Baptistao,10205,483,Villarreal CF,Villarreal CF,Spain,Spain LIGA BBVA,2015/2016,3500000
267383,Leo Bonatini,7842,10020,Estoril Praia,Estoril Praia,Portugal,Portugal Liga ZON Sagres,2015/2016,4000000
536584,Leo Dubois,9830,71,FC Nantes,FC Nantes,France,France Ligue 1,2015/2016,1500000
427439,Leo Itaperuna,10179,110770,FC Sion,FC Sion,Switzerland,Switzerland Super League,2015/2016,450000
202663,Leo Lacroix,10179,110770,FC Sion,FC Sion,Switzerland,Switzerland Super League,2015/2016,3000000
27314,Leon Andreasen,9904,485,Hannover 96,Hannover 96,Germany,Germany 1. Bundesliga,2015/2016,750000
671331,Leon Bailey,9987,673,KRC Genk,KRC Genk,Belgium,Belgium Jupiler League,2015/2016,12500000
147726,Leon Balogun,9905,169,1. FSV Mainz 05,1. FSV Mainz 05,Germany,Germany 1. Bundesliga,2015/2016,2000000
23882,Leon Britton,10003,1960,Swansea City,Swansea City,England,England Premier League,2015/2016,1500000
343748,Leon Goretzka,10189,34,FC Schalke 04,FC Schalke 04,Germany,Germany 1. Bundesliga,2015/2016,15000000
637199,Leon Guwara,8697,38,SV Werder Bremen,SV Werder Bremen,Germany,Germany 1. Bundesliga,2015/2016,350000
24006,Leon Osman,8668,7,Everton,Everton,England,England Premier League,2015/2016,1000000
189958,Leonard Nienhuis,7788,647,SC Cambuur,SC Cambuur,Netherlands,Netherlands Eredivisie,2015/2016,400000
320184,Leonardo Bertone,10192,900,BSC Young Boys,BSC Young Boys,Switzerland,Switzerland Super League,2015/2016,1500000
260470,Leonardo Bittencourt,8722,31,1. FC Köln,1. FC Köln,Germany,Germany 1. Bundesliga,2015/2016,5000000
181997,Leonardo Blanchard,9891,111657,Frosinone,Frosinone,Italy,Italy Serie A,2015/2016,1000000
24235,Leonardo Bonucci,9885,45,Juventus,Juventus,Italy,Italy Serie A,2015/2016,40000000
620523,Leonardo Fontanesi,7943,111974,Sassuolo,Sassuolo,Italy,Italy Serie A,2014/2015,300000
231176,Leonardo Pavoletti,10233,110556,Genoa,Genoa,Italy,Italy Serie A,2015/2016,10000000
115700,Leonardo Sanchez,10243,894,FC Zürich,FC Zürich,Switzerland,Switzerland Super League,2015/2016,450000
173465,Leozinho,8613,1898,Boavista FC,Boavista FC,Portugal,Portugal Liga ZON Sagres,2015/2016,450000
178762,Lerin Duarte,10228,1913,SC Heerenveen,SC Heerenveen,Netherlands,Netherlands Eredivisie,2014/2015,700000
109638,Leroy Fer,10003,1960,Swansea City,Swansea City,England,England Premier League,2015/2016,8000000
530859,Leroy Sane,10189,34,FC Schalke 04,FC Schalke 04,Germany,Germany 1. Bundesliga,2015/2016,30000000
298449,Lesley de Sa,8525,1907,Willem II,Willem II,Netherlands,Netherlands Eredivisie,2015/2016,350000
104434,Levan Mchedlidze,8534,1746,Empoli,Empoli,Italy,Italy Serie A,2015/2016,500000
359202,Levent Aycicek,8697,38,SV Werder Bremen,SV Werder Bremen,Germany,Germany 1. Bundesliga,2014/2015,700000
294256,Levent Guelen,9824,286,FC Vaduz,FC Vaduz,Switzerland,Switzerland Super League,2015/2016,900000
717557,Levi Garcia,10229,1906,AZ,AZ,Netherlands,Netherlands Eredivisie,2015/2016,1000000
660130,Levi Opdam,10229,1906,AZ,AZ,Netherlands,Netherlands Eredivisie,2015/2016,75000
469764,Levin Mete Oztunali,8697,38,SV Werder Bremen,SV Werder Bremen,Germany,Germany 1. Bundesliga,2015/2016,4000000
538499,Lewis Baker,8277,1909,Vitesse,Vitesse,Netherlands,Netherlands Eredivisie,2015/2016,2500000
523363,Lewis Enoh,9994,2007,Sporting Lokeren,Sporting Lokeren,Belgium,Belgium Jupiler League,2015/2016,400000
37779,Lewis Grabban,8678,1943,Bournemouth,Bournemouth,England,England Premier League,2015/2016,3000000
128827,Lewis Holtby,9790,28,Hamburger SV,Hamburger SV,Germany,Germany 1. Bundesliga,2015/2016,7000000
229778,Lewis Horner,8066,620,Inverness Caledonian Thistle,Inverness Caledonian Thistle,Scotland,Scotland Premier League,2015/2016,75000
607141,Lewis McLear,9800,100805,St. Mirren,St. Mirren,Scotland,Scotland Premier League,2014/2015,75000
520462,Lewis Morgan,9800,100805,St. Mirren,St. Mirren,Scotland,Scotland Premier League,2014/2015,100000
244959,Lewis Toshney,8649,631,Ross County FC,Ross County FC,Scotland,Scotland Premier League,2014/2015,275000
97470,Lex Immers,10235,246,Feyenoord,Feyenoord,Netherlands,Netherlands Eredivisie,2015/2016,2000000
210382,Liam Boyce,8649,631,Ross County FC,Ross County FC,Scotland,Scotland Premier League,2015/2016,300000
113908,Liam Bridcutt,8472,106,Sunderland,Sunderland,England,England Premier League,2014/2015,2500000
212420,Liam Caddis,8467,100804,St. Johnstone FC,St. Johnstone FC,Scotland,Scotland Premier League,2014/2015,75000
32559,Liam Craig,8467,100804,St. Johnstone FC,St. Johnstone FC,Scotland,Scotland Premier League,2015/2016,400000
469957,Liam Gordon,8467,100804,St. Johnstone FC,St. Johnstone FC,Scotland,Scotland Premier League,2015/2016,50000
674221,Liam Grimshaw,9927,83,Motherwell,Motherwell,Scotland,Scotland Premier League,2015/2016,150000
469939,Liam Henderson,9925,78,Celtic,Celtic,Scotland,Scotland Premier League,2014/2015,450000
445511,Liam Lindsay,8426,1754,Partick Thistle F.C.,Partick Thistle F.C.,Scotland,Scotland Premier League,2015/2016,125000
210804,Liam Moore,8197,95,Leicester City,Leicester City,England,England Premier League,2014/2015,1500000
246317,Liam Polworth,8066,620,Inverness Caledonian Thistle,Inverness Caledonian Thistle,Scotland,Scotland Premier League,2015/2016,125000
24105,Liam Rosenior,8667,1952,Hull City,Hull City,England,England Premier League,2014/2015,1000000
150401,Libor Kozak,10252,2,Aston Villa,Aston Villa,England,England Premier League,2015/2016,1500000
96838,Lica,7844,1887,Vitória Guimarães,Vitória Guimarães,Portugal,Portugal Liga ZON Sagres,2015/2016,1500000
78544,Lima,9772,234,SL Benfica,SL Benfica,Portugal,Portugal Liga ZON Sagres,2014/2015,8000000
199810,Lindsay Rose,8689,217,FC Lorient,FC Lorient,France,France Ligue 1,2015/2016,2000000
733787,Linus Obexer,10192,900,BSC Young Boys,BSC Young Boys,Switzerland,Switzerland Super League,2015/2016,250000
248123,Lion Kaak,8526,635,De Graafschap,De Graafschap,Netherlands,Netherlands Eredivisie,2015/2016,200000
35451,Lionel Ainsworth,9927,83,Motherwell,Motherwell,Scotland,Scotland Premier League,2015/2016,400000
26114,Lionel Mathis,9747,62,En Avant de Guingamp,En Avant de Guingamp,France,France Ligue 1,2015/2016,500000
30981,Lionel Messi,8634,241,FC Barcelona,FC Barcelona,Spain,Spain LIGA BBVA,2015/2016,120000000
38922,Lionel Scaloni,8524,39,Atalanta,Atalanta,Italy,Italy Serie A,2014/2015,100000
150322,Lionn,7841,744,Rio Ave FC,Rio Ave FC,Portugal,Portugal Liga ZON Sagres,2015/2016,1000000
14557,Lior Rafaelov,8342,231,Club Brugge KV,Club Brugge KV,Belgium,Belgium Jupiler League,2015/2016,3000000
182456,Lisandro Lopez,9772,234,SL Benfica,SL Benfica,Portugal,Portugal Liga ZON Sagres,2015/2016,6000000
169204,Livio Nabab,8475,110913,Waasland-Beveren,Waasland-Beveren,Belgium,Belgium Jupiler League,2015/2016,500000
94309,Ljubomir Fejsa,9772,234,SL Benfica,SL Benfica,Portugal,Portugal Liga ZON Sagres,2015/2016,11000000
251243,Lloyd Palun,9831,72,OGC Nice,OGC Nice,France,France Ligue 1,2014/2015,1000000
38793,Logan Bailly,9925,78,Celtic,Celtic,Scotland,Scotland Premier League,2015/2016,400000
26353,Loic Perrin,9853,1819,AS Saint-Étienne,AS Saint-Étienne,France,France Ligue 1,2015/2016,8000000
39987,Loic Remy,8455,5,Chelsea,Chelsea,England,England Premier League,2015/2016,9000000
240477,Loiik Landre,8588,64,RC Lens,RC Lens,France,France Ligue 1,2014/2015,1500000
41160,Loosemy Karaboue,10242,294,ES Troyes AC,ES Troyes AC,France,France Ligue 1,2015/2016,600000
112476,Lorenzo Ariaudo,8534,1746,Empoli,Empoli,Italy,Italy Serie A,2015/2016,900000
22700,Lorenzo Bucchi,10199,897,FC Luzern,FC Luzern,Switzerland,Switzerland Super League,2014/2015,100000
277608,Lorenzo Burnet,8674,1915,FC Groningen,FC Groningen,Netherlands,Netherlands Eredivisie,2015/2016,550000
192079,Lorenzo Crisetig,9857,189,Bologna,Bologna,Italy,Italy Serie A,2015/2016,3300000
25587,Lorenzo De Silvestri,9882,1837,Sampdoria,Sampdoria,Italy,Italy Serie A,2015/2016,5000000
193441,Lorenzo Insigne,9875,48,Napoli,Napoli,Italy,Italy Serie A,2015/2016,25000000
230825,Lorenzo Lollo,208931,112409,Carpi,Carpi,Italy,Italy Serie A,2015/2016,1000000
104778,Lorenzo Pasciuti,208931,112409,Carpi,Carpi,Italy,Italy Serie A,2015/2016,1200000
540307,Lorenzo Pellegrini,7943,111974,Sassuolo,Sassuolo,Italy,Italy Serie A,2015/2016,2500000
212643,Lorenzo Tonelli,8534,1746,Empoli,Empoli,Italy,Italy Serie A,2015/2016,8500000
26171,Lorik Cana,9830,71,FC Nantes,FC Nantes,France,France Ligue 1,2015/2016,1000000
176680,Loris Benito,10192,900,BSC Young Boys,BSC Young Boys,Switzerland,Switzerland Super League,2015/2016,2500000
287894,Loris Karius,9905,169,1. FSV Mainz 05,1. FSV Mainz 05,Germany,Germany 1. Bundesliga,2015/2016,9000000
557354,Lotem Zino,10191,1715,FC Thun,FC Thun,Switzerland,Switzerland Super League,2015/2016,300000
264686,Louis Laing,9927,83,Motherwell,Motherwell,Scotland,Scotland Premier League,2015/2016,150000
196865,Louis Moult,9927,83,Motherwell,Motherwell,Scotland,Scotland Premier League,2015/2016,150000
661897,Louis Nganioni,9908,1903,FC Utrecht,FC Utrecht,Netherlands,Netherlands Eredivisie,2015/2016,300000
311003,Louis Poggi,6391,110316,GFC Ajaccio,GFC Ajaccio,France,France Ligue 1,2015/2016,250000
42312,Loukas Vyntra,8581,1853,Levante UD,Levante UD,Spain,Spain LIGA BBVA,2014/2015,150000
72479,Lubomir Guldan,8021,110749,Zagłębie Lubin,Zagłębie Lubin,Poland,Poland Ekstraklasa,2015/2016,150000
189237,Luc Castaignos,9810,1824,Eintracht Frankfurt,Eintracht Frankfurt,Germany,Germany 1. Bundesliga,2015/2016,3000000
293205,Luca Antei,7943,111974,Sassuolo,Sassuolo,Italy,Italy Serie A,2015/2016,1400000
46374,Luca Antonelli,8564,47,Milan,Milan,Italy,Italy Serie A,2015/2016,8000000
39549,Luca Antonini,10233,110556,Genoa,Genoa,Italy,Italy Serie A,2014/2015,150000
415308,Luca Bittante,8534,1746,Empoli,Empoli,Italy,Italy Serie A,2015/2016,1100000
154245,Luca Caldirola,8262,110502,SV Darmstadt 98,SV Darmstadt 98,Germany,Germany 1. Bundesliga,2015/2016,3000000
190562,Luca Ceppitelli,8529,1842,Cagliari,Cagliari,Italy,Italy Serie A,2014/2015,1800000
603464,Luca Checchin,9876,206,Hellas Verona,Hellas Verona,Italy,Italy Serie A,2015/2016,200000
27671,Luca Cigarini,8524,39,Atalanta,Atalanta,Italy,Italy Serie A,2015/2016,3500000
362119,Luca Garritano,9880,110915,Cesena,Cesena,Italy,Italy Serie A,2014/2015,1200000
282059,Luca Lezzerini,8535,110374,Fiorentina,Fiorentina,Italy,Italy Serie A,2015/2016,300000
182606,Luca Marrone,9876,206,Hellas Verona,Hellas Verona,Italy,Italy Serie A,2015/2016,2000000
415501,Luca Paganini,9891,111657,Frosinone,Frosinone,Italy,Italy Serie A,2015/2016,1500000
67360,Luca Radice,9930,434,FC Aarau,FC Aarau,Switzerland,Switzerland Super League,2014/2015,450000
42651,Luca Rigoni,10233,110556,Genoa,Genoa,Italy,Italy Serie A,2015/2016,3500000
300683,Luca Rizzo,9857,189,Bologna,Bologna,Italy,Italy Serie A,2015/2016,3500000
74009,Luca Rossettini,9857,189,Bologna,Bologna,Italy,Italy Serie A,2015/2016,2000000
111794,Luca Siligardi,9876,206,Hellas Verona,Hellas Verona,Italy,Italy Serie A,2015/2016,2000000
30709,Luca Toni,9876,206,Hellas Verona,Hellas Verona,Italy,Italy Serie A,2015/2016,1000000
526241,Luca Valzania,9880,110915,Cesena,Cesena,Italy,Italy Serie A,2014/2015,350000
114738,Luca Zuffi,9931,896,FC Basel,FC Basel,Switzerland,Switzerland Super League,2015/2016,4000000
536440,Luca-Milan Zander,8697,38,SV Werder Bremen,SV Werder Bremen,Germany,Germany 1. Bundesliga,2015/2016,250000
11285,Lucas,8613,1898,Boavista FC,Boavista FC,Portugal,Portugal Liga ZON Sagres,2014/2015,250000
173427,Lucas Alfonso Orban,8581,1853,Levante UD,Levante UD,Spain,Spain LIGA BBVA,2015/2016,3000000
252969,Lucas Andersen,8525,1907,Willem II,Willem II,Netherlands,Netherlands Eredivisie,2015/2016,2000000
357080,Lucas Ariel Ocampos,8592,219,Olympique de Marseille,Olympique de Marseille,France,France Ligue 1,2015/2016,6000000
18576,Lucas Barrios,10249,70,Montpellier Hérault SC,Montpellier Hérault SC,France,France Ligue 1,2014/2015,1750000
38393,Lucas Biglia,8543,46,Lazio,Lazio,Italy,Italy Serie A,2015/2016,20000000
215369,Lucas Bijker,10228,1913,SC Heerenveen,SC Heerenveen,Netherlands,Netherlands Eredivisie,2015/2016,750000
620061,Lucas Cueto,10190,898,FC St. Gallen,FC St. Gallen,Switzerland,Switzerland Super League,2015/2016,150000
46755,Lucas Deaux,9991,674,KAA Gent,KAA Gent,Belgium,Belgium Jupiler League,2015/2016,2500000
210111,Lucas Digne,8686,52,Roma,Roma,Italy,Italy Serie A,2015/2016,16000000
452269,Lucas Evangelista,8600,55,Udinese,Udinese,Italy,Italy Serie A,2014/2015,2500000
504606,Lucas Hernandez,9906,240,Atlético Madrid,Atlético Madrid,Spain,Spain LIGA BBVA,2015/2016,10000000
66757,Lucas Hradecky,9810,1824,Eintracht Frankfurt,Eintracht Frankfurt,Germany,Germany 1. Bundesliga,2015/2016,4000000
361747,Lucas Joao,10214,1891,CD Nacional,CD Nacional,Portugal,Portugal Liga ZON Sagres,2014/2015,2500000
95327,Lucas Leiva,8650,9,Liverpool,Liverpool,England,England Premier League,2015/2016,10000000
215299,Lucas Moura,9847,73,Paris Saint-Germain,Paris Saint-Germain,France,France Ligue 1,2015/2016,35000000
166509,Lucas Nahuel Castro,8533,192,Chievo Verona,Chievo Verona,Italy,Italy Serie A,2015/2016,6000000
194660,Lucas Perez,9783,242,RC Deportivo de La Coruña,RC Deportivo de La Coruña,Spain,Spain LIGA BBVA,2015/2016,17000000
267380,Lucas Piazon,9810,1824,Eintracht Frankfurt,Eintracht Frankfurt,Germany,Germany 1. Bundesliga,2014/2015,2500000
346004,Lucas Silva,8592,219,Olympique de Marseille,Olympique de Marseille,France,France Ligue 1,2015/2016,3500000
428063,Lucas Souza,188163,2000006,Tondela,Tondela,Portugal,Portugal Liga ZON Sagres,2015/2016,600000
612277,Lucas Tousart,9748,66,Olympique Lyonnais,Olympique Lyonnais,France,France Ligue 1,2015/2016,2000000
166670,Lucas van Eenoo,8571,100081,KV Kortrijk,KV Kortrijk,Belgium,Belgium Jupiler League,2015/2016,450000
359193,Lucas Vazquez,8633,243,Real Madrid CF,Real Madrid CF,Spain,Spain LIGA BBVA,2015/2016,10000000
466832,Lucas Woudenberg,8464,1910,N.E.C.,N.E.C.,Netherlands,Netherlands Eredivisie,2015/2016,1500000
294003,Luciano Dario Vietto,9906,240,Atlético Madrid,Atlético Madrid,Spain,Spain LIGA BBVA,2015/2016,14000000
158581,Luciano Narsingh,8640,247,PSV,PSV,Netherlands,Netherlands Eredivisie,2015/2016,5000000
303926,Luciano Slagveer,10228,1913,SC Heerenveen,SC Heerenveen,Netherlands,Netherlands Eredivisie,2015/2016,1500000
243500,Ludcinio Marengo,10217,650,ADO Den Haag,ADO Den Haag,Netherlands,Netherlands Eredivisie,2015/2016,450000
40683,Ludovic Baal,9851,74,Stade Rennais FC,Stade Rennais FC,France,France Ligue 1,2015/2016,1500000
693171,Ludovic Blas,9747,62,En Avant de Guingamp,En Avant de Guingamp,France,France Ligue 1,2015/2016,1750000
34003,Ludovic Butelle,8342,231,Club Brugge KV,Club Brugge KV,Belgium,Belgium Jupiler League,2015/2016,1500000
179393,Ludovic Lamine Sane,9827,59,Girondins de Bordeaux,Girondins de Bordeaux,France,France Ligue 1,2015/2016,4000000
26195,Ludovic Obraniak,9827,59,Girondins de Bordeaux,Girondins de Bordeaux,France,France Ligue 1,2014/2015,1200000
37173,Luigi Bruins,10218,1971,Excelsior,Excelsior,Netherlands,Netherlands Eredivisie,2015/2016,500000
37537,Luigi Giorgi,9880,110915,Cesena,Cesena,Italy,Italy Serie A,2014/2015,450000
163255,Luigi Sepe,8534,1746,Empoli,Empoli,Italy,Italy Serie A,2014/2015,3000000
364826,Luigi Vaccaro,274581,2000004,Royal Excel Mouscron,Royal Excel Mouscron,Belgium,Belgium Jupiler League,2015/2016,300000
190522,Luis Advincula,10238,665,Vitória Setúbal,Vitória Setúbal,Portugal,Portugal Liga ZON Sagres,2014/2015,1250000
198566,Luis Alberto,9783,242,RC Deportivo de La Coruña,RC Deportivo de La Coruña,Spain,Spain LIGA BBVA,2015/2016,4000000
128045,Luis Alberto,188163,2000006,Tondela,Tondela,Portugal,Portugal Liga ZON Sagres,2015/2016,300000
114827,Luis Alfonso Henriquez,2182,873,Lech Poznań,Lech Poznań,Poland,Poland Ekstraklasa,2014/2015,250000
361337,Luis Aurelio,10214,1891,CD Nacional,CD Nacional,Portugal,Portugal Liga ZON Sagres,2015/2016,750000
280976,Luis Carlos,8348,1900,Moreirense FC,Moreirense FC,Portugal,Portugal Liga ZON Sagres,2015/2016,400000
183365,Luis Farina,9783,242,RC Deportivo de La Coruña,RC Deportivo de La Coruña,Spain,Spain LIGA BBVA,2014/2015,1000000
361307,Luis Gustavo,7841,744,Rio Ave FC,Rio Ave FC,Portugal,Portugal Liga ZON Sagres,2014/2015,100000
384374,Luis Hernandez,9869,459,Real Sporting de Gijón,Real Sporting de Gijón,Spain,Spain LIGA BBVA,2015/2016,3500000
211821,Luis Leal,9807,1889,CF Os Belenenses,CF Os Belenenses,Portugal,Portugal Liga ZON Sagres,2015/2016,1200000
620136,Luis Maria Zwick,9938,181,Dundee United,Dundee United,Scotland,Scotland Premier League,2015/2016,150000
293074,Luis Martins,9764,1888,Gil Vicente FC,Gil Vicente FC,Portugal,Portugal Liga ZON Sagres,2014/2015,300000
196484,Luis Muriel,9882,1837,Sampdoria,Sampdoria,Italy,Italy Serie A,2015/2016,9500000
11801,Luis Olim,10212,1893,CS Marítimo,CS Marítimo,Portugal,Portugal Liga ZON Sagres,2014/2015,300000
185925,Luis Pedro Cavanda,8543,46,Lazio,Lazio,Italy,Italy Serie A,2014/2015,2750000
375783,Luis Rocha,7844,1887,Vitória Guimarães,Vitória Guimarães,Portugal,Portugal Liga ZON Sagres,2015/2016,500000
476945,Luis Silva,9764,1888,Gil Vicente FC,Gil Vicente FC,Portugal,Portugal Liga ZON Sagres,2014/2015,500000
40636,Luis Suarez,8634,241,FC Barcelona,FC Barcelona,Spain,Spain LIGA BBVA,2015/2016,90000000
30968,Luisao,9772,234,SL Benfica,SL Benfica,Portugal,Portugal Liga ZON Sagres,2015/2016,1500000
115519,Luisinho,9783,242,RC Deportivo de La Coruña,RC Deportivo de La Coruña,Spain,Spain LIGA BBVA,2015/2016,1800000
181205,Luisinho,8613,1898,Boavista FC,Boavista FC,Portugal,Portugal Liga ZON Sagres,2015/2016,750000
47041,Luiz Adriano,8564,47,Milan,Milan,Italy,Italy Serie A,2015/2016,6500000
185591,Luiz Carlos,10264,1896,SC Braga,SC Braga,Portugal,Portugal Liga ZON Sagres,2015/2016,1600000
147729,Luiz Gustavo,8721,175,VfL Wolfsburg,VfL Wolfsburg,Germany,Germany 1. Bundesliga,2015/2016,17000000
356378,Luka Djordjevic,9882,1837,Sampdoria,Sampdoria,Italy,Italy Serie A,2014/2015,700000
237602,Luka Krajnc,9880,110915,Cesena,Cesena,Italy,Italy Serie A,2014/2015,1200000
273458,Luka Maric,8027,112512,Zawisza Bydgoszcz,Zawisza Bydgoszcz,Poland,Poland Ekstraklasa,2014/2015,700000
163616,Luka Milivojevic,8635,229,RSC Anderlecht,RSC Anderlecht,Belgium,Belgium Jupiler League,2014/2015,8000000
31097,Luka Modric,8633,243,Real Madrid CF,Real Madrid CF,Spain,Spain LIGA BBVA,2015/2016,50000000
185300,Luka Tankulic,8284,180,Dundee FC,Dundee FC,Scotland,Scotland Premier League,2014/2015,125000
179071,Lukas Bielak,8019,110565,Górnik Łęczna,Górnik Łęczna,Poland,Poland Ekstraklasa,2015/2016,150000
275992,Lukas Droppa,8025,111092,Śląsk Wrocław,Śląsk Wrocław,Poland,Poland Ekstraklasa,2014/2015,700000
620578,Lukas Froede,8697,38,SV Werder Bremen,SV Werder Bremen,Germany,Germany 1. Bundesliga,2015/2016,400000
518628,Lukas Haraslin,8030,111091,Lechia Gdańsk,Lechia Gdańsk,Poland,Poland Ekstraklasa,2015/2016,300000
176831,Lukas Hinterseer,8234,111239,FC Ingolstadt 04,FC Ingolstadt 04,Germany,Germany 1. Bundesliga,2015/2016,2000000
27568,Lukas Jutkiewicz,8191,1796,Burnley,Burnley,England,England Premier League,2014/2015,1000000
37335,Lukas Kruse,8460,10030,SC Paderborn 07,SC Paderborn 07,Germany,Germany 1. Bundesliga,2014/2015,325000
32118,Lukas Podolski,8636,44,Inter,Inter,Italy,Italy Serie A,2014/2015,8000000
355347,Lukas Raeder,10238,665,Vitória Setúbal,Vitória Setúbal,Portugal,Portugal Liga ZON Sagres,2015/2016,300000
182892,Lukas Rupp,10269,36,VfB Stuttgart,VfB Stuttgart,Germany,Germany 1. Bundesliga,2015/2016,5000000
68937,Lukasz Broz,8673,1871,Legia Warszawa,Legia Warszawa,Poland,Poland Ekstraklasa,2015/2016,600000
206801,Lukasz Budzilek,8030,111091,Lechia Gdańsk,Lechia Gdańsk,Poland,Poland Ekstraklasa,2015/2016,100000
139895,Lukasz Burliga,1957,110745,Jagiellonia Białystok,Jagiellonia Białystok,Poland,Poland Ekstraklasa,2015/2016,400000
30973,Lukasz Fabianski,10003,1960,Swansea City,Swansea City,England,England Premier League,2015/2016,9000000
39069,Lukasz Gargula,10265,1873,Wisła Kraków,Wisła Kraków,Poland,Poland Ekstraklasa,2014/2015,125000
118530,Lukasz Hanzel,1601,874,Ruch Chorzów,Ruch Chorzów,Poland,Poland Ekstraklasa,2015/2016,250000
68802,Lukasz Janoszka,8021,110749,Zagłębie Lubin,Zagłębie Lubin,Poland,Poland Ekstraklasa,2015/2016,300000
13334,Lukasz Madej,8020,2000002,Polonia Bytom,Polonia Bytom,Poland,Poland Ekstraklasa,2015/2016,100000
13515,Lukasz Mierzejewski,8019,110565,Górnik Łęczna,Górnik Łęczna,Poland,Poland Ekstraklasa,2015/2016,100000
555650,Lukasz Moneta,1601,874,Ruch Chorzów,Ruch Chorzów,Poland,Poland Ekstraklasa,2015/2016,200000
69485,Lukasz Piatek,8021,110749,Zagłębie Lubin,Zagłębie Lubin,Poland,Poland Ekstraklasa,2015/2016,250000
13518,Lukasz Piszczek,9789,22,Borussia Dortmund,Borussia Dortmund,Germany,Germany 1. Bundesliga,2015/2016,6000000
229737,Lukasz Sierpina,8245,111083,Korona Kielce,Korona Kielce,Poland,Poland Ekstraklasa,2015/2016,175000
178732,Lukasz Skorupski,8534,1746,Empoli,Empoli,Italy,Italy Serie A,2015/2016,4000000
30275,Lukasz Surma,1601,874,Ruch Chorzów,Ruch Chorzów,Poland,Poland Ekstraklasa,2015/2016,50000
206694,Lukasz Teodorczyk,2182,873,Lech Poznań,Lech Poznań,Poland,Poland Ekstraklasa,2014/2015,5000000
13449,Lukasz Tralka,2182,873,Lech Poznań,Lech Poznań,Poland,Poland Ekstraklasa,2015/2016,250000
116872,Lukasz Tyminski,8019,110565,Górnik Łęczna,Górnik Łęczna,Poland,Poland Ekstraklasa,2015/2016,200000
69259,Lukasz Zaluska,8262,110502,SV Darmstadt 98,SV Darmstadt 98,Germany,Germany 1. Bundesliga,2015/2016,300000
249059,Lukasz Zejdler,2186,110747,Cracovia,Cracovia,Poland,Poland Ekstraklasa,2015/2016,125000
191132,Luke Garbutt,8668,7,Everton,Everton,England,England Premier League,2014/2015,2000000
362694,Luke Shaw,10260,11,Manchester United,Manchester United,England,England Premier League,2015/2016,21000000
35628,Luke Wilkshire,10235,246,Feyenoord,Feyenoord,Netherlands,Netherlands Eredivisie,2014/2015,100000
213714,Luso,7869,1867,Córdoba CF,Córdoba CF,Spain,Spain LIGA BBVA,2014/2015,400000
150201,Luuk de Jong,8640,247,PSV,PSV,Netherlands,Netherlands Eredivisie,2015/2016,10000000
156937,Lyle Taylor,8426,1754,Partick Thistle F.C.,Partick Thistle F.C.,Scotland,Scotland Premier League,2014/2015,300000
97699,Lynel Kitambala,9986,670,Sporting Charleroi,Sporting Charleroi,Belgium,Belgium Jupiler League,2014/2015,350000
667970,Lynneeker,10212,1893,CS Marítimo,CS Marítimo,Portugal,Portugal Liga ZON Sagres,2015/2016,100000
41463,Maarten Martens,9984,1750,KSV Cercle Brugge,KSV Cercle Brugge,Belgium,Belgium Jupiler League,2014/2015,1500000
30841,Maarten Stekelenburg,8466,17,Southampton,Southampton,England,England Premier League,2015/2016,2000000
118822,Maciej Dabrowski,8021,110749,Zagłębie Lubin,Zagłębie Lubin,Poland,Poland Ekstraklasa,2015/2016,500000
361714,Maciej Gajos,2182,873,Lech Poznań,Lech Poznań,Poland,Poland Ekstraklasa,2015/2016,900000
69594,Maciej Gostomski,2182,873,Lech Poznań,Lech Poznań,Poland,Poland Ekstraklasa,2015/2016,150000
69346,Maciej Iwanski,1601,874,Ruch Chorzów,Ruch Chorzów,Poland,Poland Ekstraklasa,2015/2016,100000
206844,Maciej Jankowski,8028,111086,Piast Gliwice,Piast Gliwice,Poland,Poland Ekstraklasa,2015/2016,300000
13383,Maciej Korzym,8020,2000002,Polonia Bytom,Polonia Bytom,Poland,Poland Ekstraklasa,2015/2016,150000
206829,Maciej Makuszewski,10238,665,Vitória Setúbal,Vitória Setúbal,Portugal,Portugal Liga ZON Sagres,2015/2016,700000
95533,Maciej Malkowski,8569,110744,GKS Bełchatów,GKS Bełchatów,Poland,Poland Ekstraklasa,2014/2015,150000
206668,Maciej Manka,8020,2000002,Polonia Bytom,Polonia Bytom,Poland,Poland Ekstraklasa,2014/2015,100000
68796,Maciej Sadlok,10265,1873,Wisła Kraków,Wisła Kraków,Poland,Poland Ekstraklasa,2015/2016,500000
93261,Maciej Szmatiuk,8019,110565,Górnik Łęczna,Górnik Łęczna,Poland,Poland Ekstraklasa,2015/2016,50000
502648,Maciej Urbanczyk,1601,874,Ruch Chorzów,Ruch Chorzów,Poland,Poland Ekstraklasa,2015/2016,100000
150239,Maciej Wilusz,2182,873,Lech Poznań,Lech Poznań,Poland,Poland Ekstraklasa,2015/2016,250000
112935,Mads Albaek,9837,379,Stade de Reims,Stade de Reims,France,France Ligue 1,2014/2015,1500000
304356,Magique,10215,1901,Académica de Coimbra,Académica de Coimbra,Portugal,Portugal Liga ZON Sagres,2014/2015,350000
38419,Mahamadou Habib Habibou,9851,74,Stade Rennais FC,Stade Rennais FC,France,France Ligue 1,2014/2015,1000000
409816,Mahamadou-Naby Sarr,9768,237,Sporting CP,Sporting CP,Portugal,Portugal Liga ZON Sagres,2014/2015,1500000
94318,Mahamane Traore,9831,72,OGC Nice,OGC Nice,France,France Ligue 1,2015/2016,600000
37048,Mahir Saglik,8460,10030,SC Paderborn 07,SC Paderborn 07,Germany,Germany 1. Bundesliga,2014/2015,200000
469701,Mahmoud Dahoud,9788,23,Borussia Mönchengladbach,Borussia Mönchengladbach,Germany,Germany 1. Bundesliga,2015/2016,15000000
481722,Mahmoud Kahraba,10199,897,FC Luzern,FC Luzern,Switzerland,Switzerland Super League,2014/2015,1700000
34305,Maicon,8686,52,Roma,Roma,Italy,Italy Serie A,2015/2016,500000
150041,Maicon,9773,236,FC Porto,FC Porto,Portugal,Portugal Liga ZON Sagres,2015/2016,8000000
147600,Maikel Kieftenbeld,8674,1915,FC Groningen,FC Groningen,Netherlands,Netherlands Eredivisie,2014/2015,2000000
112477,Maikel van der Werff,8277,1909,Vitesse,Vitesse,Netherlands,Netherlands Eredivisie,2015/2016,1500000
30530,Makoto Hasebe,9810,1824,Eintracht Frankfurt,Eintracht Frankfurt,Germany,Germany 1. Bundesliga,2015/2016,2000000
116885,Maksymilian Rogalski,8023,110746,Pogoń Szczecin,Pogoń Szczecin,Poland,Poland Ekstraklasa,2014/2015,100000
535603,Malcom,9827,59,Girondins de Bordeaux,Girondins de Bordeaux,France,France Ligue 1,2015/2016,10000000
361013,Mamadou Ba,8613,1898,Boavista FC,Boavista FC,Portugal,Portugal Liga ZON Sagres,2014/2015,100000
130738,Mamadou Bagayoko,9997,680,Sint-Truidense VV,Sint-Truidense VV,Belgium,Belgium Jupiler League,2015/2016,500000
546034,Mamadou N'Diaye,10249,70,Montpellier Hérault SC,Montpellier Hérault SC,France,France Ligue 1,2015/2016,400000
94043,Mamadou Sakho,8650,9,Liverpool,Liverpool,England,England Premier League,2015/2016,12000000
156664,Mamadou Samassa,9747,62,En Avant de Guingamp,En Avant de Guingamp,France,France Ligue 1,2015/2016,800000
629579,Mamadou Sylla,8558,452,RCD Espanyol,RCD Espanyol,Spain,Spain LIGA BBVA,2015/2016,500000
299358,Mame Baba Thiam,10000,15005,SV Zulte-Waregem,SV Zulte-Waregem,Belgium,Belgium Jupiler League,2015/2016,1250000
72735,Mame Biram Diouf,10194,1806,Stoke City,Stoke City,England,England Premier League,2015/2016,8000000
166179,Mamoutou N'Diaye,10000,15005,SV Zulte-Waregem,SV Zulte-Waregem,Belgium,Belgium Jupiler League,2014/2015,600000
154856,Mana Dembele,9747,62,En Avant de Guingamp,En Avant de Guingamp,France,France Ligue 1,2015/2016,800000
157376,Manasse Enza-Yamissi,9764,1888,Gil Vicente FC,Gil Vicente FC,Portugal,Portugal Liga ZON Sagres,2014/2015,400000
37622,Mane,9865,1861,UD Almería,UD Almería,Spain,Spain LIGA BBVA,2014/2015,500000
45316,Mano,7842,10020,Estoril Praia,Estoril Praia,Portugal,Portugal Liga ZON Sagres,2015/2016,500000
172899,Manolo Gabbiadini,9875,48,Napoli,Napoli,Italy,Italy Serie A,2015/2016,17000000
37474,Manu del Moral,8372,467,SD Eibar,SD Eibar,Spain,Spain LIGA BBVA,2014/2015,500000
96651,Manu Fernandez,9783,242,RC Deportivo de La Coruña,RC Deportivo de La Coruña,Spain,Spain LIGA BBVA,2015/2016,400000
101983,Manu Herrera,10268,468,Elche CF,Elche CF,Spain,Spain LIGA BBVA,2014/2015,400000
111975,Manucho,8370,480,Rayo Vallecano,Rayo Vallecano,Spain,Spain LIGA BBVA,2015/2016,800000
521318,Manuel Akanji,9931,896,FC Basel,FC Basel,Switzerland,Switzerland Super League,2015/2016,750000
536457,Manuel Benson,9989,239,Lierse SK,Lierse SK,Belgium,Belgium Jupiler League,2014/2015,450000
41754,Manuel Coppola,9880,110915,Cesena,Cesena,Italy,Italy Serie A,2014/2015,75000
49866,Manuel Iturra,8370,480,Rayo Vallecano,Rayo Vallecano,Spain,Spain LIGA BBVA,2015/2016,1500000
70513,Manuel Jose,6403,1892,FC Paços de Ferreira,FC Paços de Ferreira,Portugal,Portugal Liga ZON Sagres,2015/2016,75000
210276,Manuel Lanzini,8654,19,West Ham United,West Ham United,England,England Premier League,2015/2016,10000000
150735,Manuel Lillo Castellano,8372,467,SD Eibar,SD Eibar,Spain,Spain LIGA BBVA,2015/2016,1000000
27299,Manuel Neuer,9823,21,FC Bayern Munich,FC Bayern Munich,Germany,Germany 1. Bundesliga,2015/2016,45000000
33756,Manuel Pablo,9783,242,RC Deportivo de La Coruña,RC Deportivo de La Coruña,Spain,Spain LIGA BBVA,2015/2016,100000
102777,Manuel Pascali,8597,82,Kilmarnock,Kilmarnock,Scotland,Scotland Premier League,2014/2015,250000
24536,Manuel Pasqual,8535,110374,Fiorentina,Fiorentina,Italy,Italy Serie A,2015/2016,800000
282723,Manuel Pucciarelli,8534,1746,Empoli,Empoli,Italy,Italy Serie A,2015/2016,4000000
36186,Manuel Schmiedebach,9904,485,Hannover 96,Hannover 96,Germany,Germany 1. Bundesliga,2015/2016,1750000
202669,Manuel Sutter,9824,286,FC Vaduz,FC Vaduz,Switzerland,Switzerland Super League,2015/2016,350000
268282,Manuel Trigueros,10205,483,Villarreal CF,Villarreal CF,Spain,Spain LIGA BBVA,2015/2016,8000000
93985,Mapou Yanga-Mbiwa,9748,66,Olympique Lyonnais,Olympique Lyonnais,France,France Ligue 1,2015/2016,6000000
164316,Marafona,10264,1896,SC Braga,SC Braga,Portugal,Portugal Liga ZON Sagres,2015/2016,2000000
139671,Marc Albrighton,8197,95,Leicester City,Leicester City,England,England Premier League,2015/2016,6000000
195305,Marc Bartra,8634,241,FC Barcelona,FC Barcelona,Spain,Spain LIGA BBVA,2015/2016,8000000
23148,Marc Janko,9931,896,FC Basel,FC Basel,Switzerland,Switzerland Super League,2015/2016,1250000
173382,Marc Muniesa,10194,1806,Stoke City,Stoke City,England,England Premier League,2015/2016,3500000
26119,Marc Planus,9827,59,Girondins de Bordeaux,Girondins de Bordeaux,France,France Ligue 1,2014/2015,500000
24381,Marc Pugh,8678,1943,Bournemouth,Bournemouth,England,England Premier League,2015/2016,2000000
355357,Marc Stendera,9810,1824,Eintracht Frankfurt,Eintracht Frankfurt,Germany,Germany 1. Bundesliga,2015/2016,7000000
37879,Marc Torrejon Moya,8358,25,SC Freiburg,SC Freiburg,Germany,Germany 1. Bundesliga,2014/2015,1200000
164494,Marc Vucinovic,8460,10030,SC Paderborn 07,SC Paderborn 07,Germany,Germany 1. Bundesliga,2014/2015,275000
47418,Marc Wilson,10194,1806,Stoke City,Stoke City,England,England Premier League,2015/2016,3000000
184554,Marc-Andre ter Stegen,8634,241,FC Barcelona,FC Barcelona,Spain,Spain LIGA BBVA,2015/2016,18000000
200743,Marcel Appiah,8464,1910,N.E.C.,N.E.C.,Netherlands,Netherlands Eredivisie,2015/2016,425000
192842,Marcel Buechel,8534,1746,Empoli,Empoli,Italy,Italy Serie A,2015/2016,2000000
45464,Marcel De Jong,8406,100409,FC Augsburg,FC Augsburg,Germany,Germany 1. Bundesliga,2014/2015,600000
22831,Marcel Gecov,8025,111092,Śląsk Wrocław,Śląsk Wrocław,Poland,Poland Ekstraklasa,2015/2016,300000
36554,Marcel Heller,8262,110502,SV Darmstadt 98,SV Darmstadt 98,Germany,Germany 1. Bundesliga,2015/2016,1750000
25779,Marcel Herzog,10190,898,FC St. Gallen,FC St. Gallen,Switzerland,Switzerland Super League,2015/2016,200000
36057,Marcel Ndjeng,8177,166,Hertha BSC Berlin,Hertha BSC Berlin,Germany,Germany 1. Bundesliga,2014/2015,150000
127945,Marcel Risse,8722,31,1. FC Köln,1. FC Köln,Germany,Germany 1. Bundesliga,2015/2016,3500000
179115,Marcel Ritzmaier,8464,1910,N.E.C.,N.E.C.,Netherlands,Netherlands Eredivisie,2015/2016,900000
37317,Marcel Schaefer,8721,175,VfL Wolfsburg,VfL Wolfsburg,Germany,Germany 1. Bundesliga,2015/2016,1500000
94685,Marcel Schmelzer,9789,22,Borussia Dortmund,Borussia Dortmund,Germany,Germany 1. Bundesliga,2015/2016,9000000
466357,Marcel Tisserand,9941,1809,Toulouse FC,Toulouse FC,France,France Ligue 1,2015/2016,3000000
30987,Marcell Jansen,9790,28,Hamburger SV,Hamburger SV,Germany,Germany 1. Bundesliga,2014/2015,4000000
96532,Marcello Gazzola,7943,111974,Sassuolo,Sassuolo,Italy,Italy Serie A,2015/2016,400000
282278,Marcello Trotta,7943,111974,Sassuolo,Sassuolo,Italy,Italy Serie A,2015/2016,2000000
28467,Marcelo,8633,243,Real Madrid CF,Real Madrid CF,Spain,Spain LIGA BBVA,2015/2016,30000000
78908,Marcelo,9904,485,Hannover 96,Hannover 96,Germany,Germany 1. Bundesliga,2015/2016,4000000
280350,Marcelo,7841,744,Rio Ave FC,Rio Ave FC,Portugal,Portugal Liga ZON Sagres,2015/2016,1700000
19434,Marcelo Boeck,9768,237,Sporting CP,Sporting CP,Portugal,Portugal Liga ZON Sagres,2014/2015,750000
206508,Marcelo Brozovic,8636,44,Inter,Inter,Italy,Italy Serie A,2015/2016,20000000
49847,Marcelo Diaz,9910,450,RC Celta de Vigo,RC Celta de Vigo,Spain,Spain LIGA BBVA,2015/2016,2500000
68436,Marcelo Estigarribia,8524,39,Atalanta,Atalanta,Italy,Italy Serie A,2014/2015,1400000
474736,Marcelo Goiano,10264,1896,SC Braga,SC Braga,Portugal,Portugal Liga ZON Sagres,2015/2016,2500000
71352,Marcelo Jose Oliveira,8348,1900,Moreirense FC,Moreirense FC,Portugal,Portugal Liga ZON Sagres,2015/2016,150000
165624,Marcelo Larrondo,9804,54,Torino,Torino,Italy,Italy Serie A,2014/2015,3200000
150809,Marcin Budzinski,2186,110747,Cracovia,Cracovia,Poland,Poland Ekstraklasa,2015/2016,450000
407970,Marcin Cebula,8245,111083,Korona Kielce,Korona Kielce,Poland,Poland Ekstraklasa,2015/2016,150000
429871,Marcin Flis,8569,110744,GKS Bełchatów,GKS Bełchatów,Poland,Poland Ekstraklasa,2014/2015,150000
189190,Marcin Kaminski,2182,873,Lech Poznań,Lech Poznań,Poland,Poland Ekstraklasa,2015/2016,850000
645704,Marcin Listkowski,8023,110746,Pogoń Szczecin,Pogoń Szczecin,Poland,Poland Ekstraklasa,2015/2016,150000
69043,Marcin Pietrowski,8028,111086,Piast Gliwice,Piast Gliwice,Poland,Poland Ekstraklasa,2015/2016,350000
69229,Marcin Robak,2182,873,Lech Poznań,Lech Poznań,Poland,Poland Ekstraklasa,2015/2016,200000
656342,Marcin Urynowicz,8020,2000002,Polonia Bytom,Polonia Bytom,Poland,Poland Ekstraklasa,2015/2016,100000
13423,Marcin Wasilewski,8197,95,Leicester City,Leicester City,England,England Premier League,2015/2016,500000
310659,Marcis Oss,8020,2000002,Polonia Bytom,Polonia Bytom,Poland,Poland Ekstraklasa,2015/2016,300000
181984,Marco Andreolli,8302,481,Sevilla FC,Sevilla FC,Spain,Spain LIGA BBVA,2015/2016,2000000
176298,Marco Aratore,10190,898,FC St. Gallen,FC St. Gallen,Switzerland,Switzerland Super League,2015/2016,750000
498033,Marco Asensio,8558,452,RCD Espanyol,RCD Espanyol,Spain,Spain LIGA BBVA,2015/2016,15000000
185798,Marco Baixinho,6403,1892,FC Paços de Ferreira,FC Paços de Ferreira,Portugal,Portugal Liga ZON Sagres,2015/2016,1000000
362113,Marco Benassi,9804,54,Torino,Torino,Italy,Italy Serie A,2015/2016,6500000
195782,Marco Bizot,9987,673,KRC Genk,KRC Genk,Belgium,Belgium Jupiler League,2015/2016,1200000
39447,Marco Borriello,8524,39,Atalanta,Atalanta,Italy,Italy Serie A,2015/2016,800000
320183,Marco Buerki,10191,1715,FC Thun,FC Thun,Switzerland,Switzerland Super League,2015/2016,400000
215723,Marco Capuano,8529,1842,Cagliari,Cagliari,Italy,Italy Serie A,2014/2015,1200000
202650,Marco Crimi,208931,112409,Carpi,Carpi,Italy,Italy Serie A,2015/2016,1000000
182836,Marco D'Alessandro,8524,39,Atalanta,Atalanta,Italy,Italy Serie A,2015/2016,1500000
111897,Marco Fabian,9810,1824,Eintracht Frankfurt,Eintracht Frankfurt,Germany,Germany 1. Bundesliga,2015/2016,3750000
190796,Marco Hoeger,10189,34,FC Schalke 04,FC Schalke 04,Germany,Germany 1. Bundesliga,2015/2016,3000000
35643,Marco Marchionni,10167,50,Parma,Parma,Italy,Italy Serie A,2014/2015,50000
66934,Marco Mathys,10190,898,FC St. Gallen,FC St. Gallen,Switzerland,Switzerland Super League,2015/2016,500000
40946,Marco Matias,10214,1891,CD Nacional,CD Nacional,Portugal,Portugal Liga ZON Sagres,2014/2015,3000000
8881,Marco Padalino,7896,2000003,Lugano,Lugano,Switzerland,Switzerland Super League,2015/2016,250000
179817,Marco Paixao,8030,111091,Lechia Gdańsk,Lechia Gdańsk,Poland,Poland Ekstraklasa,2015/2016,450000
73999,Marco Parolo,8543,46,Lazio,Lazio,Italy,Italy Serie A,2015/2016,7000000
129944,Marco Reus,9789,22,Borussia Dortmund,Borussia Dortmund,Germany,Germany 1. Bundesliga,2015/2016,40000000
184610,Marco Rojas,10191,1715,FC Thun,FC Thun,Switzerland,Switzerland Super League,2015/2016,300000
27475,Marco Russ,9810,1824,Eintracht Frankfurt,Eintracht Frankfurt,Germany,Germany 1. Bundesliga,2015/2016,2500000
29340,Marco Sailer,8262,110502,SV Darmstadt 98,SV Darmstadt 98,Germany,Germany 1. Bundesliga,2015/2016,200000
79253,Marco Sau,8529,1842,Cagliari,Cagliari,Italy,Italy Serie A,2014/2015,5000000
34082,Marco Schneuwly,10199,897,FC Luzern,FC Luzern,Switzerland,Switzerland Super League,2015/2016,1250000
212630,Marco Sportiello,8524,39,Atalanta,Atalanta,Italy,Italy Serie A,2015/2016,10000000
27615,Marco Storari,9885,45,Juventus,Juventus,Italy,Italy Serie A,2014/2015,400000
109650,Marco van Duin,8464,1910,N.E.C.,N.E.C.,Netherlands,Netherlands Eredivisie,2015/2016,150000
199291,Marco van Ginkel,8640,247,PSV,PSV,Netherlands,Netherlands Eredivisie,2015/2016,7000000
190972,Marco Verratti,9847,73,Paris Saint-Germain,Paris Saint-Germain,France,France Ligue 1,2015/2016,40000000
41640,Marco Zambelli,8534,1746,Empoli,Empoli,Italy,Italy Serie A,2015/2016,600000
355356,Marc-Oliver Kempf,8358,25,SC Freiburg,SC Freiburg,Germany,Germany 1. Bundesliga,2014/2015,3500000
196169,Marcos Alonso,8535,110374,Fiorentina,Fiorentina,Italy,Italy Serie A,2015/2016,13000000
18520,Marcos Angeleri,9864,573,Málaga CF,Málaga CF,Spain,Spain LIGA BBVA,2015/2016,750000
183184,Marcos Gullon,9803,1902,Roda JC Kerkrade,Roda JC Kerkrade,Netherlands,Netherlands Eredivisie,2015/2016,650000
161035,Marcos Rojo,10260,11,Manchester United,Manchester United,England,England Premier League,2015/2016,19000000
498295,Marcos Vinicius,10238,665,Vitória Setúbal,Vitória Setúbal,Portugal,Portugal Liga ZON Sagres,2014/2015,250000
294863,Marcus Fraser,8649,631,Ross County FC,Ross County FC,Scotland,Scotland Premier League,2015/2016,250000
696365,Marcus Rashford,10260,11,Manchester United,Manchester United,England,England Premier League,2015/2016,10000000
606491,Marcus Regis Coco,9747,62,En Avant de Guingamp,En Avant de Guingamp,France,France Ligue 1,2015/2016,1750000
25922,Marek Cech,8613,1898,Boavista FC,Boavista FC,Portugal,Portugal Liga ZON Sagres,2014/2015,100000
41658,Marek Hamsik,9875,48,Napoli,Napoli,Italy,Italy Serie A,2015/2016,38000000
69252,Marek Sokolowski,8033,111087,Podbeskidzie Bielsko-Biała,Podbeskidzie Bielsko-Biała,Poland,Poland Ekstraklasa,2015/2016,50000
22834,Marek Suchy,9931,896,FC Basel,FC Basel,Switzerland,Switzerland Super League,2015/2016,3750000
69261,Marek Wasiluk,1957,110745,Jagiellonia Białystok,Jagiellonia Białystok,Poland,Poland Ekstraklasa,2015/2016,200000
148483,Marian Kello,9800,100805,St. Mirren,St. Mirren,Scotland,Scotland Premier League,2014/2015,350000
122047,Mariano,8302,481,Sevilla FC,Sevilla FC,Spain,Spain LIGA BBVA,2015/2016,8000000
39415,Mariano Andujar,9875,48,Napoli,Napoli,Italy,Italy Serie A,2014/2015,1800000
38467,Mariano Damian Barbosa,10205,483,Villarreal CF,Villarreal CF,Spain,Spain LIGA BBVA,2015/2016,800000
39267,Mariano Julio Izco,8533,192,Chievo Verona,Chievo Verona,Italy,Italy Serie A,2014/2015,1000000
466623,Marin Jakolis,274581,2000004,Royal Excel Mouscron,Royal Excel Mouscron,Belgium,Belgium Jupiler League,2015/2016,100000
112801,Marinho,10215,1901,Académica de Coimbra,Académica de Coimbra,Portugal,Portugal Liga ZON Sagres,2015/2016,200000
108808,Mario Balotelli,8564,47,Milan,Milan,Italy,Italy Serie A,2015/2016,7500000
248714,Mario Bilate,9938,181,Dundee United,Dundee United,Scotland,Scotland Premier League,2015/2016,150000
183185,Mario Gaspar,10205,483,Villarreal CF,Villarreal CF,Spain,Spain LIGA BBVA,2015/2016,12000000
67306,Mario Gavranovic,10243,894,FC Zürich,FC Zürich,Switzerland,Switzerland Super League,2015/2016,1500000
177714,Mario Goetze,9823,21,FC Bayern Munich,FC Bayern Munich,Germany,Germany 1. Bundesliga,2015/2016,28000000
27326,Mario Gomez,8535,110374,Fiorentina,Fiorentina,Italy,Italy Serie A,2014/2015,10000000
134132,Mario Leitgeb,10190,898,FC St. Gallen,FC St. Gallen,Switzerland,Switzerland Super League,2015/2016,200000
421786,Mario Lemina,9885,45,Juventus,Juventus,Italy,Italy Serie A,2015/2016,8000000
35444,Mario Licka,177361,2000005,Termalica Bruk-Bet Nieciecza,Termalica Bruk-Bet Nieciecza,Poland,Poland Ekstraklasa,2015/2016,150000
114215,Mario Maloca,8030,111091,Lechia Gdańsk,Lechia Gdańsk,Poland,Poland Ekstraklasa,2015/2016,750000
75447,Mario Mandzukic,9885,45,Juventus,Juventus,Italy,Italy Serie A,2015/2016,18000000
102374,Mario Martinez,8613,1898,Boavista FC,Boavista FC,Portugal,Portugal Liga ZON Sagres,2015/2016,400000
45780,Mario Mutsch,10190,898,FC St. Gallen,FC St. Gallen,Switzerland,Switzerland Super League,2015/2016,400000
446266,Mario Pasalic,9829,69,AS Monaco,AS Monaco,France,France Ligue 1,2015/2016,4500000
491221,Mario Piccinocchi,7896,2000003,Lugano,Lugano,Switzerland,Switzerland Super League,2015/2016,750000
181362,Mario Rondon,10214,1891,CD Nacional,CD Nacional,Portugal,Portugal Liga ZON Sagres,2014/2015,550000
282731,Mario Rui,8534,1746,Empoli,Empoli,Italy,Italy Serie A,2015/2016,8000000
37631,Mario Suarez,9817,1795,Watford,Watford,England,England Premier League,2015/2016,8500000
114216,Mario Ticinovic,9994,2007,Sporting Lokeren,Sporting Lokeren,Belgium,Belgium Jupiler League,2015/2016,750000
36379,Mario Vrancic,8262,110502,SV Darmstadt 98,SV Darmstadt 98,Germany,Germany 1. Bundesliga,2015/2016,1000000
528347,Marion,7842,10020,Estoril Praia,Estoril Praia,Portugal,Portugal Liga ZON Sagres,2015/2016,750000
282420,Marios Oikonomou,9857,189,Bologna,Bologna,Italy,Italy Serie A,2015/2016,2500000
41667,Marius Stankevicius,9904,485,Hannover 96,Hannover 96,Germany,Germany 1. Bundesliga,2014/2015,200000
556029,Marius Wolf,9904,485,Hannover 96,Hannover 96,Germany,Germany 1. Bundesliga,2015/2016,350000
69533,Mariusz Magiera,8020,2000002,Polonia Bytom,Polonia Bytom,Poland,Poland Ekstraklasa,2015/2016,150000
13554,Mariusz Pawelec,8025,111092,Śląsk Wrocław,Śląsk Wrocław,Poland,Poland Ekstraklasa,2015/2016,250000
43313,Mariusz Pawelek,8025,111092,Śląsk Wrocław,Śląsk Wrocław,Poland,Poland Ekstraklasa,2015/2016,100000
115143,Mariusz Przybylski,8020,2000002,Polonia Bytom,Polonia Bytom,Poland,Poland Ekstraklasa,2015/2016,100000
294490,Mariusz Stepinski,1601,874,Ruch Chorzów,Ruch Chorzów,Poland,Poland Ekstraklasa,2015/2016,2000000
24579,Mark Bunn,10252,2,Aston Villa,Aston Villa,England,England Premier League,2015/2016,750000
194134,Mark Connolly,8597,82,Kilmarnock,Kilmarnock,Scotland,Scotland Premier League,2015/2016,250000
351898,Mark Diemers,8526,635,De Graafschap,De Graafschap,Netherlands,Netherlands Eredivisie,2015/2016,400000
190846,Mark Durnan,9938,181,Dundee United,Dundee United,Scotland,Scotland Premier League,2015/2016,300000
248152,Mark Engberink,9791,100634,Heracles Almelo,Heracles Almelo,Netherlands,Netherlands Eredivisie,2014/2015,75000
37169,Mark Noble,8654,19,West Ham United,West Ham United,England,England Premier League,2015/2016,7000000
171791,Mark O'Brien,9927,83,Motherwell,Motherwell,Scotland,Scotland Premier League,2014/2015,100000
384144,Mark O'Hara,8597,82,Kilmarnock,Kilmarnock,Scotland,Scotland Premier League,2015/2016,250000
32844,Mark Reynolds,8485,77,Aberdeen,Aberdeen,Scotland,Scotland Premier League,2015/2016,700000
115675,Mark Ridgers,9800,100805,St. Mirren,St. Mirren,Scotland,Scotland Premier League,2014/2015,150000
30633,Mark Schwarzer,8197,95,Leicester City,Leicester City,England,England Premier League,2014/2015,500000
212819,Mark Uth,8226,10029,TSG 1899 Hoffenheim,TSG 1899 Hoffenheim,Germany,Germany 1. Bundesliga,2015/2016,3000000
102622,Markel Bergara,8560,457,Real Sociedad,Real Sociedad,Spain,Spain LIGA BBVA,2015/2016,2500000
96619,Markel Susaeta,8315,448,Athletic Club de Bilbao,Athletic Club de Bilbao,Spain,Spain LIGA BBVA,2015/2016,10000000
26455,Mark-Jan Fledderus,9791,100634,Heracles Almelo,Heracles Almelo,Netherlands,Netherlands Eredivisie,2015/2016,700000
110148,Marko Arnautovic,10194,1806,Stoke City,Stoke City,England,England Premier League,2015/2016,12000000
358759,Marko Bakic,9807,1889,CF Os Belenenses,CF Os Belenenses,Portugal,Portugal Liga ZON Sagres,2015/2016,1500000
30563,Marko Basa,8639,65,LOSC Lille,LOSC Lille,France,France Ligue 1,2015/2016,1000000
173936,Marko Basic,9956,322,Grasshopper Club Zürich,Grasshopper Club Zürich,Switzerland,Switzerland Super League,2015/2016,1000000
206242,Marko Livaja,8534,1746,Empoli,Empoli,Italy,Italy Serie A,2015/2016,3000000
427161,Marko Maric,8030,111091,Lechia Gdańsk,Lechia Gdańsk,Poland,Poland Ekstraklasa,2015/2016,300000
71353,Marko Marin,8635,229,RSC Anderlecht,RSC Anderlecht,Belgium,Belgium Jupiler League,2014/2015,2500000
185152,Marko Miric,9994,2007,Sporting Lokeren,Sporting Lokeren,Belgium,Belgium Jupiler League,2015/2016,600000
425988,Marko Poletanovic,10000,15005,SV Zulte-Waregem,SV Zulte-Waregem,Belgium,Belgium Jupiler League,2015/2016,800000
213487,Marko Scepovic,274581,2000004,Royal Excel Mouscron,Royal Excel Mouscron,Belgium,Belgium Jupiler League,2015/2016,1200000
150119,Marko Vejinovic,10235,246,Feyenoord,Feyenoord,Netherlands,Netherlands Eredivisie,2015/2016,3000000
43008,Markus Berger,188163,2000006,Tondela,Tondela,Portugal,Portugal Liga ZON Sagres,2015/2016,350000
36035,Markus Feulner,8406,100409,FC Augsburg,FC Augsburg,Germany,Germany 1. Bundesliga,2015/2016,500000
157101,Markus Henriksen,10229,1906,AZ,AZ,Netherlands,Netherlands Eredivisie,2015/2016,5000000
32343,Markus Neumayr,10199,897,FC Luzern,FC Luzern,Switzerland,Switzerland Super League,2015/2016,750000
45254,Markus Suttner,8234,111239,FC Ingolstadt 04,FC Ingolstadt 04,Germany,Germany 1. Bundesliga,2015/2016,1500000
147877,Marley Watkins,8066,620,Inverness Caledonian Thistle,Inverness Caledonian Thistle,Scotland,Scotland Premier League,2014/2015,350000
667787,Marlon Frey,8178,32,Bayer 04 Leverkusen,Bayer 04 Leverkusen,Germany,Germany 1. Bundesliga,2015/2016,500000
170441,Marlon Pereira,7788,647,SC Cambuur,SC Cambuur,Netherlands,Netherlands Eredivisie,2015/2016,200000
571379,Marnon-Thomas Busch,8697,38,SV Werder Bremen,SV Werder Bremen,Germany,Germany 1. Bundesliga,2014/2015,325000
25537,Marouane Chamakh,9826,1799,Crystal Palace,Crystal Palace,England,England Premier League,2015/2016,2000000
39618,Marouane Fellaini,10260,11,Manchester United,Manchester United,England,England Premier League,2015/2016,15000000
128020,Marquinho,8600,55,Udinese,Udinese,Italy,Italy Serie A,2015/2016,1000000
267365,Marquinhos,9847,73,Paris Saint-Germain,Paris Saint-Germain,France,France Ligue 1,2015/2016,30000000
41582,Marquitos,8019,110565,Górnik Łęczna,Górnik Łęczna,Poland,Poland Ekstraklasa,2015/2016,1000000
189957,Mart Dijkstra,7788,647,SC Cambuur,SC Cambuur,Netherlands,Netherlands Eredivisie,2014/2015,350000
303994,Mart Lieder,6631,100626,FC Dordrecht,FC Dordrecht,Netherlands,Netherlands Eredivisie,2014/2015,200000
198559,Marten De Roon,8524,39,Atalanta,Atalanta,Italy,Italy Serie A,2015/2016,10000000
46203,Martijn Barto,7788,647,SC Cambuur,SC Cambuur,Netherlands,Netherlands Eredivisie,2015/2016,500000
38322,Martijn Monteyne,9803,1902,Roda JC Kerkrade,Roda JC Kerkrade,Netherlands,Netherlands Eredivisie,2015/2016,250000
110145,Martijn van der Laan,7788,647,SC Cambuur,SC Cambuur,Netherlands,Netherlands Eredivisie,2015/2016,350000
413155,Martin Angha,10190,898,FC St. Gallen,FC St. Gallen,Switzerland,Switzerland Super League,2015/2016,800000
139775,Martin Baran,1957,110745,Jagiellonia Białystok,Jagiellonia Białystok,Poland,Poland Ekstraklasa,2015/2016,200000
169865,Martin Braithwaite,9941,1809,Toulouse FC,Toulouse FC,France,France Ligue 1,2015/2016,6000000
309682,Martin Bukata,8028,111086,Piast Gliwice,Piast Gliwice,Poland,Poland Ekstraklasa,2015/2016,250000
96616,Martin Caceres,9885,45,Juventus,Juventus,Italy,Italy Serie A,2015/2016,5000000
17480,Martin Canning,8429,184,Hamilton Academical FC,Hamilton Academical FC,Scotland,Scotland Premier League,2015/2016,250000
30459,Martin Demichelis,8456,10,Manchester City,Manchester City,England,England Premier League,2015/2016,1000000
47532,Martin Hansen,10217,650,ADO Den Haag,ADO Den Haag,Netherlands,Netherlands Eredivisie,2015/2016,1500000
27234,Martin Harnik,10269,36,VfB Stuttgart,VfB Stuttgart,Germany,Germany 1. Bundesliga,2015/2016,2000000
195207,Martin Hinteregger,9788,23,Borussia Mönchengladbach,Borussia Mönchengladbach,Germany,Germany 1. Bundesliga,2015/2016,6000000
115068,Martin Juhar,177361,2000005,Termalica Bruk-Bet Nieciecza,Termalica Bruk-Bet Nieciecza,Poland,Poland Ekstraklasa,2015/2016,250000
154271,Martin Kelly,9826,1799,Crystal Palace,Crystal Palace,England,England Premier League,2015/2016,3500000
393287,Martin Konczkowski,1601,874,Ruch Chorzów,Ruch Chorzów,Poland,Poland Ekstraklasa,2015/2016,350000
38188,Martin Lanig,9810,1824,Eintracht Frankfurt,Eintracht Frankfurt,Germany,Germany 1. Bundesliga,2014/2015,600000
174054,Martin Milec,9803,1902,Roda JC Kerkrade,Roda JC Kerkrade,Netherlands,Netherlands Eredivisie,2015/2016,800000
213688,Martin Montoya,8603,449,Real Betis Balompié,Real Betis Balompié,Spain,Spain LIGA BBVA,2015/2016,3000000
89270,Martin Nespor,8028,111086,Piast Gliwice,Piast Gliwice,Poland,Poland Ekstraklasa,2015/2016,800000
25667,Martin Olsson,9850,1792,Norwich City,Norwich City,England,England Premier League,2015/2016,3500000
232143,Martin Polacek,8021,110749,Zagłębie Lubin,Zagłębie Lubin,Poland,Poland Ekstraklasa,2015/2016,250000
22764,Martin Skrtel,8650,9,Liverpool,Liverpool,England,England Premier League,2015/2016,8000000
40735,Martin Stranzl,9788,23,Borussia Mönchengladbach,Borussia Mönchengladbach,Germany,Germany 1. Bundesliga,2015/2016,1000000
24439,Martin Woods,8649,631,Ross County FC,Ross County FC,Scotland,Scotland Premier League,2015/2016,300000
106559,Martin Zeman,10179,110770,FC Sion,FC Sion,Switzerland,Switzerland Super League,2015/2016,1000000
541330,Marvelous Nakamba,8277,1909,Vitesse,Vitesse,Netherlands,Netherlands Eredivisie,2015/2016,2000000
269666,Marvin Bakalorz,8460,10030,SC Paderborn 07,SC Paderborn 07,Germany,Germany 1. Bundesliga,2014/2015,1000000
289883,Marvin Baudry,10000,15005,SV Zulte-Waregem,SV Zulte-Waregem,Belgium,Belgium Jupiler League,2015/2016,650000
343757,Marvin Ducksch,8460,10030,SC Paderborn 07,SC Paderborn 07,Germany,Germany 1. Bundesliga,2014/2015,500000
28108,Marvin Emnes,10003,1960,Swansea City,Swansea City,England,England Premier League,2015/2016,1000000
530858,Marvin Friedrich,10189,34,FC Schalke 04,FC Schalke 04,Germany,Germany 1. Bundesliga,2014/2015,1000000
306651,Marvin Johnson,9927,83,Motherwell,Motherwell,Scotland,Scotland Premier League,2015/2016,200000
147958,Marvin Martin,8639,65,LOSC Lille,LOSC Lille,France,France Ligue 1,2015/2016,1250000
27550,Marvin Matip,8234,111239,FC Ingolstadt 04,FC Ingolstadt 04,Germany,Germany 1. Bundesliga,2015/2016,1750000
180784,Marvin Peersman,7788,647,SC Cambuur,SC Cambuur,Netherlands,Netherlands Eredivisie,2015/2016,400000
229759,Marvin Plattenhardt,8177,166,Hertha BSC Berlin,Hertha BSC Berlin,Germany,Germany 1. Bundesliga,2015/2016,4000000
553555,Marvin Schulz,9788,23,Borussia Mönchengladbach,Borussia Mönchengladbach,Germany,Germany 1. Bundesliga,2015/2016,750000
181242,Marvin Sordell,8191,1796,Burnley,Burnley,England,England Premier League,2014/2015,400000
180236,Marvin Zeegelaar,9768,237,Sporting CP,Sporting CP,Portugal,Portugal Liga ZON Sagres,2015/2016,4000000
292461,Marwan Mohsen,9764,1888,Gil Vicente FC,Gil Vicente FC,Portugal,Portugal Liga ZON Sagres,2014/2015,600000
114737,Marwin Hitz,8406,100409,FC Augsburg,FC Augsburg,Germany,Germany 1. Bundesliga,2015/2016,4500000
240236,Massadio Haidara,10261,13,Newcastle United,Newcastle United,England,England Premier League,2015/2016,1500000
74382,Massimiliano Carlini,9891,111657,Frosinone,Frosinone,Italy,Italy Serie A,2015/2016,400000
150389,Massimo Coda,10167,50,Parma,Parma,Italy,Italy Serie A,2014/2015,1400000
33816,Massimo Gobbi,8533,192,Chievo Verona,Chievo Verona,Italy,Italy Serie A,2015/2016,200000
30284,Massimo Maccarone,8534,1746,Empoli,Empoli,Italy,Italy Serie A,2015/2016,500000
96646,Massimo Volta,9880,110915,Cesena,Cesena,Italy,Italy Serie A,2014/2015,1000000
41458,Massimo Zenildo Zappino,9891,111657,Frosinone,Frosinone,Italy,Italy Serie A,2015/2016,100000
108401,Mate Jajalo,8540,1843,Palermo,Palermo,Italy,Italy Serie A,2015/2016,1300000
239219,Mateo Kovacic,8633,243,Real Madrid CF,Real Madrid CF,Spain,Spain LIGA BBVA,2015/2016,20000000
113672,Mateo Pablo Musacchio,10205,483,Villarreal CF,Villarreal CF,Spain,Spain LIGA BBVA,2015/2016,15000000
114651,Mateus,158085,112513,FC Arouca,FC Arouca,Portugal,Portugal Liga ZON Sagres,2015/2016,750000
618737,Mateusz Abramowicz,8025,111092,Śląsk Wrocław,Śląsk Wrocław,Poland,Poland Ekstraklasa,2015/2016,100000
69004,Mateusz Bak,8030,111091,Lechia Gdańsk,Lechia Gdańsk,Poland,Poland Ekstraklasa,2014/2015,100000
92222,Mateusz Cetnarski,2186,110747,Cracovia,Cracovia,Poland,Poland Ekstraklasa,2015/2016,900000
433627,Mateusz Cichocki,1601,874,Ruch Chorzów,Ruch Chorzów,Poland,Poland Ekstraklasa,2015/2016,150000
208295,Mateusz Kupczak,177361,2000005,Termalica Bruk-Bet Nieciecza,Termalica Bruk-Bet Nieciecza,Poland,Poland Ekstraklasa,2015/2016,250000
275726,Mateusz Lewandowski,8023,110746,Pogoń Szczecin,Pogoń Szczecin,Poland,Poland Ekstraklasa,2015/2016,250000
155638,Mateusz Machaj,8025,111092,Śląsk Wrocław,Śląsk Wrocław,Poland,Poland Ekstraklasa,2015/2016,150000
275735,Mateusz Mak,8028,111086,Piast Gliwice,Piast Gliwice,Poland,Poland Ekstraklasa,2015/2016,600000
208388,Mateusz Matras,8023,110746,Pogoń Szczecin,Pogoń Szczecin,Poland,Poland Ekstraklasa,2015/2016,400000
186968,Mateusz Mozdzen,8033,111087,Podbeskidzie Bielsko-Biała,Podbeskidzie Bielsko-Biała,Poland,Poland Ekstraklasa,2015/2016,300000
173385,Mateusz Piatkowski,1957,110745,Jagiellonia Białystok,Jagiellonia Białystok,Poland,Poland Ekstraklasa,2014/2015,200000
248457,Mateusz Szczepaniak,8033,111087,Podbeskidzie Bielsko-Biała,Podbeskidzie Bielsko-Biała,Poland,Poland Ekstraklasa,2015/2016,500000
309869,Mateusz Szwoch,8673,1871,Legia Warszawa,Legia Warszawa,Poland,Poland Ekstraklasa,2014/2015,250000
502539,Mateusz Wdowiak,2186,110747,Cracovia,Cracovia,Poland,Poland Ekstraklasa,2015/2016,250000
555646,Mateusz Wieteska,8673,1871,Legia Warszawa,Legia Warszawa,Poland,Poland Ekstraklasa,2014/2015,125000
254289,Mateusz Zachara,8020,2000002,Polonia Bytom,Polonia Bytom,Poland,Poland Ekstraklasa,2014/2015,400000
13504,Mateusz Zytko,2186,110747,Cracovia,Cracovia,Poland,Poland Ekstraklasa,2014/2015,50000
323380,Matheus,7842,10020,Estoril Praia,Estoril Praia,Portugal,Portugal Liga ZON Sagres,2015/2016,750000
267008,Matheus Carvalho,9829,69,AS Monaco,AS Monaco,France,France Ligue 1,2014/2015,500000
320686,Matheus Doria,7878,110832,Granada CF,Granada CF,Spain,Spain LIGA BBVA,2015/2016,2500000
522651,Matheus Pereira,9768,237,Sporting CP,Sporting CP,Portugal,Portugal Liga ZON Sagres,2015/2016,2500000
305712,Matheuzinho,7842,10020,Estoril Praia,Estoril Praia,Portugal,Portugal Liga ZON Sagres,2015/2016,200000
185644,Mathew Ryan,10267,461,Valencia CF,Valencia CF,Spain,Spain LIGA BBVA,2015/2016,4000000
244278,Mathias Gehrt,10217,650,ADO Den Haag,ADO Den Haag,Netherlands,Netherlands Eredivisie,2014/2015,300000
215931,Mathias Pogba,8426,1754,Partick Thistle F.C.,Partick Thistle F.C.,Scotland,Scotland Premier League,2015/2016,125000
365244,Mathias Schils,9997,680,Sint-Truidense VV,Sint-Truidense VV,Belgium,Belgium Jupiler League,2015/2016,350000
26155,Mathieu Bodmer,9831,72,OGC Nice,OGC Nice,France,France Ligue 1,2015/2016,1000000
40685,Mathieu Coutadeur,8689,217,FC Lorient,FC Lorient,France,France Ligue 1,2014/2015,600000
26154,Mathieu Debuchy,9827,59,Girondins de Bordeaux,Girondins de Bordeaux,France,France Ligue 1,2015/2016,7500000
229855,Mathieu Deplagne,10249,70,Montpellier Hérault SC,Montpellier Hérault SC,France,France Ligue 1,2015/2016,1500000
111787,Mathieu Dossevi,9985,232,Standard de Liège,Standard de Liège,Belgium,Belgium Jupiler League,2015/2016,4500000
94324,Mathieu Dreyer,10242,294,ES Troyes AC,ES Troyes AC,France,France Ligue 1,2015/2016,400000
210466,Mathieu Duhamel,4087,111271,Évian Thonon Gaillard FC,Évian Thonon Gaillard FC,France,France Ligue 1,2014/2015,1000000
23688,Mathieu Flamini,9825,1,Arsenal,Arsenal,England,England Premier League,2015/2016,3000000
186811,Mathieu Gorgelin,9748,66,Olympique Lyonnais,Olympique Lyonnais,France,France Ligue 1,2015/2016,400000
497572,Mathieu Maertens,9984,1750,KSV Cercle Brugge,KSV Cercle Brugge,Belgium,Belgium Jupiler League,2014/2015,600000
156716,Mathieu Philippe Peybernes,7794,58,SC Bastia,SC Bastia,France,France Ligue 1,2015/2016,1500000
40060,Mathieu Valbuena,9748,66,Olympique Lyonnais,Olympique Lyonnais,France,France Ligue 1,2015/2016,3500000
34035,Matias Emilio Delgado,9931,896,FC Basel,FC Basel,Switzerland,Switzerland Super League,2015/2016,750000
182765,Matias Ezequiel Schelotto,9768,237,Sporting CP,Sporting CP,Portugal,Portugal Liga ZON Sagres,2015/2016,4000000
47373,Matias Fernandez,8535,110374,Fiorentina,Fiorentina,Italy,Italy Serie A,2015/2016,6000000
412762,Matias Kranevitter,9906,240,Atlético Madrid,Atlético Madrid,Spain,Spain LIGA BBVA,2015/2016,6000000
429986,Matias Malvino,7896,2000003,Lugano,Lugano,Switzerland,Switzerland Super League,2015/2016,850000
517941,Matias Nahuel Leiva,10205,483,Villarreal CF,Villarreal CF,Spain,Spain LIGA BBVA,2015/2016,4000000
18823,Matias Silvestre,9882,1837,Sampdoria,Sampdoria,Italy,Italy Serie A,2015/2016,2000000
46552,Matias Suarez,8635,229,RSC Anderlecht,RSC Anderlecht,Belgium,Belgium Jupiler League,2015/2016,2500000
206322,Matias Vecino,8535,110374,Fiorentina,Fiorentina,Italy,Italy Serie A,2015/2016,12000000
67332,Matias Vitkieviez,10192,900,BSC Young Boys,BSC Young Boys,Switzerland,Switzerland Super League,2014/2015,250000
213485,Matija Nastasic,10189,34,FC Schalke 04,FC Schalke 04,Germany,Germany 1. Bundesliga,2015/2016,12000000
196172,Matija Sirok,1957,110745,Jagiellonia Białystok,Jagiellonia Białystok,Poland,Poland Ekstraklasa,2015/2016,300000
36388,Mats Hummels,9789,22,Borussia Dortmund,Borussia Dortmund,Germany,Germany 1. Bundesliga,2015/2016,38000000
214123,Mats Moeller Daehli,8358,25,SC Freiburg,SC Freiburg,Germany,Germany 1. Bundesliga,2014/2015,750000
178283,Mats Rits,8203,110724,KV Mechelen,KV Mechelen,Belgium,Belgium Jupiler League,2015/2016,900000
279116,Mats Seuntjes,9761,1904,NAC Breda,NAC Breda,Netherlands,Netherlands Eredivisie,2014/2015,750000
478357,Matt Grimes,10003,1960,Swansea City,Swansea City,England,England Premier League,2015/2016,2000000
23538,Matt Jarvis,9850,1792,Norwich City,Norwich City,England,England Premier League,2015/2016,3000000
458324,Matt Miazga,8455,5,Chelsea,Chelsea,England,England Premier League,2015/2016,2500000
155913,Matt Ritchie,8678,1943,Bournemouth,Bournemouth,England,England Premier League,2015/2016,8000000
538112,Matt Targett,8466,17,Southampton,Southampton,England,England Premier League,2015/2016,3000000
279820,Matteo Bianchetti,9876,206,Hellas Verona,Hellas Verona,Italy,Italy Serie A,2015/2016,900000
39376,Matteo Brighi,9857,189,Bologna,Bologna,Italy,Italy Serie A,2015/2016,400000
182715,Matteo Ciofani,9891,111657,Frosinone,Frosinone,Italy,Italy Serie A,2015/2016,800000
46820,Matteo Darmian,10260,11,Manchester United,Manchester United,England,England Premier League,2015/2016,15000000
448321,Matteo Fedele,208931,112409,Carpi,Carpi,Italy,Italy Serie A,2015/2016,450000
415113,Matteo Mancosu,208931,112409,Carpi,Carpi,Italy,Italy Serie A,2015/2016,850000
415539,Matteo Politano,7943,111974,Sassuolo,Sassuolo,Italy,Italy Serie A,2015/2016,5000000
140490,Matteo Tosetti,7896,2000003,Lugano,Lugano,Switzerland,Switzerland Super League,2015/2016,600000
173408,Matthew James,8197,95,Leicester City,Leicester City,England,England Premier League,2014/2015,1500000
185014,Matthew Leckie,8234,111239,FC Ingolstadt 04,FC Ingolstadt 04,Germany,Germany 1. Bundesliga,2015/2016,2000000
183715,Matthew Lowton,10252,2,Aston Villa,Aston Villa,England,England Premier League,2014/2015,1500000
127133,Matthew Phillips,10172,15,Queens Park Rangers,Queens Park Rangers,England,England Premier League,2014/2015,6000000
303999,Matthew Steenvoorden,6631,100626,FC Dordrecht,FC Dordrecht,Netherlands,Netherlands Eredivisie,2014/2015,250000
24372,Matthew Taylor,8191,1796,Burnley,Burnley,England,England Premier League,2014/2015,250000
23818,Matthew Upson,8197,95,Leicester City,Leicester City,England,England Premier League,2014/2015,250000
303912,Matthias Ginter,9789,22,Borussia Dortmund,Borussia Dortmund,Germany,Germany 1. Bundesliga,2015/2016,12000000
36086,Matthias Lehmann,8722,31,1. FC Köln,1. FC Köln,Germany,Germany 1. Bundesliga,2015/2016,750000
240348,Matthias Ostrzolek,9790,28,Hamburger SV,Hamburger SV,Germany,Germany 1. Bundesliga,2015/2016,2250000
182893,Matthias Zimmermann,10269,36,VfB Stuttgart,VfB Stuttgart,Germany,Germany 1. Bundesliga,2015/2016,300000
154228,Matthieu Saunier,10242,294,ES Troyes AC,ES Troyes AC,France,France Ligue 1,2015/2016,1000000
178142,Mattia Bottani,7896,2000003,Lugano,Lugano,Switzerland,Switzerland Super League,2015/2016,750000
39422,Mattia Cassani,9882,1837,Sampdoria,Sampdoria,Italy,Italy Serie A,2015/2016,400000
288613,Mattia De Sciglio,8564,47,Milan,Milan,Italy,Italy Serie A,2015/2016,6000000
154249,Mattia Destro,9857,189,Bologna,Bologna,Italy,Italy Serie A,2015/2016,11000000
181910,Mattia Perin,10233,110556,Genoa,Genoa,Italy,Italy Serie A,2015/2016,17500000
244809,Mattia Valoti,9876,206,Hellas Verona,Hellas Verona,Italy,Italy Serie A,2014/2015,1000000
192316,Mattias Autret,8689,217,FC Lorient,FC Lorient,France,France Ligue 1,2014/2015,1000000
186880,Mattias Johansson,10229,1906,AZ,AZ,Netherlands,Netherlands Eredivisie,2015/2016,2000000
72489,Matus Putnocky,1601,874,Ruch Chorzów,Ruch Chorzów,Poland,Poland Ekstraklasa,2015/2016,400000
181069,Matz Sels,9991,674,KAA Gent,KAA Gent,Belgium,Belgium Jupiler League,2015/2016,6500000
239958,Maurice Brunner,10243,894,FC Zürich,FC Zürich,Switzerland,Switzerland Super League,2014/2015,250000
570956,Maurice Hirsch,9904,485,Hannover 96,Hannover 96,Germany,Germany 1. Bundesliga,2014/2015,250000
128036,Mauricio,8543,46,Lazio,Lazio,Italy,Italy Serie A,2015/2016,2000000
566389,Mauricio Antonio,10212,1893,CS Marítimo,CS Marítimo,Portugal,Portugal Liga ZON Sagres,2015/2016,800000
346379,Mauricio Cuero,8581,1853,Levante UD,Levante UD,Spain,Spain LIGA BBVA,2015/2016,1800000
109298,Mauricio Isla,8592,219,Olympique de Marseille,Olympique de Marseille,France,France Ligue 1,2015/2016,6000000
35575,Mauricio Pinilla,8524,39,Atalanta,Atalanta,Italy,Italy Serie A,2015/2016,1500000
320614,Maurides,158085,112513,FC Arouca,FC Arouca,Portugal,Portugal Liga ZON Sagres,2015/2016,850000
41318,Maurizio Domizzi,8600,55,Udinese,Udinese,Italy,Italy Serie A,2015/2016,100000
42429,Maurizio Pugliesi,8534,1746,Empoli,Empoli,Italy,Italy Serie A,2015/2016,25000
263260,Mauro,10264,1896,SC Braga,SC Braga,Portugal,Portugal Liga ZON Sagres,2015/2016,1500000
625340,Mauro Arambarri,9827,59,Girondins de Bordeaux,Girondins de Bordeaux,France,France Ligue 1,2015/2016,1500000
301167,Mauro Caballero,9824,286,FC Vaduz,FC Vaduz,Switzerland,Switzerland Super League,2015/2016,200000
667953,Mauro Cerqueira,10214,1891,CD Nacional,CD Nacional,Portugal,Portugal Liga ZON Sagres,2015/2016,100000
113311,Mauro Dos Santos,8372,467,SD Eibar,SD Eibar,Spain,Spain LIGA BBVA,2015/2016,4000000
206711,Mauro Goicoechea,9941,1809,Toulouse FC,Toulouse FC,France,France Ligue 1,2015/2016,1000000
282770,Mauro Icardi,8636,44,Inter,Inter,Italy,Italy Serie A,2015/2016,40000000
18506,Mauro Zarate,8535,110374,Fiorentina,Fiorentina,Italy,Italy Serie A,2015/2016,3000000
209296,Mavroudis Bougaidis,8030,111091,Lechia Gdańsk,Lechia Gdańsk,Poland,Poland Ekstraklasa,2014/2015,300000
193178,Mawouna Amevor,6433,100632,Go Ahead Eagles,Go Ahead Eagles,Netherlands,Netherlands Eredivisie,2014/2015,200000
531014,Max Christiansen,8234,111239,FC Ingolstadt 04,FC Ingolstadt 04,Germany,Germany 1. Bundesliga,2015/2016,2500000
27376,Max Gruen,8721,175,VfL Wolfsburg,VfL Wolfsburg,Germany,Germany 1. Bundesliga,2014/2015,400000
58346,Max Kruse,8721,175,VfL Wolfsburg,VfL Wolfsburg,Germany,Germany 1. Bundesliga,2015/2016,8000000
425963,Max Meyer,10189,34,FC Schalke 04,FC Schalke 04,Germany,Germany 1. Bundesliga,2015/2016,16000000
46349,Max-Alain Gradel,8678,1943,Bournemouth,Bournemouth,England,England Premier League,2015/2016,9000000
33640,Maxi Lopez,9804,54,Torino,Torino,Italy,Italy Serie A,2015/2016,1000000
29587,Maxi Moralez,8524,39,Atalanta,Atalanta,Italy,Italy Serie A,2015/2016,3000000
38323,Maxime Annys,10001,681,KVC Westerlo,KVC Westerlo,Belgium,Belgium Jupiler League,2015/2016,400000
46645,Maxime Baca,9747,62,En Avant de Guingamp,En Avant de Guingamp,France,France Ligue 1,2015/2016,500000
179415,Maxime Barthelme,8689,217,FC Lorient,FC Lorient,France,France Ligue 1,2015/2016,1250000
156693,Maxime Chanot,8571,100081,KV Kortrijk,KV Kortrijk,Belgium,Belgium Jupiler League,2015/2016,1000000
210389,Maxime Colin,8635,229,RSC Anderlecht,RSC Anderlecht,Belgium,Belgium Jupiler League,2014/2015,1500000
520450,Maxime Dominguez,10243,894,FC Zürich,FC Zürich,Switzerland,Switzerland Super League,2015/2016,400000
263511,Maxime Dupe,9830,71,FC Nantes,FC Nantes,France,France Ligue 1,2015/2016,600000
182923,Maxime Gonalons,9748,66,Olympique Lyonnais,Olympique Lyonnais,France,France Ligue 1,2015/2016,15000000
173952,Maxime Le Marchand,9831,72,OGC Nice,OGC Nice,France,France Ligue 1,2015/2016,2250000
166575,Maxime Lestienne,8640,247,PSV,PSV,Netherlands,Netherlands Eredivisie,2015/2016,5000000
352833,Maxime Poundje,9827,59,Girondins de Bordeaux,Girondins de Bordeaux,France,France Ligue 1,2015/2016,1500000
562685,Maxime Spano,9941,1809,Toulouse FC,Toulouse FC,France,France Ligue 1,2014/2015,300000
298915,Maximilian Arnold,8721,175,VfL Wolfsburg,VfL Wolfsburg,Germany,Germany 1. Bundesliga,2015/2016,12000000
602523,Maximilian Eggestein,8697,38,SV Werder Bremen,SV Werder Bremen,Germany,Germany 1. Bundesliga,2015/2016,500000
614384,Maximilian Mittelstaedt,8177,166,Hertha BSC Berlin,Hertha BSC Berlin,Germany,Germany 1. Bundesliga,2015/2016,500000
532738,Maximilian Philipp,8358,25,SC Freiburg,SC Freiburg,Germany,Germany 1. Bundesliga,2014/2015,4000000
57071,Maximiliano Pereira,9773,236,FC Porto,FC Porto,Portugal,Portugal Liga ZON Sagres,2015/2016,5500000
34304,Maxwell,9847,73,Paris Saint-Germain,Paris Saint-Germain,France,France Ligue 1,2015/2016,1000000
179365,May Mahlangu,9997,680,Sint-Truidense VV,Sint-Truidense VV,Belgium,Belgium Jupiler League,2015/2016,700000
72665,Maya Yoshida,8466,17,Southampton,Southampton,England,England Premier League,2015/2016,4000000
111865,Maynor Figueroa,8667,1952,Hull City,Hull City,England,England Premier League,2014/2015,900000
512734,Mbaye Diagne,10001,681,KVC Westerlo,KVC Westerlo,Belgium,Belgium Jupiler League,2014/2015,1000000
46335,Mbaye Leye,10000,15005,SV Zulte-Waregem,SV Zulte-Waregem,Belgium,Belgium Jupiler League,2015/2016,600000
46241,Mbaye Niang,8564,47,Milan,Milan,Italy,Italy Serie A,2015/2016,15000000
40428,McDonald Mariga,10167,50,Parma,Parma,Italy,Italy Serie A,2014/2015,400000
301234,Mehdi Abeid,10261,13,Newcastle United,Newcastle United,England,England Premier League,2014/2015,1750000
46875,Mehdi Benatia,9823,21,FC Bayern Munich,FC Bayern Munich,Germany,Germany 1. Bundesliga,2015/2016,16000000
148335,Mehdi Carcela-Gonzalez,9772,234,SL Benfica,SL Benfica,Portugal,Portugal Liga ZON Sagres,2015/2016,5000000
32999,Mehdi Lacen,8305,1860,Getafe CF,Getafe CF,Spain,Spain LIGA BBVA,2015/2016,1800000
143757,Mehdi Mostefa,7794,58,SC Bastia,SC Bastia,France,France Ligue 1,2015/2016,500000
203940,Mehdi Terki,9994,2007,Sporting Lokeren,Sporting Lokeren,Belgium,Belgium Jupiler League,2015/2016,350000
303358,Mehdi Zeffane,9851,74,Stade Rennais FC,Stade Rennais FC,France,France Ligue 1,2015/2016,1250000
315058,Melker Hallberg,8600,55,Udinese,Udinese,Italy,Italy Serie A,2014/2015,650000
493160,Melvyn Lorenzen,8697,38,SV Werder Bremen,SV Werder Bremen,Germany,Germany 1. Bundesliga,2015/2016,400000
303824,Memphis Depay,10260,11,Manchester United,Manchester United,England,England Premier League,2015/2016,25000000
287645,Menno Heerkes,9791,100634,Heracles Almelo,Heracles Almelo,Netherlands,Netherlands Eredivisie,2015/2016,125000
352402,Menno Koch,9761,1904,NAC Breda,NAC Breda,Netherlands,Netherlands Eredivisie,2014/2015,350000
9079,Mensur Mujdza,8358,25,SC Freiburg,SC Freiburg,Germany,Germany 1. Bundesliga,2014/2015,700000
291106,Mergim Brahimi,9956,322,Grasshopper Club Zürich,Grasshopper Club Zürich,Switzerland,Switzerland Super League,2015/2016,500000
28435,Mergim Mavraj,8722,31,1. FC Köln,1. FC Köln,Germany,Germany 1. Bundesliga,2015/2016,1750000
305248,Merveille Goblet,8475,110913,Waasland-Beveren,Waasland-Beveren,Belgium,Belgium Jupiler League,2015/2016,600000
36378,Mesut Oezil,9825,1,Arsenal,Arsenal,England,England Premier League,2015/2016,50000000
26374,Mevlut Erdinc,9747,62,En Avant de Guingamp,En Avant de Guingamp,France,France Ligue 1,2015/2016,3000000
191788,Mexer,9851,74,Stade Rennais FC,Stade Rennais FC,France,France Ligue 1,2015/2016,5000000
24208,Micah Richards,10252,2,Aston Villa,Aston Villa,England,England Premier League,2015/2016,4500000
34944,Michael Carrick,10260,11,Manchester United,Manchester United,England,England Premier League,2015/2016,3000000
40001,Michael Ciani,8558,452,RCD Espanyol,RCD Espanyol,Spain,Spain LIGA BBVA,2015/2016,500000
37117,Michael Cordier,10001,681,KVC Westerlo,KVC Westerlo,Belgium,Belgium Jupiler League,2014/2015,250000
24531,Michael Dawson,8667,1952,Hull City,Hull City,England,England Premier League,2014/2015,3500000
179239,Michael de Leeuw,8674,1915,FC Groningen,FC Groningen,Netherlands,Netherlands Eredivisie,2015/2016,1500000
241424,Michael Devlin,8429,184,Hamilton Academical FC,Hamilton Academical FC,Scotland,Scotland Premier League,2015/2016,300000
641045,Michael Eisenring,10190,898,FC St. Gallen,FC St. Gallen,Switzerland,Switzerland Super League,2015/2016,250000
30675,Michael Essien,8564,47,Milan,Milan,Italy,Italy Serie A,2014/2015,800000
304860,Michael Frey,10199,897,FC Luzern,FC Luzern,Switzerland,Switzerland Super League,2015/2016,2500000
35398,Michael Gardyne,8649,631,Ross County FC,Ross County FC,Scotland,Scotland Premier League,2015/2016,375000
198316,Michael Gregoritsch,9790,28,Hamburger SV,Hamburger SV,Germany,Germany 1. Bundesliga,2015/2016,3500000
464500,Michael Heinloth,8460,10030,SC Paderborn 07,SC Paderborn 07,Germany,Germany 1. Bundesliga,2014/2015,450000
424128,Michael Heylen,8635,229,RSC Anderlecht,RSC Anderlecht,Belgium,Belgium Jupiler League,2015/2016,1200000
354485,Michael Jordan N'Kololo,7819,210,SM Caen,SM Caen,France,France Ligue 1,2015/2016,700000
290410,Michael Keane,8191,1796,Burnley,Burnley,England,England Premier League,2014/2015,8000000
662818,Michael Kempter,10243,894,FC Zürich,FC Zürich,Switzerland,Switzerland Super League,2015/2016,150000
32148,Michael Kightly,8191,1796,Burnley,Burnley,England,England Premier League,2014/2015,1500000
39215,Michael Krohn-Dehli,8302,481,Sevilla FC,Sevilla FC,Spain,Spain LIGA BBVA,2015/2016,3500000
280046,Michael Lallemand,8571,100081,KV Kortrijk,KV Kortrijk,Belgium,Belgium Jupiler League,2015/2016,300000
95216,Michael Lang,9931,896,FC Basel,FC Basel,Switzerland,Switzerland Super League,2015/2016,4500000
41066,Michael McGovern,8429,184,Hamilton Academical FC,Hamilton Academical FC,Scotland,Scotland Premier League,2015/2016,500000
282253,Michael O'Halloran,8467,100804,St. Johnstone FC,St. Johnstone FC,Scotland,Scotland Premier League,2015/2016,500000
371538,Michael Olaitan,8571,100081,KV Kortrijk,KV Kortrijk,Belgium,Belgium Jupiler League,2015/2016,500000
67302,Michael Perrier,10179,110770,FC Sion,FC Sion,Switzerland,Switzerland Super League,2014/2015,250000
112981,Michael Siegfried,10191,1715,FC Thun,FC Thun,Switzerland,Switzerland Super League,2015/2016,750000
193410,Michael Uchebo,8613,1898,Boavista FC,Boavista FC,Portugal,Portugal Liga ZON Sagres,2015/2016,350000
158545,Michail Antonio,8654,19,West Ham United,West Ham United,England,England Premier League,2015/2016,13000000
138159,Michal Buchalik,10265,1873,Wisła Kraków,Wisła Kraków,Poland,Poland Ekstraklasa,2014/2015,100000
190801,Michal Chrapek,8030,111091,Lechia Gdańsk,Lechia Gdańsk,Poland,Poland Ekstraklasa,2015/2016,550000
277936,Michal Efir,1601,874,Ruch Chorzów,Ruch Chorzów,Poland,Poland Ekstraklasa,2015/2016,100000
488960,Michal Helik,1601,874,Ruch Chorzów,Ruch Chorzów,Poland,Poland Ekstraklasa,2014/2015,150000
147616,Michal Janota,8020,2000002,Polonia Bytom,Polonia Bytom,Poland,Poland Ekstraklasa,2015/2016,150000
463810,Michal Koj,1601,874,Ruch Chorzów,Ruch Chorzów,Poland,Poland Ekstraklasa,2015/2016,250000
206792,Michal Kucharczyk,8673,1871,Legia Warszawa,Legia Warszawa,Poland,Poland Ekstraklasa,2015/2016,1200000
208813,Michal Mak,8030,111091,Lechia Gdańsk,Lechia Gdańsk,Poland,Poland Ekstraklasa,2015/2016,600000
275763,Michal Markowski,177361,2000005,Termalica Bruk-Bet Nieciecza,Termalica Bruk-Bet Nieciecza,Poland,Poland Ekstraklasa,2015/2016,325000
309348,Michal Maslowski,8673,1871,Legia Warszawa,Legia Warszawa,Poland,Poland Ekstraklasa,2015/2016,300000
181654,Michal Miskiewicz,10265,1873,Wisła Kraków,Wisła Kraków,Poland,Poland Ekstraklasa,2015/2016,200000
114816,Michal Pazdan,8673,1871,Legia Warszawa,Legia Warszawa,Poland,Poland Ekstraklasa,2015/2016,3000000
490184,Michal Przybyla,8245,111083,Korona Kielce,Korona Kielce,Poland,Poland Ekstraklasa,2015/2016,150000
252672,Michal Szromnik,9938,181,Dundee United,Dundee United,Scotland,Scotland Premier League,2015/2016,150000
505035,Michal Walski,8023,110746,Pogoń Szczecin,Pogoń Szczecin,Poland,Poland Ekstraklasa,2015/2016,150000
189111,Michal Zyro,8673,1871,Legia Warszawa,Legia Warszawa,Poland,Poland Ekstraklasa,2015/2016,1000000
166111,Michel Herrero,10267,461,Valencia CF,Valencia CF,Spain,Spain LIGA BBVA,2014/2015,700000
92532,Michel Morganella,8540,1843,Palermo,Palermo,Italy,Italy Serie A,2015/2016,1000000
37193,Michel Vorm,8586,18,Tottenham Hotspur,Tottenham Hotspur,England,England Premier League,2015/2016,5000000
97502,Michelangelo Albertazzi,9876,206,Hellas Verona,Hellas Verona,Italy,Italy Serie A,2015/2016,400000
239213,Michele Camporese,8534,1746,Empoli,Empoli,Italy,Italy Serie A,2015/2016,400000
8777,Michele Polverino,9824,286,FC Vaduz,FC Vaduz,Switzerland,Switzerland Super League,2014/2015,300000
45898,Michiel Hemmen,7788,647,SC Cambuur,SC Cambuur,Netherlands,Netherlands Eredivisie,2014/2015,250000
208985,Michiel Jonckheere,8573,682,KV Oostende,KV Oostende,Belgium,Belgium Jupiler League,2015/2016,1000000
110161,Michiel Kramer,10235,246,Feyenoord,Feyenoord,Netherlands,Netherlands Eredivisie,2015/2016,3000000
118528,Michu,10003,1960,Swansea City,Swansea City,England,England Premier League,2014/2015,1000000
248689,Michy Batshuayi,8592,219,Olympique de Marseille,Olympique de Marseille,France,France Ligue 1,2015/2016,25000000
28199,Mickael Antoine-Curier,8429,184,Hamilton Academical FC,Hamilton Academical FC,Scotland,Scotland Premier League,2014/2015,100000
120082,Mickael Facchinetti,10190,898,FC St. Gallen,FC St. Gallen,Switzerland,Switzerland Super League,2015/2016,700000
200509,Mickael Le Bihan,9831,72,OGC Nice,OGC Nice,France,France Ligue 1,2015/2016,1500000
46448,Mickael Tacalfred,9837,379,Stade de Reims,Stade de Reims,France,France Ligue 1,2015/2016,250000
522673,Mickael Tirpan,274581,2000004,Royal Excel Mouscron,Royal Excel Mouscron,Belgium,Belgium Jupiler League,2015/2016,300000
352365,Mickey van der Hart,6413,1914,PEC Zwolle,PEC Zwolle,Netherlands,Netherlands Eredivisie,2015/2016,800000
73977,Migjen Basha,10199,897,FC Luzern,FC Luzern,Switzerland,Switzerland Super League,2015/2016,700000
33845,Miguel Angel Moya,9906,240,Atlético Madrid,Atlético Madrid,Spain,Spain LIGA BBVA,2014/2015,4000000
114769,Miguel Britos,9817,1795,Watford,Watford,England,England Premier League,2015/2016,3500000
673749,Miguel Cardoso,6367,2000001,Uniao da Madeira,Uniao da Madeira,Portugal,Portugal Liga ZON Sagres,2015/2016,300000
11840,Miguel Fidalgo,6367,2000001,Uniao da Madeira,Uniao da Madeira,Portugal,Portugal Liga ZON Sagres,2015/2016,150000
71724,Miguel Layun,9773,236,FC Porto,FC Porto,Portugal,Portugal Liga ZON Sagres,2015/2016,10000000
150080,Miguel Lopes,7878,110832,Granada CF,Granada CF,Spain,Spain LIGA BBVA,2015/2016,3000000
240935,Miguel Lourenco,10238,665,Vitória Setúbal,Vitória Setúbal,Portugal,Portugal Liga ZON Sagres,2015/2016,250000
164120,Miguel Oliveira,158085,112513,FC Arouca,FC Arouca,Portugal,Portugal Liga ZON Sagres,2014/2015,150000
38449,Miguel Pallardo,9860,80,Heart of Midlothian,Heart of Midlothian,Scotland,Scotland Premier League,2015/2016,500000
45359,Miguel Pedro,10238,665,Vitória Setúbal,Vitória Setúbal,Portugal,Portugal Liga ZON Sagres,2014/2015,350000
317580,Miguel Rodrigues,10214,1891,CD Nacional,CD Nacional,Portugal,Portugal Liga ZON Sagres,2015/2016,600000
164128,Miguel Rosa,9807,1889,CF Os Belenenses,CF Os Belenenses,Portugal,Portugal Liga ZON Sagres,2015/2016,2750000
571298,Miguel Silva,7844,1887,Vitória Guimarães,Vitória Guimarães,Portugal,Portugal Liga ZON Sagres,2015/2016,2500000
41470,Miguel Torres,9864,573,Málaga CF,Málaga CF,Spain,Spain LIGA BBVA,2015/2016,2000000
470361,Miguel Vieira,6403,1892,FC Paços de Ferreira,FC Paços de Ferreira,Portugal,Portugal Liga ZON Sagres,2015/2016,500000
196957,Mihai Alexandru Roman,8464,1910,N.E.C.,N.E.C.,Netherlands,Netherlands Eredivisie,2015/2016,750000
177716,Mihail Aleksandrov,8673,1871,Legia Warszawa,Legia Warszawa,Poland,Poland Ekstraklasa,2015/2016,600000
80229,Miiko Albornoz,9904,485,Hannover 96,Hannover 96,Germany,Germany 1. Bundesliga,2015/2016,1500000
448859,Mijat Gacinovic,9810,1824,Eintracht Frankfurt,Eintracht Frankfurt,Germany,Germany 1. Bundesliga,2015/2016,1500000
25791,Mijat Maric,9994,2007,Sporting Lokeren,Sporting Lokeren,Belgium,Belgium Jupiler League,2015/2016,700000
208348,Mijusko Bojovic,8475,110913,Waasland-Beveren,Waasland-Beveren,Belgium,Belgium Jupiler League,2014/2015,250000
194632,Mika,8613,1898,Boavista FC,Boavista FC,Portugal,Portugal Liga ZON Sagres,2015/2016,2000000
31701,Mikael Lustig,9925,78,Celtic,Celtic,Scotland,Scotland Premier League,2015/2016,3500000
37042,Mike Frantz,8358,25,SC Freiburg,SC Freiburg,Germany,Germany 1. Bundesliga,2014/2015,1750000
20645,Mike Havenaar,10217,650,ADO Den Haag,ADO Den Haag,Netherlands,Netherlands Eredivisie,2015/2016,2500000
451980,Mike Kleiber,10243,894,FC Zürich,FC Zürich,Switzerland,Switzerland Super League,2014/2015,100000
466439,Mike Maignan,8639,65,LOSC Lille,LOSC Lille,France,France Ligue 1,2015/2016,800000
213167,Mike Te Wierik,9791,100634,Heracles Almelo,Heracles Almelo,Netherlands,Netherlands Eredivisie,2015/2016,1000000
264860,Mike van der Hoorn,8593,245,Ajax,Ajax,Netherlands,Netherlands Eredivisie,2015/2016,2500000
259375,Mike van Duinen,9803,1902,Roda JC Kerkrade,Roda JC Kerkrade,Netherlands,Netherlands Eredivisie,2015/2016,800000
24899,Mike Williamson,10261,13,Newcastle United,Newcastle United,England,England Premier League,2014/2015,750000
310199,Mikel Agu,8342,231,Club Brugge KV,Club Brugge KV,Belgium,Belgium Jupiler League,2015/2016,1000000
75616,Mikel Arruabarrena,8372,467,SD Eibar,SD Eibar,Spain,Spain LIGA BBVA,2014/2015,400000
24011,Mikel Arteta,9825,1,Arsenal,Arsenal,England,England Premier League,2014/2015,2000000
154938,Mikel Balenziaga,8315,448,Athletic Club de Bilbao,Athletic Club de Bilbao,Spain,Spain LIGA BBVA,2015/2016,5000000
33960,Mikel Gonzalez,8560,457,Real Sociedad,Real Sociedad,Spain,Spain LIGA BBVA,2015/2016,2000000
678234,Mikel Oiarzabal,8560,457,Real Sociedad,Real Sociedad,Spain,Spain LIGA BBVA,2015/2016,8000000
43375,Mikel Rico,8315,448,Athletic Club de Bilbao,Athletic Club de Bilbao,Spain,Spain LIGA BBVA,2015/2016,3500000
38559,Mikel Saizar,7869,1867,Córdoba CF,Córdoba CF,Spain,Spain LIGA BBVA,2014/2015,250000
182224,Mikel San Jose,8315,448,Athletic Club de Bilbao,Athletic Club de Bilbao,Spain,Spain LIGA BBVA,2015/2016,10000000
179218,Mikhail Rosheuvel,7788,647,SC Cambuur,SC Cambuur,Netherlands,Netherlands Eredivisie,2015/2016,500000
150770,Miku,8370,480,Rayo Vallecano,Rayo Vallecano,Spain,Spain LIGA BBVA,2015/2016,2500000
141699,Milan Badelj,8535,110374,Fiorentina,Fiorentina,Italy,Italy Serie A,2015/2016,10000000
40016,Milan Bisevac,8543,46,Lazio,Lazio,Italy,Italy Serie A,2015/2016,1000000
108381,Milan Djuric,9880,110915,Cesena,Cesena,Italy,Italy Serie A,2014/2015,1000000
504033,Milan Gajic,9827,59,Girondins de Bordeaux,Girondins de Bordeaux,France,France Ligue 1,2015/2016,1250000
119702,Milan Gajic,10192,900,BSC Young Boys,BSC Young Boys,Switzerland,Switzerland Super League,2015/2016,750000
309328,Milan Skriniar,9882,1837,Sampdoria,Sampdoria,Italy,Italy Serie A,2015/2016,1000000
108451,Milan Vilotic,10192,900,BSC Young Boys,BSC Young Boys,Switzerland,Switzerland Super League,2015/2016,1000000
45482,Milano Koenders,9791,100634,Heracles Almelo,Heracles Almelo,Netherlands,Netherlands Eredivisie,2014/2015,200000
8985,Mile Jedinak,9826,1799,Crystal Palace,Crystal Palace,England,England Premier League,2015/2016,5000000
28472,Miles Addison,8597,82,Kilmarnock,Kilmarnock,Scotland,Scotland Premier League,2015/2016,250000
262542,Miles Storey,8066,620,Inverness Caledonian Thistle,Inverness Caledonian Thistle,Scotland,Scotland Premier League,2015/2016,150000
387727,Milos Jojic,8722,31,1. FC Köln,1. FC Köln,Germany,Germany 1. Bundesliga,2015/2016,2000000
140932,Milos Kosanovic,9985,232,Standard de Liège,Standard de Liège,Belgium,Belgium Jupiler League,2015/2016,3000000
31314,Milos Krasic,8030,111091,Lechia Gdańsk,Lechia Gdańsk,Poland,Poland Ekstraklasa,2015/2016,500000
32760,Milos Maric,8475,110913,Waasland-Beveren,Waasland-Beveren,Belgium,Belgium Jupiler League,2015/2016,250000
92263,Milos Ninkovic,4087,111271,Évian Thonon Gaillard FC,Évian Thonon Gaillard FC,France,France Ligue 1,2014/2015,1000000
515333,Milos Veljkovic,8697,38,SV Werder Bremen,SV Werder Bremen,Germany,Germany 1. Bundesliga,2015/2016,500000
208814,Milosz Przybecki,8023,110746,Pogoń Szczecin,Pogoń Szczecin,Poland,Poland Ekstraklasa,2015/2016,200000
660165,Milot Rashica,8277,1909,Vitesse,Vitesse,Netherlands,Netherlands Eredivisie,2015/2016,2750000
359461,Mimoun Mahi,8674,1915,FC Groningen,FC Groningen,Netherlands,Netherlands Eredivisie,2015/2016,1500000
361311,Minhoca,6403,1892,FC Paços de Ferreira,FC Paços de Ferreira,Portugal,Portugal Liga ZON Sagres,2015/2016,700000
185554,Miquel Nelom,10235,246,Feyenoord,Feyenoord,Netherlands,Netherlands Eredivisie,2015/2016,1000000
96398,Miralem Pjanic,8686,52,Roma,Roma,Italy,Italy Serie A,2015/2016,38000000
45174,Miralem Sulejmani,10192,900,BSC Young Boys,BSC Young Boys,Switzerland,Switzerland Super League,2015/2016,2500000
19327,Miranda,8636,44,Inter,Inter,Italy,Italy Serie A,2015/2016,16000000
415500,Mirko Gori,9891,111657,Frosinone,Frosinone,Italy,Italy Serie A,2015/2016,1500000
330458,Mirko Salvi,7896,2000003,Lugano,Lugano,Switzerland,Switzerland Super League,2015/2016,500000
41688,Mirko Valdifiori,9875,48,Napoli,Napoli,Italy,Italy Serie A,2015/2016,4000000
12307,Miroslav Bozok,8019,110565,Górnik Łęczna,Górnik Łęczna,Poland,Poland Ekstraklasa,2014/2015,150000
237610,Miroslav Covilo,2186,110747,Cracovia,Cracovia,Poland,Poland Ekstraklasa,2015/2016,650000
30638,Miroslav Klose,8543,46,Lazio,Lazio,Italy,Italy Serie A,2015/2016,1000000
34264,Miroslav Radovic,8673,1871,Legia Warszawa,Legia Warszawa,Poland,Poland Ekstraklasa,2014/2015,500000
36395,Miso Brecko,8722,31,1. FC Köln,1. FC Köln,Germany,Germany 1. Bundesliga,2014/2015,600000
179241,Mitch Apau,10001,681,KVC Westerlo,KVC Westerlo,Belgium,Belgium Jupiler League,2015/2016,600000
352366,Mitchell Dijks,8593,245,Ajax,Ajax,Netherlands,Netherlands Eredivisie,2015/2016,4000000
69149,Mitchell Langerak,10269,36,VfB Stuttgart,VfB Stuttgart,Germany,Germany 1. Bundesliga,2015/2016,1500000
295087,Mitchell Paulissen,9803,1902,Roda JC Kerkrade,Roda JC Kerkrade,Netherlands,Netherlands Eredivisie,2015/2016,300000
243430,Mitchell te Vrede,10228,1913,SC Heerenveen,SC Heerenveen,Netherlands,Netherlands Eredivisie,2015/2016,1000000
298823,Mitchell Weiser,8177,166,Hertha BSC Berlin,Hertha BSC Berlin,Germany,Germany 1. Bundesliga,2015/2016,7500000
39331,Modibo Diakite,9882,1837,Sampdoria,Sampdoria,Italy,Italy Serie A,2015/2016,800000
91560,Modibo Maiga,8550,68,FC Metz,FC Metz,France,France Ligue 1,2014/2015,2000000
313668,Modou Barrow,10003,1960,Swansea City,Swansea City,England,England Premier League,2015/2016,3000000
465752,Mohamed Daf,9986,670,Sporting Charleroi,Sporting Charleroi,Belgium,Belgium Jupiler League,2014/2015,250000
40015,Mohamed Diame,8654,19,West Ham United,West Ham United,England,England Premier League,2014/2015,6000000
45831,Mohamed El Makrini,7788,647,SC Cambuur,SC Cambuur,Netherlands,Netherlands Eredivisie,2014/2015,600000
339992,Mohamed Elneny,9825,1,Arsenal,Arsenal,England,England Premier League,2015/2016,8500000
541556,Mohamed Fares,9876,206,Hellas Verona,Hellas Verona,Italy,Italy Serie A,2015/2016,500000
26402,Mohamed Fofana,9837,379,Stade de Reims,Stade de Reims,France,France Ligue 1,2015/2016,500000
601592,Mohamed Gouaida,9790,28,Hamburger SV,Hamburger SV,Germany,Germany 1. Bundesliga,2014/2015,400000
508431,Mohamed Ibrahim,10212,1893,CS Marítimo,CS Marítimo,Portugal,Portugal Liga ZON Sagres,2014/2015,500000
24132,Mohamed Lamine Sissoko,8581,1853,Levante UD,Levante UD,Spain,Spain LIGA BBVA,2014/2015,750000
466143,Mohamed Larbi,6391,110316,GFC Ajaccio,GFC Ajaccio,France,France Ligue 1,2015/2016,1250000
33685,Mohamed Messoudi,10000,15005,SV Zulte-Waregem,SV Zulte-Waregem,Belgium,Belgium Jupiler League,2014/2015,700000
467499,Mohamed Rayhi,8464,1910,N.E.C.,N.E.C.,Netherlands,Netherlands Eredivisie,2015/2016,350000
292462,Mohamed Salah,8686,52,Roma,Roma,Italy,Italy Serie A,2015/2016,27000000
303334,Mohamed Yattara,8121,1530,Angers SCO,Angers SCO,France,France Ligue 1,2015/2016,1200000
173922,Mohammad Ghadir,9994,2007,Sporting Lokeren,Sporting Lokeren,Belgium,Belgium Jupiler League,2015/2016,450000
212598,Mohammed Aoulad,10001,681,KVC Westerlo,KVC Westerlo,Belgium,Belgium Jupiler League,2015/2016,400000
262592,Moi Gomez,8305,1860,Getafe CF,Getafe CF,Spain,Spain LIGA BBVA,2015/2016,2500000
279873,Molla Wague,8600,55,Udinese,Udinese,Italy,Italy Serie A,2015/2016,2000000
37510,Momo,8306,472,UD Las Palmas,UD Las Palmas,Spain,Spain LIGA BBVA,2015/2016,300000
113227,Moreno Costanzo,9824,286,FC Vaduz,FC Vaduz,Switzerland,Switzerland Super League,2015/2016,800000
41232,Morgan Amalfitano,8639,65,LOSC Lille,LOSC Lille,France,France Ligue 1,2015/2016,1500000
32746,Morgan De Sanctis,8686,52,Roma,Roma,Italy,Italy Serie A,2015/2016,500000
355901,Morgan Sanson,10249,70,Montpellier Hérault SC,Montpellier Hérault SC,France,France Ligue 1,2015/2016,5000000
46893,Morgan Schneiderlin,10260,11,Manchester United,Manchester United,England,England Premier League,2015/2016,28000000
34563,Morgaro Gomis,9927,83,Motherwell,Motherwell,Scotland,Scotland Premier League,2015/2016,600000
274779,Moritz Bauer,9956,322,Grasshopper Club Zürich,Grasshopper Club Zürich,Switzerland,Switzerland Super League,2015/2016,2500000
171091,Moritz Hartmann,8234,111239,FC Ingolstadt 04,FC Ingolstadt 04,Germany,Germany 1. Bundesliga,2015/2016,1500000
212892,Moritz Leitner,9789,22,Borussia Dortmund,Borussia Dortmund,Germany,Germany 1. Bundesliga,2015/2016,1500000
26928,Moritz Stoppelkamp,8460,10030,SC Paderborn 07,SC Paderborn 07,Germany,Germany 1. Bundesliga,2014/2015,750000
439148,Morten Thorsby,10228,1913,SC Heerenveen,SC Heerenveen,Netherlands,Netherlands Eredivisie,2015/2016,1500000
354482,Mory Kone,10242,294,ES Troyes AC,ES Troyes AC,France,France Ligue 1,2015/2016,400000
467486,Moses Simon,9991,674,KAA Gent,KAA Gent,Belgium,Belgium Jupiler League,2015/2016,4000000
352860,Mouez Hassen,9831,72,OGC Nice,OGC Nice,France,France Ligue 1,2015/2016,1250000
26354,Mouhamadou Dabo,10242,294,ES Troyes AC,ES Troyes AC,France,France Ligue 1,2015/2016,1000000
35497,Mounir El Hamdaoui,10229,1906,AZ,AZ,Netherlands,Netherlands Eredivisie,2015/2016,550000
41332,Mounir Obbadi,8639,65,LOSC Lille,LOSC Lille,France,France Ligue 1,2015/2016,1000000
181029,Mourad Satli,8203,110724,KV Mechelen,KV Mechelen,Belgium,Belgium Jupiler League,2015/2016,350000
41008,Moussa Dembele,8586,18,Tottenham Hotspur,Tottenham Hotspur,England,England Premier League,2015/2016,18000000
275122,Moussa Konate,10179,110770,FC Sion,FC Sion,Switzerland,Switzerland Super League,2015/2016,4750000
643672,Moussa Kone,10243,894,FC Zürich,FC Zürich,Switzerland,Switzerland Super League,2015/2016,500000
121639,Moussa Maazou,10212,1893,CS Marítimo,CS Marítimo,Portugal,Portugal Liga ZON Sagres,2014/2015,700000
426709,Moussa Marega,10212,1893,CS Marítimo,CS Marítimo,Portugal,Portugal Liga ZON Sagres,2015/2016,3000000
94550,Moussa Sissoko,10261,13,Newcastle United,Newcastle United,England,England Premier League,2015/2016,20000000
261597,Muamer Tankovic,10229,1906,AZ,AZ,Netherlands,Netherlands Eredivisie,2015/2016,1000000
212866,Muhamed Besic,8668,7,Everton,Everton,England,England Premier League,2015/2016,6000000
66933,Muhamed Demiri,10190,898,FC St. Gallen,FC St. Gallen,Switzerland,Switzerland Super League,2014/2015,100000
121225,Muhamed Keita,2182,873,Lech Poznań,Lech Poznań,Poland,Poland Ekstraklasa,2014/2015,500000
289472,Munas Dabbur,9956,322,Grasshopper Club Zürich,Grasshopper Club Zürich,Switzerland,Switzerland Super League,2015/2016,5000000
522579,Munir El Haddadi,8634,241,FC Barcelona,FC Barcelona,Spain,Spain LIGA BBVA,2015/2016,10000000
47575,Murray Davidson,8467,100804,St. Johnstone FC,St. Johnstone FC,Scotland,Scotland Premier League,2015/2016,450000
244458,Mustafa Saymak,6413,1914,PEC Zwolle,PEC Zwolle,Netherlands,Netherlands Eredivisie,2014/2015,1000000
41198,Mustapha Bayal Sall,9853,1819,AS Saint-Étienne,AS Saint-Étienne,France,France Ligue 1,2015/2016,1200000
37986,Mustapha Diallo,9747,62,En Avant de Guingamp,En Avant de Guingamp,France,France Ligue 1,2015/2016,1500000
179810,Mustapha Dumbuya,8426,1754,Partick Thistle F.C.,Partick Thistle F.C.,Scotland,Scotland Premier League,2015/2016,250000
39625,Mustapha Oussalah,274581,2000004,Royal Excel Mouscron,Royal Excel Mouscron,Belgium,Belgium Jupiler League,2015/2016,150000
134221,Mustapha Yatabare,10249,70,Montpellier Hérault SC,Montpellier Hérault SC,France,France Ligue 1,2015/2016,2000000
555442,Nabil Aankour,8245,111083,Korona Kielce,Korona Kielce,Poland,Poland Ekstraklasa,2015/2016,250000
120845,Nabil Bahoui,9790,28,Hamburger SV,Hamburger SV,Germany,Germany 1. Bundesliga,2015/2016,1000000
500520,Nabil Bentaleb,8586,18,Tottenham Hotspur,Tottenham Hotspur,England,England Premier League,2015/2016,9000000
38336,Nabil Dirar,9829,69,AS Monaco,AS Monaco,France,France Ligue 1,2015/2016,2500000
46621,Nabil El Zhar,8306,472,UD Las Palmas,UD Las Palmas,Spain,Spain LIGA BBVA,2015/2016,1500000
469852,Nabil Fekir,9748,66,Olympique Lyonnais,Olympique Lyonnais,France,France Ligue 1,2015/2016,11000000
301809,Nabil Ghilas,8581,1853,Levante UD,Levante UD,Spain,Spain LIGA BBVA,2015/2016,2000000
105919,Nacer Barazite,9908,1903,FC Utrecht,FC Utrecht,Netherlands,Netherlands Eredivisie,2015/2016,1500000
110189,Nacer Chadli,8586,18,Tottenham Hotspur,Tottenham Hotspur,England,England Premier League,2015/2016,15000000
242477,Nacho Cases,9869,459,Real Sporting de Gijón,Real Sporting de Gijón,Spain,Spain LIGA BBVA,2015/2016,2200000
213499,Nacho Fernandez,8633,243,Real Madrid CF,Real Madrid CF,Spain,Spain LIGA BBVA,2015/2016,5000000
406257,Nacho Martinez,8370,480,Rayo Vallecano,Rayo Vallecano,Spain,Spain LIGA BBVA,2015/2016,1200000
38521,Nacho Monreal,9825,1,Arsenal,Arsenal,England,England Premier League,2015/2016,15000000
614449,Nadiem Amiri,8226,10029,TSG 1899 Hoffenheim,TSG 1899 Hoffenheim,Germany,Germany 1. Bundesliga,2015/2016,4000000
200612,Nadir Ciftci,9925,78,Celtic,Celtic,Scotland,Scotland Premier League,2015/2016,1200000
28480,Naldo,8721,175,VfL Wolfsburg,VfL Wolfsburg,Germany,Germany 1. Bundesliga,2015/2016,3000000
265275,Naldo,9768,237,Sporting CP,Sporting CP,Portugal,Portugal Liga ZON Sagres,2015/2016,4500000
210128,Nampalys Mendy,9831,72,OGC Nice,OGC Nice,France,France Ligue 1,2015/2016,12000000
67958,Nana Asare,9991,674,KAA Gent,KAA Gent,Belgium,Belgium Jupiler League,2015/2016,2500000
40945,Nani,9768,237,Sporting CP,Sporting CP,Portugal,Portugal Liga ZON Sagres,2014/2015,15000000
458806,Naser Aliji,9931,896,FC Basel,FC Basel,Switzerland,Switzerland Super League,2015/2016,700000
166557,Nassim Ben Khalifa,9956,322,Grasshopper Club Zürich,Grasshopper Club Zürich,Switzerland,Switzerland Super League,2014/2015,650000
521945,Nathan,8277,1909,Vitesse,Vitesse,Netherlands,Netherlands Eredivisie,2015/2016,1500000
417068,Nathan Ake,9817,1795,Watford,Watford,England,England Premier League,2015/2016,5000000
139673,Nathan Baker,10252,2,Aston Villa,Aston Villa,England,England Premier League,2014/2015,2500000
23305,Nathan Dyer,10003,1960,Swansea City,Swansea City,England,England Premier League,2014/2015,4000000
154273,Nathan Eccleston,8597,82,Kilmarnock,Kilmarnock,Scotland,Scotland Premier League,2014/2015,100000
168065,Nathan Junior,188163,2000006,Tondela,Tondela,Portugal,Portugal Liga ZON Sagres,2015/2016,1100000
149211,Nathan Kabasele,8526,635,De Graafschap,De Graafschap,Netherlands,Netherlands Eredivisie,2015/2016,600000
201664,Nathan Redmond,9850,1792,Norwich City,Norwich City,England,England Premier League,2015/2016,10000000
45502,Nathan Rutjes,9803,1902,Roda JC Kerkrade,Roda JC Kerkrade,Netherlands,Netherlands Eredivisie,2015/2016,300000
515337,Nathan Thomas,9927,83,Motherwell,Motherwell,Scotland,Scotland Premier League,2014/2015,75000
157838,Nathaniel Clyne,8650,9,Liverpool,Liverpool,England,England Premier League,2015/2016,21000000
160495,Nathaniel Wedderburn,8066,620,Inverness Caledonian Thistle,Inverness Caledonian Thistle,Scotland,Scotland Premier League,2015/2016,200000
209418,Nathaniel Will,8526,635,De Graafschap,De Graafschap,Netherlands,Netherlands Eredivisie,2015/2016,300000
75001,Nauzet Aleman,8306,472,UD Las Palmas,UD Las Palmas,Spain,Spain LIGA BBVA,2015/2016,500000
230133,Navarone Foor,8464,1910,N.E.C.,N.E.C.,Netherlands,Netherlands Eredivisie,2015/2016,1500000
391064,Neal Maupay,9853,1819,AS Saint-Étienne,AS Saint-Étienne,France,France Ligue 1,2015/2016,1500000
38257,Nebojsa Pavlovic,8571,100081,KV Kortrijk,KV Kortrijk,Belgium,Belgium Jupiler League,2015/2016,150000
24209,Nedum Onuoha,10172,15,Queens Park Rangers,Queens Park Rangers,England,England Premier League,2014/2015,2000000
240478,Neeskens Kebano,9987,673,KRC Genk,KRC Genk,Belgium,Belgium Jupiler League,2015/2016,4500000
22924,Neil Alexander,9860,80,Heart of Midlothian,Heart of Midlothian,Scotland,Scotland Premier League,2015/2016,200000
102356,Neil Taylor,10003,1960,Swansea City,Swansea City,England,England Premier League,2015/2016,6000000
31303,Nelson,9807,1889,CF Os Belenenses,CF Os Belenenses,Portugal,Portugal Liga ZON Sagres,2014/2015,400000
101091,Nelson,6547,100741,FC Penafiel,FC Penafiel,Portugal,Portugal Liga ZON Sagres,2014/2015,400000
470499,Nelson Barbosa,158085,112513,FC Arouca,FC Arouca,Portugal,Portugal Liga ZON Sagres,2015/2016,400000
25809,Nelson Ferreira,10191,1715,FC Thun,FC Thun,Switzerland,Switzerland Super League,2015/2016,250000
31718,Nelson Haedo Valdez,9810,1824,Eintracht Frankfurt,Eintracht Frankfurt,Germany,Germany 1. Bundesliga,2014/2015,650000
534473,Nelson Monte,7841,744,Rio Ave FC,Rio Ave FC,Portugal,Portugal Liga ZON Sagres,2015/2016,600000
156556,Nelson Oliveira,10003,1960,Swansea City,Swansea City,England,England Premier League,2014/2015,4500000
513512,Nemanja Antonov,9956,322,Grasshopper Club Zürich,Grasshopper Club Zürich,Switzerland,Switzerland Super League,2015/2016,750000
178753,Nemanja Gudelj,8593,245,Ajax,Ajax,Netherlands,Netherlands Eredivisie,2015/2016,6500000
115067,Nemanja Matic,8455,5,Chelsea,Chelsea,England,England Premier League,2015/2016,32000000
115739,Nemanja Nikolic,8673,1871,Legia Warszawa,Legia Warszawa,Poland,Poland Ekstraklasa,2015/2016,3500000
425985,Nemanja Radoja,9910,450,RC Celta de Vigo,RC Celta de Vigo,Spain,Spain LIGA BBVA,2015/2016,3500000
30865,Nemanja Vidic,8636,44,Inter,Inter,Italy,Italy Serie A,2014/2015,500000
121044,Nenad Krsticic,9882,1837,Sampdoria,Sampdoria,Italy,Italy Serie A,2015/2016,2000000
144999,Nenad Tomovic,8535,110374,Fiorentina,Fiorentina,Italy,Italy Serie A,2015/2016,5000000
34633,Nene,8529,1842,Cagliari,Cagliari,Italy,Italy Serie A,2014/2015,300000
265913,Nene Bonilha,10214,1891,CD Nacional,CD Nacional,Portugal,Portugal Liga ZON Sagres,2015/2016,600000
280443,Nermin Zolotic,9991,674,KAA Gent,KAA Gent,Belgium,Belgium Jupiler League,2014/2015,400000
176186,Neto,9885,45,Juventus,Juventus,Italy,Italy Serie A,2015/2016,7000000
155348,Neven Markovic,8030,111091,Lechia Gdańsk,Lechia Gdańsk,Poland,Poland Ekstraklasa,2015/2016,200000
71399,Neven Subotic,9789,22,Borussia Dortmund,Borussia Dortmund,Germany,Germany 1. Bundesliga,2015/2016,8000000
97326,Ney Santos,10238,665,Vitória Setúbal,Vitória Setúbal,Portugal,Portugal Liga ZON Sagres,2014/2015,250000
19533,Neymar,8634,241,FC Barcelona,FC Barcelona,Spain,Spain LIGA BBVA,2015/2016,100000000
319300,N'Golo Kante,8197,95,Leicester City,Leicester City,England,England Premier League,2015/2016,30000000
119435,Niall McGinn,8485,77,Aberdeen,Aberdeen,Scotland,Scotland Premier League,2015/2016,750000
42008,Nicholas Sebastian Frey,8533,192,Chievo Verona,Chievo Verona,Italy,Italy Serie A,2015/2016,600000
209785,Nick Marsman,8611,1908,FC Twente,FC Twente,Netherlands,Netherlands Eredivisie,2015/2016,1250000
27157,Nick Proschwitz,9997,680,Sint-Truidense VV,Sint-Truidense VV,Belgium,Belgium Jupiler League,2015/2016,500000
181255,Nick Ross,8284,180,Dundee FC,Dundee FC,Scotland,Scotland Premier League,2015/2016,250000
45481,Nick van der Velden,8525,1907,Willem II,Willem II,Netherlands,Netherlands Eredivisie,2015/2016,350000
164246,Nick Viergever,8593,245,Ajax,Ajax,Netherlands,Netherlands Eredivisie,2015/2016,2250000
114735,Nick von Niederhausern,9824,286,FC Vaduz,FC Vaduz,Switzerland,Switzerland Super League,2015/2016,500000
38907,Nicki Bille Nielsen,2182,873,Lech Poznań,Lech Poznań,Poland,Poland Ekstraklasa,2015/2016,600000
36410,Nicklas Bendtner,8721,175,VfL Wolfsburg,VfL Wolfsburg,Germany,Germany 1. Bundesliga,2015/2016,1000000
193800,Nicky Low,8284,180,Dundee FC,Dundee FC,Scotland,Scotland Premier League,2015/2016,175000
128235,Nico Abegglen,9824,286,FC Vaduz,FC Vaduz,Switzerland,Switzerland Super League,2014/2015,250000
517346,Nico Elvedi,9788,23,Borussia Mönchengladbach,Borussia Mönchengladbach,Germany,Germany 1. Bundesliga,2015/2016,5000000
42601,Nico Pulzetti,9880,110915,Cesena,Cesena,Italy,Italy Serie A,2014/2015,400000
212960,Nico Schulz,8177,166,Hertha BSC Berlin,Hertha BSC Berlin,Germany,Germany 1. Bundesliga,2014/2015,3000000
618879,Nicola Dal Monte,9880,110915,Cesena,Cesena,Italy,Italy Serie A,2014/2015,200000
213299,Nicola Leali,9891,111657,Frosinone,Frosinone,Italy,Italy Serie A,2015/2016,3500000
281760,Nicola Murru,8529,1842,Cagliari,Cagliari,Italy,Italy Serie A,2014/2015,2500000
57123,Nicola Rigoni,8533,192,Chievo Verona,Chievo Verona,Italy,Italy Serie A,2015/2016,2000000
195199,Nicola Sansone,7943,111974,Sassuolo,Sassuolo,Italy,Italy Serie A,2015/2016,14000000
520466,Nicola Sutter,10191,1715,FC Thun,FC Thun,Switzerland,Switzerland Super League,2015/2016,100000
12763,Nicolae Ovidiu Herea,10179,110770,FC Sion,FC Sion,Switzerland,Switzerland Super League,2014/2015,400000
191994,Nicolai Boilesen,8593,245,Ajax,Ajax,Netherlands,Netherlands Eredivisie,2014/2015,1000000
97747,Nicolai Mueller,9790,28,Hamburger SV,Hamburger SV,Germany,Germany 1. Bundesliga,2015/2016,4500000
230900,Nicolas Benezet,9747,62,En Avant de Guingamp,En Avant de Guingamp,France,France Ligue 1,2015/2016,2000000
212697,Nicolas Blandi,4087,111271,Évian Thonon Gaillard FC,Évian Thonon Gaillard FC,France,France Ligue 1,2014/2015,3000000
30928,Nicolas Burdisso,10233,110556,Genoa,Genoa,Italy,Italy Serie A,2015/2016,400000
259507,Nicolas Castillo,9891,111657,Frosinone,Frosinone,Italy,Italy Serie A,2015/2016,2500000
181197,Nicolas De Preville,9837,379,Stade de Reims,Stade de Reims,France,France Ligue 1,2015/2016,2500000
303202,Nicolas Delporte,1773,100087,Oud-Heverlee Leuven,Oud-Heverlee Leuven,Belgium,Belgium Jupiler League,2015/2016,250000
26523,Nicolas Douchez,9847,73,Paris Saint-Germain,Paris Saint-Germain,France,France Ligue 1,2015/2016,250000
18880,Nicolas Federico Spolli,8533,192,Chievo Verona,Chievo Verona,Italy,Italy Serie A,2015/2016,700000
164031,Nicolas Gaitan,9772,234,SL Benfica,SL Benfica,Portugal,Portugal Liga ZON Sagres,2015/2016,25000000
570830,Nicolas Haas,10199,897,FC Luzern,FC Luzern,Switzerland,Switzerland Super League,2015/2016,1500000
212865,Nicolas Hoefler,8358,25,SC Freiburg,SC Freiburg,Germany,Germany 1. Bundesliga,2014/2015,2000000
210185,Nicolas Issimat Mirin,8640,247,PSV,PSV,Netherlands,Netherlands Eredivisie,2015/2016,3000000
362194,Nicolas Lopez,7878,110832,Granada CF,Granada CF,Spain,Spain LIGA BBVA,2015/2016,2250000
41238,Nicolas Maurice-Belay,9827,59,Girondins de Bordeaux,Girondins de Bordeaux,France,France Ligue 1,2015/2016,1000000
149962,Nicolas N'Koulou,8592,219,Olympique de Marseille,Olympique de Marseille,France,France Ligue 1,2015/2016,10000000
174321,Nicolas Otamendi,8456,10,Manchester City,Manchester City,England,England Premier League,2015/2016,32000000
198277,Nicolas Pallois,9827,59,Girondins de Bordeaux,Girondins de Bordeaux,France,France Ligue 1,2015/2016,3500000
38385,Nicolas Pareja,8302,481,Sevilla FC,Sevilla FC,Spain,Spain LIGA BBVA,2015/2016,1500000
41301,Nicolas Penneteau,9986,670,Sporting Charleroi,Sporting Charleroi,Belgium,Belgium Jupiler League,2015/2016,600000
449233,Nicolas Rommens,10001,681,KVC Westerlo,KVC Westerlo,Belgium,Belgium Jupiler League,2014/2015,300000
178210,Nicolas Schindelholz,10191,1715,FC Thun,FC Thun,Switzerland,Switzerland Super League,2015/2016,300000
11324,Nicolas Seube,7819,210,SM Caen,SM Caen,France,France Ligue 1,2015/2016,250000
311008,Nicolas Verdier,8203,110724,KV Mechelen,KV Mechelen,Belgium,Belgium Jupiler League,2015/2016,1000000
541820,Nicolo Barella,8529,1842,Cagliari,Cagliari,Italy,Italy Serie A,2014/2015,1750000
73841,Nicolo Cherubin,8524,39,Atalanta,Atalanta,Italy,Italy Serie A,2015/2016,450000
186284,Niels Coussement,8573,682,KV Oostende,KV Oostende,Belgium,Belgium Jupiler League,2014/2015,350000
280033,Niels De Schutter,8573,682,KV Oostende,KV Oostende,Belgium,Belgium Jupiler League,2015/2016,450000
30598,Nigel de Jong,8564,47,Milan,Milan,Italy,Italy Serie A,2015/2016,4000000
192856,Nigel Hasselbaink,10218,1971,Excelsior,Excelsior,Netherlands,Netherlands Eredivisie,2015/2016,300000
361320,Nii Plange,10215,1901,Académica de Coimbra,Académica de Coimbra,Portugal,Portugal Liga ZON Sagres,2015/2016,1000000
249550,Nika Dzalamidze,1957,110745,Jagiellonia Białystok,Jagiellonia Białystok,Poland,Poland Ekstraklasa,2015/2016,500000
31294,Niki Zimling,9905,169,1. FSV Mainz 05,1. FSV Mainz 05,Germany,Germany 1. Bundesliga,2014/2015,500000
8922,Nikica Jelavic,8654,19,West Ham United,West Ham United,England,England Premier League,2015/2016,1000000
169015,Niklas Hult,9831,72,OGC Nice,OGC Nice,France,France Ligue 1,2015/2016,1500000
46078,Niklas Moisander,9882,1837,Sampdoria,Sampdoria,Italy,Italy Serie A,2015/2016,2000000
425962,Niklas Stark,8177,166,Hertha BSC Berlin,Hertha BSC Berlin,Germany,Germany 1. Bundesliga,2015/2016,4500000
447084,Niklas Suele,8226,10029,TSG 1899 Hoffenheim,TSG 1899 Hoffenheim,Germany,Germany 1. Bundesliga,2015/2016,12000000
36000,Niko Bungert,9905,169,1. FSV Mainz 05,1. FSV Mainz 05,Germany,Germany 1. Bundesliga,2015/2016,2500000
173534,Niko Datkovic,7896,2000003,Lugano,Lugano,Switzerland,Switzerland Super League,2015/2016,900000
38820,Niko Kranjcar,10172,15,Queens Park Rangers,Queens Park Rangers,England,England Premier League,2014/2015,1500000
280251,Nikola Aksentijevic,274581,2000004,Royal Excel Mouscron,Royal Excel Mouscron,Belgium,Belgium Jupiler League,2015/2016,350000
140965,Nikola Djurdjic,8406,100409,FC Augsburg,FC Augsburg,Germany,Germany 1. Bundesliga,2014/2015,500000
614540,Nikola Gjorgjev,9956,322,Grasshopper Club Zürich,Grasshopper Club Zürich,Switzerland,Switzerland Super League,2015/2016,1000000
118879,Nikola Gulan,274581,2000004,Royal Excel Mouscron,Royal Excel Mouscron,Belgium,Belgium Jupiler League,2015/2016,400000
21613,Nikola Kalinic,8535,110374,Fiorentina,Fiorentina,Italy,Italy Serie A,2015/2016,14000000
253088,Nikola Maksimovic,9804,54,Torino,Torino,Italy,Italy Serie A,2015/2016,12000000
542268,Nikola Milosavljevic,7896,2000003,Lugano,Lugano,Switzerland,Switzerland Super League,2015/2016,400000
95904,Nikola Petkovic,10001,681,KVC Westerlo,KVC Westerlo,Belgium,Belgium Jupiler League,2015/2016,450000
198343,Nikola Stojiljkovic,10264,1896,SC Braga,SC Braga,Portugal,Portugal Liga ZON Sagres,2015/2016,3250000
465726,Nikola Storm,10000,15005,SV Zulte-Waregem,SV Zulte-Waregem,Belgium,Belgium Jupiler League,2015/2016,700000
16475,Nikola Vukcevic,10264,1896,SC Braga,SC Braga,Portugal,Portugal Liga ZON Sagres,2015/2016,3000000
36806,Nikolce Noveski,9905,169,1. FSV Mainz 05,1. FSV Mainz 05,Germany,Germany 1. Bundesliga,2014/2015,500000
110948,Nikos Karelis,9987,673,KRC Genk,KRC Genk,Belgium,Belgium Jupiler League,2015/2016,4000000
280936,Nildo Petrolina,8348,1900,Moreirense FC,Moreirense FC,Portugal,Portugal Liga ZON Sagres,2015/2016,400000
638105,Nili,8306,472,UD Las Palmas,UD Las Palmas,Spain,Spain LIGA BBVA,2015/2016,500000
104404,Nill De Pauw,9747,62,En Avant de Guingamp,En Avant de Guingamp,France,France Ligue 1,2015/2016,1250000
107920,Nils Petersen,8358,25,SC Freiburg,SC Freiburg,Germany,Germany 1. Bundesliga,2014/2015,3500000
68120,Nils Schouterden,10001,681,KVC Westerlo,KVC Westerlo,Belgium,Belgium Jupiler League,2015/2016,800000
97363,Nilson,8348,1900,Moreirense FC,Moreirense FC,Portugal,Portugal Liga ZON Sagres,2015/2016,50000
186687,Nilson,6367,2000001,Uniao da Madeira,Uniao da Madeira,Portugal,Portugal Liga ZON Sagres,2015/2016,100000
243492,Ninos Gouriye,10218,1971,Excelsior,Excelsior,Netherlands,Netherlands Eredivisie,2014/2015,300000
291932,Nir Bitton,9925,78,Celtic,Celtic,Scotland,Scotland Premier League,2015/2016,2000000
625214,Noah Loosli,9956,322,Grasshopper Club Zürich,Grasshopper Club Zürich,Switzerland,Switzerland Super League,2015/2016,100000
692973,Noah-Joel Sarenren-Bazee,9904,485,Hannover 96,Hannover 96,Germany,Germany 1. Bundesliga,2015/2016,600000
202471,Noe Dussenne,274581,2000004,Royal Excel Mouscron,Royal Excel Mouscron,Belgium,Belgium Jupiler League,2015/2016,1500000
559063,Nolan Mbemba,8639,65,LOSC Lille,LOSC Lille,France,France Ligue 1,2015/2016,500000
134232,Nolan Roux,9853,1819,AS Saint-Étienne,AS Saint-Étienne,France,France Ligue 1,2015/2016,3000000
213486,Nolito,9910,450,RC Celta de Vigo,RC Celta de Vigo,Spain,Spain LIGA BBVA,2015/2016,18000000
618932,Norbert Misiak,8673,1871,Legia Warszawa,Legia Warszawa,Poland,Poland Ekstraklasa,2014/2015,100000
46120,Nordin Amrabat,9817,1795,Watford,Watford,England,England Premier League,2015/2016,4500000
464665,Norman Peyretti,10191,1715,FC Thun,FC Thun,Switzerland,Switzerland Super League,2015/2016,350000
361718,Nuno Campos,10214,1891,CD Nacional,CD Nacional,Portugal,Portugal Liga ZON Sagres,2015/2016,300000
45286,Nuno Coelho,158085,112513,FC Arouca,FC Arouca,Portugal,Portugal Liga ZON Sagres,2015/2016,2000000
164470,Nuno Henrique,8613,1898,Boavista FC,Boavista FC,Portugal,Portugal Liga ZON Sagres,2015/2016,650000
11726,Nuno Piloto,10215,1901,Académica de Coimbra,Académica de Coimbra,Portugal,Portugal Liga ZON Sagres,2015/2016,100000
45280,Nuno Pinto,10238,665,Vitória Setúbal,Vitória Setúbal,Portugal,Portugal Liga ZON Sagres,2015/2016,600000
164083,Nuno Santos,188163,2000006,Tondela,Tondela,Portugal,Portugal Liga ZON Sagres,2015/2016,50000
191793,Nuno Sequeira,10214,1891,CD Nacional,CD Nacional,Portugal,Portugal Liga ZON Sagres,2015/2016,1000000
163907,Nuno Valente,158085,112513,FC Arouca,FC Arouca,Portugal,Portugal Liga ZON Sagres,2015/2016,1500000
27365,Nuri Sahin,9789,22,Borussia Dortmund,Borussia Dortmund,Germany,Germany 1. Bundesliga,2015/2016,6500000
470806,Nurio,10264,1896,SC Braga,SC Braga,Portugal,Portugal Liga ZON Sagres,2014/2015,500000
213743,Nwankwo Obiorah,10215,1901,Académica de Coimbra,Académica de Coimbra,Portugal,Portugal Liga ZON Sagres,2015/2016,600000
581798,Obbi Oulare,8342,231,Club Brugge KV,Club Brugge KV,Belgium,Belgium Jupiler League,2015/2016,5000000
140982,Odair Fortes,9837,379,Stade de Reims,Stade de Reims,France,France Ligue 1,2015/2016,1000000
101419,Odion Ighalo,9817,1795,Watford,Watford,England,England Premier League,2015/2016,12000000
304355,Odisseas Vlachodimos,10269,36,VfB Stuttgart,VfB Stuttgart,Germany,Germany 1. Bundesliga,2015/2016,500000
73409,Oerjan Haaskjold Nyland,8234,111239,FC Ingolstadt 04,FC Ingolstadt 04,Germany,Germany 1. Bundesliga,2015/2016,1000000
278867,Oezkan Yildirim,8697,38,SV Werder Bremen,SV Werder Bremen,Germany,Germany 1. Bundesliga,2014/2015,250000
487334,Ofir Marciano,274581,2000004,Royal Excel Mouscron,Royal Excel Mouscron,Belgium,Belgium Jupiler League,2015/2016,350000
317717,Ogenyi Onazi,8543,46,Lazio,Lazio,Italy,Italy Serie A,2015/2016,5000000
202713,Ognjen Mudrinski,9930,434,FC Aarau,FC Aarau,Switzerland,Switzerland Super League,2014/2015,350000
198217,Ognjen Vranjes,9869,459,Real Sporting de Gijón,Real Sporting de Gijón,Spain,Spain LIGA BBVA,2015/2016,600000
101590,Oier Olazabal,8560,457,Real Sociedad,Real Sociedad,Spain,Spain LIGA BBVA,2015/2016,900000
229844,Ola John,9772,234,SL Benfica,SL Benfica,Portugal,Portugal Liga ZON Sagres,2015/2016,5000000
39139,Ola Toivonen,8472,106,Sunderland,Sunderland,England,England Premier League,2015/2016,2500000
11357,Olafur Ingi Skulason,10000,15005,SV Zulte-Waregem,SV Zulte-Waregem,Belgium,Belgium Jupiler League,2014/2015,250000
255963,Ole Kristian Selnaes,9853,1819,AS Saint-Étienne,AS Saint-Étienne,France,France Ligue 1,2015/2016,2500000
79762,Oleg Veretilo,8033,111087,Podbeskidzie Bielsko-Biała,Podbeskidzie Bielsko-Biała,Poland,Poland Ekstraklasa,2015/2016,400000
38778,Oleksandr Iakovenko,10217,650,ADO Den Haag,ADO Den Haag,Netherlands,Netherlands Eredivisie,2014/2015,500000
9449,Oleksandr Shevelyukhin,8020,2000002,Polonia Bytom,Polonia Bytom,Poland,Poland Ekstraklasa,2015/2016,150000
178778,Oliver Baumann,8226,10029,TSG 1899 Hoffenheim,TSG 1899 Hoffenheim,Germany,Germany 1. Bundesliga,2015/2016,5500000
49692,Oliver Bozanic,10199,897,FC Luzern,FC Luzern,Switzerland,Switzerland Super League,2014/2015,750000
198082,Oliver Buff,10243,894,FC Zürich,FC Zürich,Switzerland,Switzerland Super League,2015/2016,1250000
27418,Oliver Kirch,9789,22,Borussia Dortmund,Borussia Dortmund,Germany,Germany 1. Bundesliga,2014/2015,500000
154261,Oliver Klaus,9824,286,FC Vaduz,FC Vaduz,Switzerland,Switzerland Super League,2015/2016,250000
184105,Oliver Kragl,9891,111657,Frosinone,Frosinone,Italy,Italy Serie A,2015/2016,900000
561604,Oliver Myny,8475,110913,Waasland-Beveren,Waasland-Beveren,Belgium,Belgium Jupiler League,2015/2016,500000
303913,Oliver Sorg,9904,485,Hannover 96,Hannover 96,Germany,Germany 1. Bundesliga,2015/2016,2250000
316771,Oliver Torres,9906,240,Atlético Madrid,Atlético Madrid,Spain,Spain LIGA BBVA,2015/2016,14000000
46256,Olivier Auriac,8121,1530,Angers SCO,Angers SCO,France,France Ligue 1,2015/2016,250000
613715,Olivier Boscagli,9831,72,OGC Nice,OGC Nice,France,France Ligue 1,2015/2016,1000000
38388,Olivier Deschacht,8635,229,RSC Anderlecht,RSC Anderlecht,Belgium,Belgium Jupiler League,2015/2016,350000
46469,Olivier Giroud,9825,1,Arsenal,Arsenal,England,England Premier League,2015/2016,25000000
41877,Olivier Kapo,8245,111083,Korona Kielce,Korona Kielce,Poland,Poland Ekstraklasa,2014/2015,150000
625164,Olivier Kemen,9748,66,Olympique Lyonnais,Olympique Lyonnais,France,France Ligue 1,2015/2016,800000
671159,Olivier Ntcham,10233,110556,Genoa,Genoa,Italy,Italy Serie A,2015/2016,1500000
26333,Olivier Sorlin,4087,111271,Évian Thonon Gaillard FC,Évian Thonon Gaillard FC,France,France Ligue 1,2014/2015,250000
41103,Olivier Veigneau,9830,71,FC Nantes,FC Nantes,France,France Ligue 1,2015/2016,1800000
67949,Olivier Werner,9984,1750,KSV Cercle Brugge,KSV Cercle Brugge,Belgium,Belgium Jupiler League,2014/2015,600000
690290,Omar El Baad,7788,647,SC Cambuur,SC Cambuur,Netherlands,Netherlands Eredivisie,2015/2016,25000
155257,Omar El Kaddouri,9804,54,Torino,Torino,Italy,Italy Serie A,2014/2015,4500000
359191,Omar Mascarell,9869,459,Real Sporting de Gijón,Real Sporting de Gijón,Spain,Spain LIGA BBVA,2015/2016,2000000
109615,Omer Toprak,8178,32,Bayer 04 Leverkusen,Bayer 04 Leverkusen,Germany,Germany 1. Bundesliga,2015/2016,20000000
350634,Ondrej Duda,8673,1871,Legia Warszawa,Legia Warszawa,Poland,Poland Ekstraklasa,2015/2016,4500000
26613,Onur Kaya,10000,15005,SV Zulte-Waregem,SV Zulte-Waregem,Belgium,Belgium Jupiler League,2015/2016,1200000
13033,Orestis Karnezis,8600,55,Udinese,Udinese,Italy,Italy Serie A,2015/2016,5000000
37653,Oriol Riera,9783,242,RC Deportivo de La Coruña,RC Deportivo de La Coruña,Spain,Spain LIGA BBVA,2015/2016,1500000
212470,Oriol Romeu,8466,17,Southampton,Southampton,England,England Premier League,2015/2016,5000000
281679,Oriol Rosell,7844,1887,Vitória Guimarães,Vitória Guimarães,Portugal,Portugal Liga ZON Sagres,2015/2016,800000
38913,Orlando Engelaar,8611,1908,FC Twente,FC Twente,Netherlands,Netherlands Eredivisie,2014/2015,250000
149947,Orlando Sa,8673,1871,Legia Warszawa,Legia Warszawa,Poland,Poland Ekstraklasa,2014/2015,1500000
41415,Orlando Urbano,7896,2000003,Lugano,Lugano,Switzerland,Switzerland Super League,2015/2016,300000
128864,Oscar,8455,5,Chelsea,Chelsea,England,England Premier League,2015/2016,35000000
181297,Oscar de Marcos,8315,448,Athletic Club de Bilbao,Athletic Club de Bilbao,Spain,Spain LIGA BBVA,2015/2016,8000000
209922,Oscar Duarte,8558,452,RCD Espanyol,RCD Espanyol,Spain,Spain LIGA BBVA,2015/2016,2000000
211091,Oscar Hiljemark,8540,1843,Palermo,Palermo,Italy,Italy Serie A,2015/2016,4000000
21414,Oscar Trejo,9941,1809,Toulouse FC,Toulouse FC,France,France Ligue 1,2015/2016,2250000
33579,Oscar Wendt,9788,23,Borussia Mönchengladbach,Borussia Mönchengladbach,Germany,Germany 1. Bundesliga,2015/2016,4500000
560109,Oscar Zawada,8611,1908,FC Twente,FC Twente,Netherlands,Netherlands Eredivisie,2015/2016,150000
294545,Osman Sow,9860,80,Heart of Midlothian,Heart of Midlothian,Scotland,Scotland Premier League,2015/2016,425000
465963,Oswal Alvarez,8635,229,RSC Anderlecht,RSC Anderlecht,Belgium,Belgium Jupiler League,2014/2015,200000
52265,Oswaldo Vizcarrondo,9830,71,FC Nantes,FC Nantes,France,France Ligue 1,2015/2016,1000000
397019,Otavio,7844,1887,Vitória Guimarães,Vitória Guimarães,Portugal,Portugal Liga ZON Sagres,2015/2016,7000000
243425,Ouasim Bouy,6413,1914,PEC Zwolle,PEC Zwolle,Netherlands,Netherlands Eredivisie,2015/2016,1000000
432418,Oumar Diaby,8429,184,Hamilton Academical FC,Hamilton Academical FC,Scotland,Scotland Premier League,2015/2016,200000
481656,Oumar Diakhite,7842,10020,Estoril Praia,Estoril Praia,Portugal,Portugal Liga ZON Sagres,2015/2016,500000
692984,Ousmane Dembele,9851,74,Stade Rennais FC,Stade Rennais FC,France,France Ligue 1,2015/2016,18000000
690188,Oussama Idrissi,8674,1915,FC Groningen,FC Groningen,Netherlands,Netherlands Eredivisie,2015/2016,1500000
360560,Oussama Tannane,9853,1819,AS Saint-Étienne,AS Saint-Étienne,France,France Ligue 1,2015/2016,3000000
277325,Ousseynou Cisse,8475,110913,Waasland-Beveren,Waasland-Beveren,Belgium,Belgium Jupiler League,2015/2016,800000
40980,Owain Fon Williams,8066,620,Inverness Caledonian Thistle,Inverness Caledonian Thistle,Scotland,Scotland Premier League,2015/2016,250000
114794,Pa Modou Jagne,10179,110770,FC Sion,FC Sion,Switzerland,Switzerland Super League,2015/2016,1250000
214452,Pablo,9827,59,Girondins de Bordeaux,Girondins de Bordeaux,France,France Ligue 1,2015/2016,1750000
49860,Pablo Armero,8600,55,Udinese,Udinese,Italy,Italy Serie A,2015/2016,1500000
208672,Pablo Chavarria,8588,64,RC Lens,RC Lens,France,France Ligue 1,2014/2015,1250000
130118,Pablo De Blasis,9905,169,1. FSV Mainz 05,1. FSV Mainz 05,Germany,Germany 1. Bundesliga,2015/2016,3000000
683450,Pablo Fornals,9864,573,Málaga CF,Málaga CF,Spain,Spain LIGA BBVA,2015/2016,3000000
246177,Pablo Hernandez,9910,450,RC Celta de Vigo,RC Celta de Vigo,Spain,Spain LIGA BBVA,2015/2016,6000000
2802,Pablo Hernandez,8370,480,Rayo Vallecano,Rayo Vallecano,Spain,Spain LIGA BBVA,2015/2016,2500000
407786,Pablo Hervias,8560,457,Real Sociedad,Real Sociedad,Spain,Spain LIGA BBVA,2014/2015,400000
410656,Pablo Insua,9783,242,RC Deportivo de La Coruña,RC Deportivo de La Coruña,Spain,Spain LIGA BBVA,2014/2015,2000000
426670,Pablo Martinez,6391,110316,GFC Ajaccio,GFC Ajaccio,France,France Ligue 1,2015/2016,800000
541558,Pablo Perez,9869,459,Real Sporting de Gijón,Real Sporting de Gijón,Spain,Spain LIGA BBVA,2015/2016,600000
46384,Pablo Piatti,10267,461,Valencia CF,Valencia CF,Spain,Spain LIGA BBVA,2015/2016,6000000
240054,Pablo Sarabia,8305,1860,Getafe CF,Getafe CF,Spain,Spain LIGA BBVA,2015/2016,7500000
30509,Pablo Zabaleta,8456,10,Manchester City,Manchester City,England,England Premier League,2015/2016,10000000
37654,Paco Montanes,8558,452,RCD Espanyol,RCD Espanyol,Spain,Spain LIGA BBVA,2015/2016,900000
163892,Palmeira,9807,1889,CF Os Belenenses,CF Os Belenenses,Portugal,Portugal Liga ZON Sagres,2014/2015,350000
39450,Panagiotis Kone,8600,55,Udinese,Udinese,Italy,Italy Serie A,2015/2016,3500000
110378,Panagiotis Tachtsidis,10233,110556,Genoa,Genoa,Italy,Italy Serie A,2015/2016,2200000
660132,Pantelis Hatzidiakos,10229,1906,AZ,AZ,Netherlands,Netherlands Eredivisie,2015/2016,300000
26406,Pantxi Sirieix,9941,1809,Toulouse FC,Toulouse FC,France,France Ligue 1,2014/2015,250000
32769,Paolo Cannavaro,7943,111974,Sassuolo,Sassuolo,Italy,Italy Serie A,2015/2016,600000
41892,Paolo De Ceglie,8592,219,Olympique de Marseille,Olympique de Marseille,France,France Ligue 1,2015/2016,800000
116907,Paolo Hurtado,7844,1887,Vitória Guimarães,Vitória Guimarães,Portugal,Portugal Liga ZON Sagres,2015/2016,1500000
33706,Paolo Sammarco,9891,111657,Frosinone,Frosinone,Italy,Italy Serie A,2015/2016,400000
158845,Pape Abdou Paye,8689,217,FC Lorient,FC Lorient,France,France Ligue 1,2015/2016,600000
41349,Pape Habib Sow,7841,744,Rio Ave FC,Rio Ave FC,Portugal,Portugal Liga ZON Sagres,2014/2015,100000
46836,Pape Kouli Diop,8558,452,RCD Espanyol,RCD Espanyol,Spain,Spain LIGA BBVA,2015/2016,3000000
40558,Pape Modou Sougou,4087,111271,Évian Thonon Gaillard FC,Évian Thonon Gaillard FC,France,France Ligue 1,2014/2015,750000
183519,Pape Ndiaye Souare,9826,1799,Crystal Palace,Crystal Palace,England,England Premier League,2015/2016,6500000
46700,Papiss Cisse,10261,13,Newcastle United,Newcastle United,England,England Premier League,2015/2016,5000000
193866,Papy Djilobodji,8697,38,SV Werder Bremen,SV Werder Bremen,Germany,Germany 1. Bundesliga,2015/2016,4500000
214340,Parfait Mandanda,9986,670,Sporting Charleroi,Sporting Charleroi,Belgium,Belgium Jupiler League,2015/2016,600000
167008,Pascal Gross,8234,111239,FC Ingolstadt 04,FC Ingolstadt 04,Germany,Germany 1. Bundesliga,2015/2016,4000000
67363,Pascal Thrier,10190,898,FC St. Gallen,FC St. Gallen,Switzerland,Switzerland Super League,2015/2016,250000
358149,Patric,8543,46,Lazio,Lazio,Italy,Italy Serie A,2015/2016,800000
32569,Patrice Evra,9885,45,Juventus,Juventus,Italy,Italy Serie A,2015/2016,1000000
570473,Patrick Andrade,8348,1900,Moreirense FC,Moreirense FC,Portugal,Portugal Liga ZON Sagres,2015/2016,150000
302241,Patrick Bamford,9850,1792,Norwich City,Norwich City,England,England Premier League,2015/2016,5000000
276734,Patrick Bauer,10212,1893,CS Marítimo,CS Marítimo,Portugal,Portugal Liga ZON Sagres,2014/2015,1000000
181572,Patrick De Vlamynck,274581,2000004,Royal Excel Mouscron,Royal Excel Mouscron,Belgium,Belgium Jupiler League,2014/2015,100000
36130,Patrick Ebert,8370,480,Rayo Vallecano,Rayo Vallecano,Spain,Spain LIGA BBVA,2015/2016,1500000
179404,Patrick Ekeng Ekeng,7869,1867,Córdoba CF,Córdoba CF,Spain,Spain LIGA BBVA,2014/2015,600000
192625,Patrick Herrmann,9788,23,Borussia Mönchengladbach,Borussia Mönchengladbach,Germany,Germany 1. Bundesliga,2015/2016,10000000
611532,Patrick Joosten,9908,1903,FC Utrecht,FC Utrecht,Netherlands,Netherlands Eredivisie,2015/2016,700000
575780,Patrick McNair,10260,11,Manchester United,Manchester United,England,England Premier League,2015/2016,4000000
527549,Patrick Roberts,9925,78,Celtic,Celtic,Scotland,Scotland Premier League,2015/2016,5000000
93229,Patrick Rossini,7896,2000003,Lugano,Lugano,Switzerland,Switzerland Super League,2015/2016,500000
180330,Patrick van Aanholt,8472,106,Sunderland,Sunderland,England,England Premier League,2015/2016,6000000
141082,Patrick Ziegler,8460,10030,SC Paderborn 07,SC Paderborn 07,Germany,Germany 1. Bundesliga,2014/2015,750000
307218,Patrik Misak,177361,2000005,Termalica Bruk-Bet Nieciecza,Termalica Bruk-Bet Nieciecza,Poland,Poland Ekstraklasa,2015/2016,250000
72256,Patrik Mraz,8028,111086,Piast Gliwice,Piast Gliwice,Poland,Poland Ekstraklasa,2015/2016,700000
309943,Patryk Fryc,177361,2000005,Termalica Bruk-Bet Nieciecza,Termalica Bruk-Bet Nieciecza,Poland,Poland Ekstraklasa,2015/2016,200000
502645,Patryk Lipski,1601,874,Ruch Chorzów,Ruch Chorzów,Poland,Poland Ekstraklasa,2015/2016,600000
69554,Patryk Malecki,10265,1873,Wisła Kraków,Wisła Kraków,Poland,Poland Ekstraklasa,2015/2016,250000
179311,Patryk Tuszynski,1957,110745,Jagiellonia Białystok,Jagiellonia Białystok,Poland,Poland Ekstraklasa,2015/2016,1200000
607121,Paul Andre Guerin,6391,110316,GFC Ajaccio,GFC Ajaccio,France,France Ligue 1,2015/2016,50000
154233,Paul Bastien Lasne,10249,70,Montpellier Hérault SC,Montpellier Hérault SC,France,France Ligue 1,2015/2016,1500000
39965,Paul Baysse,9831,72,OGC Nice,OGC Nice,France,France Ligue 1,2015/2016,2500000
602493,Paul Bernardoni,9827,59,Girondins de Bordeaux,Girondins de Bordeaux,France,France Ligue 1,2015/2016,1500000
14039,Paul Dixon,9938,181,Dundee United,Dundee United,Scotland,Scotland Premier League,2015/2016,325000
308932,Paul Dummett,10261,13,Newcastle United,Newcastle United,England,England Premier League,2015/2016,3500000
23141,Paul Gallacher,8426,1754,Partick Thistle F.C.,Partick Thistle F.C.,Scotland,Scotland Premier League,2015/2016,200000
253121,Paul Gladon,9791,100634,Heracles Almelo,Heracles Almelo,Netherlands,Netherlands Eredivisie,2015/2016,1000000
23415,Paul Heffernan,8284,180,Dundee FC,Dundee FC,Scotland,Scotland Premier League,2014/2015,275000
24781,Paul Konchesky,8197,95,Leicester City,Leicester City,England,England Premier League,2014/2015,250000
38866,Paul Lawson,9927,83,Motherwell,Motherwell,Scotland,Scotland Premier League,2014/2015,400000
171708,Paul McGinn,8284,180,Dundee FC,Dundee FC,Scotland,Scotland Premier League,2015/2016,300000
35587,Paul McGowan,8284,180,Dundee FC,Dundee FC,Scotland,Scotland Premier League,2015/2016,450000
40132,Paul McShane,8667,1952,Hull City,Hull City,England,England Premier League,2014/2015,1000000
291643,Paul Nardi,9829,69,AS Monaco,AS Monaco,France,France Ligue 1,2015/2016,1500000
36610,Paul Paton,9938,181,Dundee United,Dundee United,Scotland,Scotland Premier League,2015/2016,400000
248453,Paul Pogba,9885,45,Juventus,Juventus,Italy,Italy Serie A,2015/2016,80000000
32833,Paul Quinn,8649,631,Ross County FC,Ross County FC,Scotland,Scotland Premier League,2015/2016,450000
520342,Paul Seguin,8721,175,VfL Wolfsburg,VfL Wolfsburg,Germany,Germany 1. Bundesliga,2015/2016,750000
26618,Paul Verhaegh,8406,100409,FC Augsburg,FC Augsburg,Germany,Germany 1. Bundesliga,2015/2016,1750000
231199,Paul-Georges Ntep,9851,74,Stade Rennais FC,Stade Rennais FC,France,France Ligue 1,2015/2016,10000000
536526,Paulin Puel,9831,72,OGC Nice,OGC Nice,France,France Ligue 1,2015/2016,150000
114971,Paulinho,8586,18,Tottenham Hotspur,Tottenham Hotspur,England,England Premier League,2014/2015,10000000
362665,Paulinho,6367,2000001,Uniao da Madeira,Uniao da Madeira,Portugal,Portugal Liga ZON Sagres,2015/2016,1000000
195998,Paul-Jose M'Poku,8533,192,Chievo Verona,Chievo Verona,Italy,Italy Serie A,2015/2016,3000000
325916,Paulo Dybala,9885,45,Juventus,Juventus,Italy,Italy Serie A,2015/2016,45000000
278285,Paulo Gazzaniga,8466,17,Southampton,Southampton,England,England Premier League,2015/2016,800000
522771,Paulo Henrique,6403,1892,FC Paços de Ferreira,FC Paços de Ferreira,Portugal,Portugal Liga ZON Sagres,2015/2016,250000
46635,Paulo Monteiro,6367,2000001,Uniao da Madeira,Uniao da Madeira,Portugal,Portugal Liga ZON Sagres,2015/2016,400000
193927,Paulo Oliveira,9768,237,Sporting CP,Sporting CP,Portugal,Portugal Liga ZON Sagres,2015/2016,5000000
150039,Paulo Tavares,10238,665,Vitória Setúbal,Vitória Setúbal,Portugal,Portugal Liga ZON Sagres,2015/2016,500000
97515,Paulo Vinicius,8613,1898,Boavista FC,Boavista FC,Portugal,Portugal Liga ZON Sagres,2015/2016,700000
75578,Paulus Arajuuri,2182,873,Lech Poznań,Lech Poznań,Poland,Poland Ekstraklasa,2015/2016,800000
212156,Pavel Kaderabek,8226,10029,TSG 1899 Hoffenheim,TSG 1899 Hoffenheim,Germany,Germany 1. Bundesliga,2015/2016,3500000
154911,Pavel Komolov,8569,110744,GKS Bełchatów,GKS Bełchatów,Poland,Poland Ekstraklasa,2014/2015,500000
10950,Pavel Krmas,8358,25,SC Freiburg,SC Freiburg,Germany,Germany 1. Bundesliga,2014/2015,250000
30138,Pavel Pergl,9824,286,FC Vaduz,FC Vaduz,Switzerland,Switzerland Super League,2015/2016,100000
107001,Pavels Steinbors,8020,2000002,Polonia Bytom,Polonia Bytom,Poland,Poland Ekstraklasa,2014/2015,300000
16493,Pavle Ninkov,9941,1809,Toulouse FC,Toulouse FC,France,France Ligue 1,2015/2016,500000
12374,Pavol Stano,177361,2000005,Termalica Bruk-Bet Nieciecza,Termalica Bruk-Bet Nieciecza,Poland,Poland Ekstraklasa,2015/2016,50000
357302,Pawel Baranowski,8033,111087,Podbeskidzie Bielsko-Biała,Podbeskidzie Bielsko-Biała,Poland,Poland Ekstraklasa,2015/2016,250000
30978,Pawel Brozek,10265,1873,Wisła Kraków,Wisła Kraków,Poland,Poland Ekstraklasa,2015/2016,400000
36641,Pawel Golanski,8020,2000002,Polonia Bytom,Polonia Bytom,Poland,Poland Ekstraklasa,2015/2016,200000
480964,Pawel Jaroszynski,2186,110747,Cracovia,Cracovia,Poland,Poland Ekstraklasa,2015/2016,400000
13345,Pawel Kieszek,7842,10020,Estoril Praia,Estoril Praia,Portugal,Portugal Liga ZON Sagres,2015/2016,1000000
465797,Pawel Moskwik,8028,111086,Piast Gliwice,Piast Gliwice,Poland,Poland Ekstraklasa,2015/2016,200000
275765,Pawel Oleksy,1601,874,Ruch Chorzów,Ruch Chorzów,Poland,Poland Ekstraklasa,2015/2016,250000
212377,Pawel Olkowski,8722,31,1. FC Köln,1. FC Köln,Germany,Germany 1. Bundesliga,2015/2016,2000000
13327,Pawel Sasin,8019,110565,Górnik Łęczna,Górnik Łęczna,Poland,Poland Ekstraklasa,2015/2016,100000
385273,Pawel Stolarski,8030,111091,Lechia Gdańsk,Lechia Gdańsk,Poland,Poland Ekstraklasa,2015/2016,350000
206695,Pawel Wszolek,9876,206,Hellas Verona,Hellas Verona,Italy,Italy Serie A,2015/2016,1200000
522276,Pawel Zielinski,8025,111092,Śląsk Wrocław,Śląsk Wrocław,Poland,Poland Ekstraklasa,2015/2016,250000
114724,Pedrinho,7841,744,Rio Ave FC,Rio Ave FC,Portugal,Portugal Liga ZON Sagres,2015/2016,400000
291635,Pedro Bigas,8306,472,UD Las Palmas,UD Las Palmas,Spain,Spain LIGA BBVA,2015/2016,3000000
150769,Pedro Botelho,7842,10020,Estoril Praia,Estoril Praia,Portugal,Portugal Liga ZON Sagres,2015/2016,500000
680031,Pedro Chirivella,8650,9,Liverpool,Liverpool,England,England Premier League,2015/2016,100000
186677,Pedro Coronas,8348,1900,Moreirense FC,Moreirense FC,Portugal,Portugal Liga ZON Sagres,2015/2016,500000
40180,Pedro Correia,7844,1887,Vitória Guimarães,Vitória Guimarães,Portugal,Portugal Liga ZON Sagres,2015/2016,200000
304856,Pedro Henrique,9851,74,Stade Rennais FC,Stade Rennais FC,France,France Ligue 1,2015/2016,2500000
75192,Pedro Leon,8305,1860,Getafe CF,Getafe CF,Spain,Spain LIGA BBVA,2015/2016,4000000
37597,Pedro Lopez,8581,1853,Levante UD,Levante UD,Spain,Spain LIGA BBVA,2015/2016,500000
163919,Pedro Mba Obiang,8654,19,West Ham United,West Ham United,England,England Premier League,2015/2016,8000000
154264,Pedro Mendes,9851,74,Stade Rennais FC,Stade Rennais FC,France,France Ligue 1,2015/2016,2000000
566379,Pedro Monteiro,10264,1896,SC Braga,SC Braga,Portugal,Portugal Liga ZON Sagres,2015/2016,500000
11849,Pedro Moreira,7841,744,Rio Ave FC,Rio Ave FC,Portugal,Portugal Liga ZON Sagres,2015/2016,1250000
40668,Pedro Mosquera,9783,242,RC Deportivo de La Coruña,RC Deportivo de La Coruña,Spain,Spain LIGA BBVA,2015/2016,6000000
570835,Pedro Nuno,10215,1901,Académica de Coimbra,Académica de Coimbra,Portugal,Portugal Liga ZON Sagres,2015/2016,400000
660010,Pedro Pereira,9882,1837,Sampdoria,Sampdoria,Italy,Italy Serie A,2015/2016,1000000
29036,Pedro Queiros,10238,665,Vitória Setúbal,Vitória Setúbal,Portugal,Portugal Liga ZON Sagres,2014/2015,300000
243649,Pedro Ramirez,10179,110770,FC Sion,FC Sion,Switzerland,Switzerland Super League,2014/2015,400000
150250,Pedro Rodriguez,8455,5,Chelsea,Chelsea,England,England Premier League,2015/2016,23000000
281628,Pedro Santos,10264,1896,SC Braga,SC Braga,Portugal,Portugal Liga ZON Sagres,2015/2016,4000000
164053,Pedro Tiba,10264,1896,SC Braga,SC Braga,Portugal,Portugal Liga ZON Sagres,2014/2015,2000000
164354,Pedro Trigueira,10215,1901,Académica de Coimbra,Académica de Coimbra,Portugal,Portugal Liga ZON Sagres,2015/2016,750000
450708,Peet Bijen,8611,1908,FC Twente,FC Twente,Netherlands,Netherlands Eredivisie,2015/2016,500000
163605,Pele,6403,1892,FC Paços de Ferreira,FC Paços de Ferreira,Portugal,Portugal Liga ZON Sagres,2015/2016,3500000
214397,Pele van Anholt,10228,1913,SC Heerenveen,SC Heerenveen,Netherlands,Netherlands Eredivisie,2015/2016,1500000
574630,Pelle van Amersfoort,10228,1913,SC Heerenveen,SC Heerenveen,Netherlands,Netherlands Eredivisie,2014/2015,300000
25921,Pepe,8633,243,Real Madrid CF,Real Madrid CF,Spain,Spain LIGA BBVA,2015/2016,6000000
30660,Pepe Reina,9875,48,Napoli,Napoli,Italy,Italy Serie A,2015/2016,3000000
40108,Per Ciljan Skjelbred,8177,166,Hertha BSC Berlin,Hertha BSC Berlin,Germany,Germany 1. Bundesliga,2015/2016,4000000
35606,Per Mertesacker,9825,1,Arsenal,Arsenal,England,England Premier League,2015/2016,10000000
39487,Perparim Hetemaj,8533,192,Chievo Verona,Chievo Verona,Italy,Italy Serie A,2015/2016,4500000
254975,Perry Kitchen,9860,80,Heart of Midlothian,Heart of Midlothian,Scotland,Scotland Premier League,2015/2016,700000
265944,Petar Brlek,10265,1873,Wisła Kraków,Wisła Kraków,Poland,Poland Ekstraklasa,2015/2016,500000
193202,Petar Sliskovic,9930,434,FC Aarau,FC Aarau,Switzerland,Switzerland Super League,2014/2015,150000
30830,Peter Crouch,10194,1806,Stoke City,Stoke City,England,England Premier League,2015/2016,1500000
72458,Peter Grajciar,8025,111092,Śląsk Wrocław,Śląsk Wrocław,Poland,Poland Ekstraklasa,2015/2016,100000
33272,Peter Jehle,9824,286,FC Vaduz,FC Vaduz,Switzerland,Switzerland Super League,2015/2016,300000
26545,Peter Niemeyer,8262,110502,SV Darmstadt 98,SV Darmstadt 98,Germany,Germany 1. Bundesliga,2015/2016,750000
25550,Peter Odemwingie,10194,1806,Stoke City,Stoke City,England,England Premier League,2014/2015,1500000
118896,Peter Pawlett,8485,77,Aberdeen,Aberdeen,Scotland,Scotland Premier League,2015/2016,500000
12330,Peter Pekarik,8177,166,Hertha BSC Berlin,Hertha BSC Berlin,Germany,Germany 1. Bundesliga,2015/2016,2500000
46130,Peter van der Vlag,8674,1915,FC Groningen,FC Groningen,Netherlands,Netherlands Eredivisie,2014/2015,100000
243473,Peter van Ooijen,9791,100634,Heracles Almelo,Heracles Almelo,Netherlands,Netherlands Eredivisie,2015/2016,500000
30859,Petr Cech,9825,1,Arsenal,Arsenal,England,England Premier League,2015/2016,12000000
10967,Petr Jiracek,9790,28,Hamburger SV,Hamburger SV,Germany,Germany 1. Bundesliga,2014/2015,800000
535600,Petros,8603,449,Real Betis Balompié,Real Betis Balompié,Spain,Spain LIGA BBVA,2015/2016,5000000
36786,Phil Bardsley,10194,1806,Stoke City,Stoke City,England,England Premier League,2015/2016,1500000
23268,Phil Jagielka,8668,7,Everton,Everton,England,England Premier League,2015/2016,3500000
186137,Phil Jones,10260,11,Manchester United,Manchester United,England,England Premier League,2015/2016,14000000
276700,Philip Heise,10269,36,VfB Stuttgart,VfB Stuttgart,Germany,Germany 1. Bundesliga,2015/2016,750000
570359,Philipe Sampaio,8613,1898,Boavista FC,Boavista FC,Portugal,Portugal Liga ZON Sagres,2015/2016,500000
134217,Philipp Bargfrede,8697,38,SV Werder Bremen,SV Werder Bremen,Germany,Germany 1. Bundesliga,2015/2016,1500000
177941,Philipp Hosiner,8722,31,1. FC Köln,1. FC Köln,Germany,Germany 1. Bundesliga,2015/2016,1000000
30894,Philipp Lahm,9823,21,FC Bayern Munich,FC Bayern Munich,Germany,Germany 1. Bundesliga,2015/2016,13000000
488298,Philipp Max,8406,100409,FC Augsburg,FC Augsburg,Germany,Germany 1. Bundesliga,2015/2016,3500000
42237,Philipp Muntwiler,9824,286,FC Vaduz,FC Vaduz,Switzerland,Switzerland Super League,2015/2016,450000
664585,Philipp Ochs,8226,10029,TSG 1899 Hoffenheim,TSG 1899 Hoffenheim,Germany,Germany 1. Bundesliga,2015/2016,1500000
200962,Philipp Wollscheid,10194,1806,Stoke City,Stoke City,England,England Premier League,2015/2016,7500000
135247,Philipp Zulechner,10192,900,BSC Young Boys,BSC Young Boys,Switzerland,Switzerland Super League,2015/2016,500000
184536,Philippe Coutinho,8650,9,Liverpool,Liverpool,England,England Premier League,2015/2016,35000000
121080,Philippe Koch,10243,894,FC Zürich,FC Zürich,Switzerland,Switzerland Super League,2015/2016,400000
30890,Philippe Senderos,9956,322,Grasshopper Club Zürich,Grasshopper Club Zürich,Switzerland,Switzerland Super League,2015/2016,900000
30453,Phillippe Mexes,8564,47,Milan,Milan,Italy,Italy Serie A,2015/2016,500000
553849,Pierluigi Gollini,9876,206,Hellas Verona,Hellas Verona,Italy,Italy Serie A,2015/2016,4000000
171472,Pierre Bengtsson,9905,169,1. FSV Mainz 05,1. FSV Mainz 05,Germany,Germany 1. Bundesliga,2015/2016,2000000
466443,Pierre Bourdin,9984,1750,KSV Cercle Brugge,KSV Cercle Brugge,Belgium,Belgium Jupiler League,2014/2015,400000
215823,Pierre Sagna,8348,1900,Moreirense FC,Moreirense FC,Portugal,Portugal Liga ZON Sagres,2015/2016,550000
150565,Pierre-Emerick Aubameyang,9789,22,Borussia Dortmund,Borussia Dortmund,Germany,Germany 1. Bundesliga,2015/2016,45000000
266523,Pierre-Emil Hoejbjerg,10189,34,FC Schalke 04,FC Schalke 04,Germany,Germany 1. Bundesliga,2015/2016,8000000
193530,Pierre-Michel Lasogga,9790,28,Hamburger SV,Hamburger SV,Germany,Germany 1. Bundesliga,2015/2016,4000000
280134,Pierre-Yves Ngawa,1773,100087,Oud-Heverlee Leuven,Oud-Heverlee Leuven,Belgium,Belgium Jupiler League,2015/2016,450000
307017,Pierre-Yves Polomat,9853,1819,AS Saint-Étienne,AS Saint-Étienne,France,France Ligue 1,2015/2016,1250000
310836,Pierrick Capelle,8121,1530,Angers SCO,Angers SCO,France,France Ligue 1,2015/2016,800000
185618,Pierrick Cros,274581,2000004,Royal Excel Mouscron,Royal Excel Mouscron,Belgium,Belgium Jupiler League,2014/2015,600000
179893,Pierrick Valdivia,8588,64,RC Lens,RC Lens,France,France Ligue 1,2014/2015,1250000
37216,Piet Velthuizen,8277,1909,Vitesse,Vitesse,Netherlands,Netherlands Eredivisie,2014/2015,1250000
465746,Pieter Gerkens,9997,680,Sint-Truidense VV,Sint-Truidense VV,Belgium,Belgium Jupiler League,2015/2016,750000
36849,Pieterjan Monteyne,1773,100087,Oud-Heverlee Leuven,Oud-Heverlee Leuven,Belgium,Belgium Jupiler League,2015/2016,150000
301805,Pintassilgo,158085,112513,FC Arouca,FC Arouca,Portugal,Portugal Liga ZON Sagres,2015/2016,250000
13437,Piotr Celeban,8025,111092,Śląsk Wrocław,Śląsk Wrocław,Poland,Poland Ekstraklasa,2015/2016,600000
69637,Piotr Grzelczak,1957,110745,Jagiellonia Białystok,Jagiellonia Białystok,Poland,Poland Ekstraklasa,2015/2016,250000
178435,Piotr Malarczyk,8245,111083,Korona Kielce,Korona Kielce,Poland,Poland Ekstraklasa,2015/2016,450000
13533,Piotr Polczak,2186,110747,Cracovia,Cracovia,Poland,Poland Ekstraklasa,2015/2016,350000
155611,Piotr Tomasik,1957,110745,Jagiellonia Białystok,Jagiellonia Białystok,Poland,Poland Ekstraklasa,2015/2016,250000
39106,Piotr Trochowski,8406,100409,FC Augsburg,FC Augsburg,Germany,Germany 1. Bundesliga,2015/2016,750000
69061,Piotr Wisniewski,8030,111091,Lechia Gdańsk,Lechia Gdańsk,Poland,Poland Ekstraklasa,2015/2016,50000
463950,Piotr Zemlo,10265,1873,Wisła Kraków,Wisła Kraków,Poland,Poland Ekstraklasa,2014/2015,50000
362212,Piotr Zielinski,8534,1746,Empoli,Empoli,Italy,Italy Serie A,2015/2016,14000000
34267,Pirmin Schwegler,8226,10029,TSG 1899 Hoffenheim,TSG 1899 Hoffenheim,Germany,Germany 1. Bundesliga,2015/2016,2500000
43372,Piti,8370,480,Rayo Vallecano,Rayo Vallecano,Spain,Spain LIGA BBVA,2015/2016,400000
186748,Pizzi,9772,234,SL Benfica,SL Benfica,Portugal,Portugal Liga ZON Sagres,2015/2016,13000000
255538,Plamen Krachunov,8467,100804,St. Johnstone FC,St. Johnstone FC,Scotland,Scotland Premier League,2015/2016,350000
174031,Pontus Jansson,9804,54,Torino,Torino,Italy,Italy Serie A,2015/2016,1300000
585352,Pozo,8456,10,Manchester City,Manchester City,England,England Premier League,2014/2015,500000
562035,Presnel Kimpembe,9847,73,Paris Saint-Germain,Paris Saint-Germain,France,France Ligue 1,2015/2016,8000000
92790,Prince Buaben,9860,80,Heart of Midlothian,Heart of Midlothian,Scotland,Scotland Premier League,2015/2016,500000
266546,Prince Desir Gouano,7841,744,Rio Ave FC,Rio Ave FC,Portugal,Portugal Liga ZON Sagres,2014/2015,1500000
94321,Prince Oniangue,9837,379,Stade de Reims,Stade de Reims,France,France Ligue 1,2015/2016,2000000
402419,Przemyslaw Frankowski,1957,110745,Jagiellonia Białystok,Jagiellonia Białystok,Poland,Poland Ekstraklasa,2015/2016,400000
545065,Przemyslaw Mystkowski,1957,110745,Jagiellonia Białystok,Jagiellonia Białystok,Poland,Poland Ekstraklasa,2015/2016,200000
69111,Przemyslaw Pitry,8019,110565,Górnik Łęczna,Górnik Łęczna,Poland,Poland Ekstraklasa,2015/2016,100000
38604,Przemyslaw Trytko,8245,111083,Korona Kielce,Korona Kielce,Poland,Poland Ekstraklasa,2015/2016,250000
68813,Przemyslaw Tyton,10269,36,VfB Stuttgart,VfB Stuttgart,Germany,Germany 1. Bundesliga,2015/2016,1000000
562849,Queensy Menig,6413,1914,PEC Zwolle,PEC Zwolle,Netherlands,Netherlands Eredivisie,2015/2016,750000
562721,Quentin Cornette,10249,70,Montpellier Hérault SC,Montpellier Hérault SC,France,France Ligue 1,2015/2016,300000
46891,Quentin Othon,10242,294,ES Troyes AC,ES Troyes AC,France,France Ligue 1,2015/2016,500000
23779,Quincy Owusu-Abeyie,8613,1898,Boavista FC,Boavista FC,Portugal,Portugal Liga ZON Sagres,2014/2015,800000
97496,Rabiola,10215,1901,Académica de Coimbra,Académica de Coimbra,Portugal,Portugal Liga ZON Sagres,2015/2016,850000
278338,Rachid Alioui,9747,62,En Avant de Guingamp,En Avant de Guingamp,France,France Ligue 1,2014/2015,700000
149258,Rachid Bourabia,8475,110913,Waasland-Beveren,Waasland-Beveren,Belgium,Belgium Jupiler League,2014/2015,600000
210120,Rachid Ghezzal,9748,66,Olympique Lyonnais,Olympique Lyonnais,France,France Ligue 1,2015/2016,5500000
22543,Radamel Falcao,8455,5,Chelsea,Chelsea,England,England Premier League,2015/2016,15000000
438456,Rade Krunic,8534,1746,Empoli,Empoli,Italy,Italy Serie A,2015/2016,600000
94419,Radek Dejmek,8245,111083,Korona Kielce,Korona Kielce,Poland,Poland Ekstraklasa,2015/2016,300000
41433,Radja Nainggolan,8686,52,Roma,Roma,Italy,Italy Serie A,2015/2016,33000000
13471,Radoslaw Cierzniak,10265,1873,Wisła Kraków,Wisła Kraków,Poland,Poland Ekstraklasa,2015/2016,250000
69382,Radoslaw Janukiewicz,8020,2000002,Polonia Bytom,Polonia Bytom,Poland,Poland Ekstraklasa,2015/2016,100000
412981,Radoslaw Murawski,8028,111086,Piast Gliwice,Piast Gliwice,Poland,Poland Ekstraklasa,2015/2016,600000
117556,Radoslaw Pruchnik,8019,110565,Górnik Łęczna,Górnik Łęczna,Poland,Poland Ekstraklasa,2015/2016,200000
488710,Rafa Galvez,10268,468,Elche CF,Elche CF,Spain,Spain LIGA BBVA,2014/2015,250000
75397,Rafa Lopez,8460,10030,SC Paderborn 07,SC Paderborn 07,Germany,Germany 1. Bundesliga,2014/2015,400000
477023,Rafa Silva,10264,1896,SC Braga,SC Braga,Portugal,Portugal Liga ZON Sagres,2015/2016,15000000
721133,Rafa Soares,10215,1901,Académica de Coimbra,Académica de Coimbra,Portugal,Portugal Liga ZON Sagres,2015/2016,1750000
186673,Rafa Sousa,8348,1900,Moreirense FC,Moreirense FC,Portugal,Portugal Liga ZON Sagres,2015/2016,250000
172157,Rafael,9875,48,Napoli,Napoli,Italy,Italy Serie A,2014/2015,5000000
38994,Rafael,9748,66,Olympique Lyonnais,Olympique Lyonnais,France,France Ligue 1,2015/2016,5000000
105828,Rafael,9876,206,Hellas Verona,Hellas Verona,Italy,Italy Serie A,2015/2016,600000
242901,Rafael Amorim,9807,1889,CF Os Belenenses,CF Os Belenenses,Portugal,Portugal Liga ZON Sagres,2015/2016,450000
45306,Rafael Bracalli,158085,112513,FC Arouca,FC Arouca,Portugal,Portugal Liga ZON Sagres,2015/2016,300000
245412,Rafael Crivellaro,10265,1873,Wisła Kraków,Wisła Kraków,Poland,Poland Ekstraklasa,2015/2016,300000
500575,Rafael Defendi,6403,1892,FC Paços de Ferreira,FC Paços de Ferreira,Portugal,Portugal Liga ZON Sagres,2015/2016,400000
181425,Rafael Galhardo,8635,229,RSC Anderlecht,RSC Anderlecht,Belgium,Belgium Jupiler League,2015/2016,1000000
214450,Rafael Lopes,10215,1901,Académica de Coimbra,Académica de Coimbra,Portugal,Portugal Liga ZON Sagres,2015/2016,1000000
19285,Rafael Marques,9876,206,Hellas Verona,Hellas Verona,Italy,Italy Serie A,2014/2015,650000
30740,Rafael Marquez,9876,206,Hellas Verona,Hellas Verona,Italy,Italy Serie A,2015/2016,800000
213317,Rafael Martinho,208931,112409,Carpi,Carpi,Italy,Italy Serie A,2015/2016,800000
211118,Rafael Martins,8348,1900,Moreirense FC,Moreirense FC,Portugal,Portugal Liga ZON Sagres,2015/2016,1000000
127374,Rafael Toloi,8524,39,Atalanta,Atalanta,Italy,Italy Serie A,2015/2016,4000000
30840,Rafael van der Vaart,8603,449,Real Betis Balompié,Real Betis Balompié,Spain,Spain LIGA BBVA,2015/2016,500000
68766,Rafal Boguski,10265,1873,Wisła Kraków,Wisła Kraków,Poland,Poland Ekstraklasa,2015/2016,200000
68732,Rafal Grodzicki,1601,874,Ruch Chorzów,Ruch Chorzów,Poland,Poland Ekstraklasa,2015/2016,150000
93839,Rafal Grzelak,8245,111083,Korona Kielce,Korona Kielce,Poland,Poland Ekstraklasa,2015/2016,200000
79241,Rafal Grzyb,1957,110745,Jagiellonia Białystok,Jagiellonia Białystok,Poland,Poland Ekstraklasa,2015/2016,150000
237620,Rafal Janicki,8030,111091,Lechia Gdańsk,Lechia Gdańsk,Poland,Poland Ekstraklasa,2015/2016,800000
69009,Rafal Kosznik,8020,2000002,Polonia Bytom,Polonia Bytom,Poland,Poland Ekstraklasa,2015/2016,150000
656698,Rafal Makowski,8673,1871,Legia Warszawa,Legia Warszawa,Poland,Poland Ekstraklasa,2015/2016,175000
69101,Rafal Murawski,8023,110746,Pogoń Szczecin,Pogoń Szczecin,Poland,Poland Ekstraklasa,2015/2016,250000
127959,Rafal Pietrzak,10265,1873,Wisła Kraków,Wisła Kraków,Poland,Poland Ekstraklasa,2015/2016,200000
206793,Rafal Wolski,10265,1873,Wisła Kraków,Wisła Kraków,Poland,Poland Ekstraklasa,2015/2016,1000000
25819,Raffael,9788,23,Borussia Mönchengladbach,Borussia Mönchengladbach,Germany,Germany 1. Bundesliga,2015/2016,8000000
80126,Raffaele Bianco,208931,112409,Carpi,Carpi,Italy,Italy Serie A,2015/2016,800000
135335,Raffaele De Vita,8649,631,Ross County FC,Ross County FC,Scotland,Scotland Premier League,2015/2016,300000
193439,Raffaele Maiello,8534,1746,Empoli,Empoli,Italy,Italy Serie A,2015/2016,1200000
41413,Raffaele Palladino,10167,50,Parma,Parma,Italy,Italy Serie A,2014/2015,300000
308843,Rafidine Abdullah,8689,217,FC Lorient,FC Lorient,France,France Ligue 1,2015/2016,1000000
27303,Rafinha,9823,21,FC Bayern Munich,FC Bayern Munich,Germany,Germany 1. Bundesliga,2015/2016,5500000
242469,Rafinha,8634,241,FC Barcelona,FC Barcelona,Spain,Spain LIGA BBVA,2015/2016,12000000
49451,Rafinha,9991,674,KAA Gent,KAA Gent,Belgium,Belgium Jupiler League,2015/2016,100000
26660,Ragnar Klavan,8406,100409,FC Augsburg,FC Augsburg,Germany,Germany 1. Bundesliga,2015/2016,4000000
246575,Raheem Sterling,8456,10,Manchester City,Manchester City,England,England Premier League,2015/2016,45000000
489959,Rai Vloet,7788,647,SC Cambuur,SC Cambuur,Netherlands,Netherlands Eredivisie,2015/2016,500000
174690,Rajko Brezancic,10229,1906,AZ,AZ,Netherlands,Netherlands Eredivisie,2015/2016,600000
49586,Ralf Faehrmann,10189,34,FC Schalke 04,FC Schalke 04,Germany,Germany 1. Bundesliga,2015/2016,9000000
399549,Raman Chibsah,9891,111657,Frosinone,Frosinone,Italy,Italy Serie A,2015/2016,1800000
42909,Ramazan Oezcan,8234,111239,FC Ingolstadt 04,FC Ingolstadt 04,Germany,Germany 1. Bundesliga,2015/2016,1250000
186621,Rami Gershon,9991,674,KAA Gent,KAA Gent,Belgium,Belgium Jupiler League,2015/2016,2000000
79574,Ramires,8455,5,Chelsea,Chelsea,England,England Premier League,2015/2016,14000000
213878,Ramiro Funes Mori,8668,7,Everton,Everton,England,England Premier League,2015/2016,12000000
362855,Ramon Azeez,9865,1861,UD Almería,UD Almería,Spain,Spain LIGA BBVA,2014/2015,800000
68516,Ramon Cardozo,8348,1900,Moreirense FC,Moreirense FC,Portugal,Portugal Liga ZON Sagres,2015/2016,600000
115862,Ramon Cecchini,9824,286,FC Vaduz,FC Vaduz,Switzerland,Switzerland Super League,2015/2016,250000
37195,Ramon Leeuwin,9908,1903,FC Utrecht,FC Utrecht,Netherlands,Netherlands Eredivisie,2015/2016,750000
31296,Ramon Zomer,9791,100634,Heracles Almelo,Heracles Almelo,Netherlands,Netherlands Eredivisie,2015/2016,650000
559065,Ramy Bensebaini,10249,70,Montpellier Hérault SC,Montpellier Hérault SC,France,France Ligue 1,2015/2016,2000000
352994,Raphael Guerreiro,8689,217,FC Lorient,FC Lorient,France,France Ligue 1,2015/2016,18000000
500934,Raphael Guzzo,188163,2000006,Tondela,Tondela,Portugal,Portugal Liga ZON Sagres,2015/2016,800000
212863,Raphael Lecomte,10001,681,KVC Westerlo,KVC Westerlo,Belgium,Belgium Jupiler League,2015/2016,400000
25860,Raphael Nuzzolo,10192,900,BSC Young Boys,BSC Young Boys,Switzerland,Switzerland Super League,2015/2016,300000
230982,Raphael Varane,8633,243,Real Madrid CF,Real Madrid CF,Spain,Spain LIGA BBVA,2015/2016,30000000
94139,Raphael Wolf,8697,38,SV Werder Bremen,SV Werder Bremen,Germany,Germany 1. Bundesliga,2014/2015,500000
32920,Rasmus Bengtsson,8611,1908,FC Twente,FC Twente,Netherlands,Netherlands Eredivisie,2014/2015,1500000
26459,Rasmus Lindgren,8674,1915,FC Groningen,FC Groningen,Netherlands,Netherlands Eredivisie,2015/2016,600000
477471,Raul Albentosa,9864,573,Málaga CF,Málaga CF,Spain,Spain LIGA BBVA,2015/2016,3500000
34029,Raul Albiol,9875,48,Napoli,Napoli,Italy,Italy Serie A,2015/2016,8500000
33871,Raul Garcia,8315,448,Athletic Club de Bilbao,Athletic Club de Bilbao,Spain,Spain LIGA BBVA,2015/2016,12000000
581726,Raul Gudino,6367,2000001,Uniao da Madeira,Uniao da Madeira,Portugal,Portugal Liga ZON Sagres,2015/2016,1250000
292313,Raul Jimenez,9772,234,SL Benfica,SL Benfica,Portugal,Portugal Liga ZON Sagres,2015/2016,11000000
477498,Raul Lizoain,8306,472,UD Las Palmas,UD Las Palmas,Spain,Spain LIGA BBVA,2015/2016,400000
66940,Raul Marcelo Bobadilla,8406,100409,FC Augsburg,FC Augsburg,Germany,Germany 1. Bundesliga,2015/2016,5000000
173965,Raul Navas,8372,467,SD Eibar,SD Eibar,Spain,Spain LIGA BBVA,2014/2015,800000
40220,Razvan Rat,8370,480,Rayo Vallecano,Rayo Vallecano,Spain,Spain LIGA BBVA,2015/2016,400000
570760,Reece Burke,8654,19,West Ham United,West Ham United,England,England Premier League,2014/2015,1000000
609734,Reece Grego-Cox,10172,15,Queens Park Rangers,Queens Park Rangers,England,England Premier League,2014/2015,100000
575789,Reece Oxford,8654,19,West Ham United,West Ham United,England,England Premier League,2015/2016,4000000
119117,Reginald Goreux,9985,232,Standard de Liège,Standard de Liège,Belgium,Belgium Jupiler League,2015/2016,1300000
508421,Reginaldo,10214,1891,CD Nacional,CD Nacional,Portugal,Portugal Liga ZON Sagres,2014/2015,350000
210115,Remi Mulumba,8689,217,FC Lorient,FC Lorient,France,France Ligue 1,2015/2016,600000
427855,Remi Walter,9831,72,OGC Nice,OGC Nice,France,France Ligue 1,2015/2016,1500000
26547,Remko Pasveer,8640,247,PSV,PSV,Netherlands,Netherlands Eredivisie,2014/2015,800000
656683,Remo Arnold,10199,897,FC Luzern,FC Luzern,Switzerland,Switzerland Super League,2015/2016,500000
201704,Remo Freuler,8524,39,Atalanta,Atalanta,Italy,Italy Serie A,2015/2016,2000000
184522,Remy Amieux,9761,1904,NAC Breda,NAC Breda,Netherlands,Netherlands Eredivisie,2014/2015,300000
199834,Remy Cabella,8592,219,Olympique de Marseille,Olympique de Marseille,France,France Ligue 1,2015/2016,8000000
5202,Remy Gomis,9830,71,FC Nantes,FC Nantes,France,France Ligue 1,2015/2016,250000
40714,Remy Riou,9830,71,FC Nantes,FC Nantes,France,France Ligue 1,2015/2016,4000000
26167,Remy Vercoutre,7819,210,SM Caen,SM Caen,France,France Ligue 1,2015/2016,500000
79775,Renan Bressan,7841,744,Rio Ave FC,Rio Ave FC,Portugal,Portugal Liga ZON Sagres,2015/2016,1000000
40020,Renato Civelli,8639,65,LOSC Lille,LOSC Lille,France,France Ligue 1,2015/2016,1000000
207243,Renato Ibarra,8277,1909,Vitesse,Vitesse,Netherlands,Netherlands Eredivisie,2015/2016,2000000
173449,Renato Neto,9991,674,KAA Gent,KAA Gent,Belgium,Belgium Jupiler League,2015/2016,4000000
589344,Renato Sanches,9772,234,SL Benfica,SL Benfica,Portugal,Portugal Liga ZON Sagres,2015/2016,30000000
209507,Renato Santos,8613,1898,Boavista FC,Boavista FC,Portugal,Portugal Liga ZON Sagres,2015/2016,700000
384376,Renato Steffen,9931,896,FC Basel,FC Basel,Switzerland,Switzerland Super League,2015/2016,3000000
489288,Renato Tapia,10235,246,Feyenoord,Feyenoord,Netherlands,Netherlands Eredivisie,2015/2016,2500000
26051,Renaud Cohade,9853,1819,AS Saint-Étienne,AS Saint-Étienne,France,France Ligue 1,2015/2016,1000000
466203,Renaud Emond,9985,232,Standard de Liège,Standard de Liège,Belgium,Belgium Jupiler League,2015/2016,1000000
27424,Rene Adler,9790,28,Hamburger SV,Hamburger SV,Germany,Germany 1. Bundesliga,2015/2016,3500000
170667,Rene Krhin,7878,110832,Granada CF,Granada CF,Spain,Spain LIGA BBVA,2015/2016,2500000
52160,Renny Vega,6367,2000001,Uniao da Madeira,Uniao da Madeira,Portugal,Portugal Liga ZON Sagres,2015/2016,100000
41162,Rens van Eijden,8464,1910,N.E.C.,N.E.C.,Netherlands,Netherlands Eredivisie,2015/2016,1500000
32597,Reto Ziegler,10179,110770,FC Sion,FC Sion,Switzerland,Switzerland Super League,2015/2016,1250000
321970,Reuben Gabriel,8613,1898,Boavista FC,Boavista FC,Portugal,Portugal Liga ZON Sagres,2015/2016,350000
11329,Reynald Lemaitre,9747,62,En Avant de Guingamp,En Avant de Guingamp,France,France Ligue 1,2015/2016,250000
568908,Ricardinho,9764,1888,Gil Vicente FC,Gil Vicente FC,Portugal,Portugal Liga ZON Sagres,2014/2015,400000
301804,Ricardo,9807,1889,CF Os Belenenses,CF Os Belenenses,Portugal,Portugal Liga ZON Sagres,2015/2016,400000
50189,Ricardo Alvarez,9882,1837,Sampdoria,Sampdoria,Italy,Italy Serie A,2015/2016,6500000
163985,Ricardo Campos,6367,2000001,Uniao da Madeira,Uniao da Madeira,Portugal,Portugal Liga ZON Sagres,2015/2016,100000
30911,Ricardo Carvalho,9829,69,AS Monaco,AS Monaco,France,France Ligue 1,2015/2016,500000
30914,Ricardo Costa,7878,110832,Granada CF,Granada CF,Spain,Spain LIGA BBVA,2015/2016,600000
163827,Ricardo Dias,9807,1889,CF Os Belenenses,CF Os Belenenses,Portugal,Portugal Liga ZON Sagres,2015/2016,600000
300918,Ricardo Esgaio,9768,237,Sporting CP,Sporting CP,Portugal,Portugal Liga ZON Sagres,2015/2016,2000000
34183,Ricardo Faty,9985,232,Standard de Liège,Standard de Liège,Belgium,Belgium Jupiler League,2015/2016,1200000
242874,Ricardo Ferreira,10264,1896,SC Braga,SC Braga,Portugal,Portugal Liga ZON Sagres,2015/2016,1500000
473873,Ricardo Gomes,10214,1891,CD Nacional,CD Nacional,Portugal,Portugal Liga ZON Sagres,2015/2016,500000
432591,Ricardo Horta,9864,573,Málaga CF,Málaga CF,Spain,Spain LIGA BBVA,2015/2016,1200000
518373,Ricardo Kishna,8543,46,Lazio,Lazio,Italy,Italy Serie A,2015/2016,3800000
186671,Ricardo Nascimento,10215,1901,Académica de Coimbra,Académica de Coimbra,Portugal,Portugal Liga ZON Sagres,2015/2016,750000
186463,Ricardo Nunes,8023,110746,Pogoń Szczecin,Pogoń Szczecin,Poland,Poland Ekstraklasa,2015/2016,250000
306128,Ricardo Pereira,9831,72,OGC Nice,OGC Nice,France,France Ligue 1,2015/2016,9000000
38239,Ricardo Quaresma,9773,236,FC Porto,FC Porto,Portugal,Portugal Liga ZON Sagres,2014/2015,4000000
115591,Ricardo Rodriguez,8721,175,VfL Wolfsburg,VfL Wolfsburg,Germany,Germany 1. Bundesliga,2015/2016,25000000
361736,Ricardo Valente,7844,1887,Vitória Guimarães,Vitória Guimarães,Portugal,Portugal Liga ZON Sagres,2015/2016,1750000
299514,Ricardo van Rhijn,8593,245,Ajax,Ajax,Netherlands,Netherlands Eredivisie,2015/2016,2500000
23936,Ricardo Vaz Te,8654,19,West Ham United,West Ham United,England,England Premier League,2014/2015,2000000
607130,Riccardo Calder,8284,180,Dundee FC,Dundee FC,Scotland,Scotland Premier League,2015/2016,75000
364532,Riccardo Fiamozzi,10233,110556,Genoa,Genoa,Italy,Italy Serie A,2015/2016,1000000
414854,Riccardo Gagliolo,208931,112409,Carpi,Carpi,Italy,Italy Serie A,2015/2016,1200000
42437,Riccardo Meggiorini,8533,192,Chievo Verona,Chievo Verona,Italy,Italy Serie A,2015/2016,3500000
24507,Riccardo Montolivo,8564,47,Milan,Milan,Italy,Italy Serie A,2015/2016,4500000
212645,Riccardo Saponara,8534,1746,Empoli,Empoli,Italy,Italy Serie A,2015/2016,13000000
412708,Richairo Zivkovic,8525,1907,Willem II,Willem II,Netherlands,Netherlands Eredivisie,2015/2016,2000000
32430,Richard Foster,8649,631,Ross County FC,Ross County FC,Scotland,Scotland Premier League,2015/2016,225000
142272,Richard Guzmics,10265,1873,Wisła Kraków,Wisła Kraków,Poland,Poland Ekstraklasa,2015/2016,850000
197544,Richard Magyar,9930,434,FC Aarau,FC Aarau,Switzerland,Switzerland Super League,2014/2015,300000
424130,Richard Ofori,10215,1901,Académica de Coimbra,Académica de Coimbra,Portugal,Portugal Liga ZON Sagres,2015/2016,300000
240338,Richard Strebinger,8697,38,SV Werder Bremen,SV Werder Bremen,Germany,Germany 1. Bundesliga,2014/2015,800000
147732,Richard Sukuta-Pasu,9984,1750,KSV Cercle Brugge,KSV Cercle Brugge,Belgium,Belgium Jupiler League,2014/2015,350000
198583,Richmond Boakye,9803,1902,Roda JC Kerkrade,Roda JC Kerkrade,Netherlands,Netherlands Eredivisie,2015/2016,1400000
553477,Rick Dekker,6413,1914,PEC Zwolle,PEC Zwolle,Netherlands,Netherlands Eredivisie,2015/2016,700000
560852,Rick Karsdorp,10235,246,Feyenoord,Feyenoord,Netherlands,Netherlands Eredivisie,2015/2016,4500000
163161,Rick ten Voorde,6631,100626,FC Dordrecht,FC Dordrecht,Netherlands,Netherlands Eredivisie,2014/2015,250000
39225,Rickie Lambert,8659,109,West Bromwich Albion,West Bromwich Albion,England,England Premier League,2015/2016,2500000
26499,Ricky Kruys,10218,1971,Excelsior,Excelsior,Netherlands,Netherlands Eredivisie,2015/2016,450000
201745,Ricky van Haaren,6631,100626,FC Dordrecht,FC Dordrecht,Netherlands,Netherlands Eredivisie,2014/2015,200000
116750,Ricky van Wolfswinkel,8603,449,Real Betis Balompié,Real Betis Balompié,Spain,Spain LIGA BBVA,2015/2016,2000000
462004,Rico Strieder,9908,1903,FC Utrecht,FC Utrecht,Netherlands,Netherlands Eredivisie,2015/2016,1000000
115440,Ridge Mickael Mobulu,10199,897,FC Luzern,FC Luzern,Switzerland,Switzerland Super League,2014/2015,400000
113237,Ridge Munsy,10191,1715,FC Thun,FC Thun,Switzerland,Switzerland Super League,2015/2016,1000000
414232,Ridgeciano Haps,10229,1906,AZ,AZ,Netherlands,Netherlands Eredivisie,2015/2016,2500000
467479,Riechedly Bazoer,8593,245,Ajax,Ajax,Netherlands,Netherlands Eredivisie,2015/2016,15000000
66753,Riku Riski,9938,181,Dundee United,Dundee United,Scotland,Scotland Premier League,2015/2016,400000
39303,Rincon,10242,294,ES Troyes AC,ES Troyes AC,France,France Ligue 1,2015/2016,1000000
30620,Rio Ferdinand,10172,15,Queens Park Rangers,Queens Park Rangers,England,England Premier League,2014/2015,1000000
32575,Rio Mavuba,8639,65,LOSC Lille,LOSC Lille,France,France Ligue 1,2015/2016,2500000
67850,Ritchie De Laet,8197,95,Leicester City,Leicester City,England,England Premier League,2015/2016,2000000
278343,Riyad Mahrez,8197,95,Leicester City,Leicester City,England,England Premier League,2015/2016,30000000
215415,Rob Schoofs,9991,674,KAA Gent,KAA Gent,Belgium,Belgium Jupiler League,2015/2016,1500000
37789,Robbert Schilder,8611,1908,FC Twente,FC Twente,Netherlands,Netherlands Eredivisie,2015/2016,1000000
10880,Robbie Haemhouts,8525,1907,Willem II,Willem II,Netherlands,Netherlands Eredivisie,2015/2016,500000
103686,Robbie Kruse,8178,32,Bayer 04 Leverkusen,Bayer 04 Leverkusen,Germany,Germany 1. Bundesliga,2015/2016,800000
448811,Robbie Muirhead,8426,1754,Partick Thistle F.C.,Partick Thistle F.C.,Scotland,Scotland Premier League,2015/2016,250000
118848,Robbin Ruiter,9908,1903,FC Utrecht,FC Utrecht,Netherlands,Netherlands Eredivisie,2015/2016,3000000
39474,Robert Acquafresca,9857,189,Bologna,Bologna,Italy,Italy Serie A,2015/2016,500000
555647,Robert Bartczak,8673,1871,Legia Warszawa,Legia Warszawa,Poland,Poland Ekstraklasa,2014/2015,150000
555385,Robert Bauer,8234,111239,FC Ingolstadt 04,FC Ingolstadt 04,Germany,Germany 1. Bundesliga,2015/2016,2000000
158297,Robert Beric,9853,1819,AS Saint-Étienne,AS Saint-Étienne,France,France Ligue 1,2015/2016,5000000
17848,Robert Braber,8525,1907,Willem II,Willem II,Netherlands,Netherlands Eredivisie,2015/2016,350000
231801,Robert Brady,9850,1792,Norwich City,Norwich City,England,England Premier League,2015/2016,8000000
12283,Robert Demjan,8033,111087,Podbeskidzie Bielsko-Biała,Podbeskidzie Bielsko-Biała,Poland,Poland Ekstraklasa,2015/2016,250000
23979,Robert Elliot,10261,13,Newcastle United,Newcastle United,England,England Premier League,2015/2016,1500000
36374,Robert Green,10172,15,Queens Park Rangers,Queens Park Rangers,England,England Premier League,2014/2015,750000
155262,Robert Gucher,9891,111657,Frosinone,Frosinone,Italy,Italy Serie A,2015/2016,900000
38899,Robert Huth,8197,95,Leicester City,Leicester City,England,England Premier League,2015/2016,6000000
489245,Robert Ibanez,7878,110832,Granada CF,Granada CF,Spain,Spain LIGA BBVA,2015/2016,1500000
278839,Robert Klaasen,8571,100081,KV Kortrijk,KV Kortrijk,Belgium,Belgium Jupiler League,2014/2015,250000
93447,Robert Lewandowski,9823,21,FC Bayern Munich,FC Bayern Munich,Germany,Germany 1. Bundesliga,2015/2016,75000000
273419,Robert Mazan,8033,111087,Podbeskidzie Bielsko-Biała,Podbeskidzie Bielsko-Biała,Poland,Poland Ekstraklasa,2014/2015,250000
278807,Robert Muehren,10229,1906,AZ,AZ,Netherlands,Netherlands Eredivisie,2015/2016,750000
176704,Robert Pich,8025,111092,Śląsk Wrocław,Śląsk Wrocław,Poland,Poland Ekstraklasa,2015/2016,400000
32728,Robert Snodgrass,9850,1792,Norwich City,Norwich City,England,England Premier League,2014/2015,5000000
45492,Robert Zwinkels,10217,650,ADO Den Haag,ADO Den Haag,Netherlands,Netherlands Eredivisie,2015/2016,250000
282529,Roberto,158085,112513,FC Arouca,FC Arouca,Portugal,Portugal Liga ZON Sagres,2015/2016,500000
74752,Roberto Canella,9869,459,Real Sporting de Gijón,Real Sporting de Gijón,Spain,Spain LIGA BBVA,2015/2016,1000000
314947,Roberto Correa,8558,452,RCD Espanyol,RCD Espanyol,Spain,Spain LIGA BBVA,2015/2016,500000
415024,Roberto Crivello,9891,111657,Frosinone,Frosinone,Italy,Italy Serie A,2015/2016,500000
74736,Roberto Fernandez,7878,110832,Granada CF,Granada CF,Spain,Spain LIGA BBVA,2014/2015,100000
242709,Roberto Firmino,8650,9,Liverpool,Liverpool,England,England Premier League,2015/2016,35000000
485634,Roberto Gagliardini,8524,39,Atalanta,Atalanta,Italy,Italy Serie A,2015/2016,700000
34114,Roberto Hilbert,8178,32,Bayer 04 Leverkusen,Bayer 04 Leverkusen,Germany,Germany 1. Bundesliga,2015/2016,1500000
212770,Roberto Inglese,8533,192,Chievo Verona,Chievo Verona,Italy,Italy Serie A,2015/2016,1000000
46391,Roberto Lago,8305,1860,Getafe CF,Getafe CF,Spain,Spain LIGA BBVA,2015/2016,700000
210278,Roberto Pereyra,9885,45,Juventus,Juventus,Italy,Italy Serie A,2015/2016,16000000
180076,Roberto Rodriguez,10190,898,FC St. Gallen,FC St. Gallen,Switzerland,Switzerland Super League,2014/2015,500000
104382,Roberto Rosales,9864,573,Málaga CF,Málaga CF,Spain,Spain LIGA BBVA,2015/2016,5000000
37506,Roberto Soldado,10205,483,Villarreal CF,Villarreal CF,Spain,Spain LIGA BBVA,2015/2016,16000000
181995,Roberto Soriano,9882,1837,Sampdoria,Sampdoria,Italy,Italy Serie A,2015/2016,15000000
75004,Roberto Trashorras,8370,480,Rayo Vallecano,Rayo Vallecano,Spain,Spain LIGA BBVA,2015/2016,500000
42434,Roberto Vitiello,8540,1843,Palermo,Palermo,Italy,Italy Serie A,2015/2016,300000
518346,Robin Gosens,9791,100634,Heracles Almelo,Heracles Almelo,Netherlands,Netherlands Eredivisie,2015/2016,750000
104410,Robin Henkens,10001,681,KVC Westerlo,KVC Westerlo,Belgium,Belgium Jupiler League,2015/2016,500000
614951,Robin Huser,9931,896,FC Basel,FC Basel,Switzerland,Switzerland Super League,2014/2015,350000
531309,Robin Kamber,9824,286,FC Vaduz,FC Vaduz,Switzerland,Switzerland Super League,2015/2016,500000
259296,Robin Knoche,8721,175,VfL Wolfsburg,VfL Wolfsburg,Germany,Germany 1. Bundesliga,2015/2016,6000000
298933,Robin Propper,8526,635,De Graafschap,De Graafschap,Netherlands,Netherlands Eredivisie,2015/2016,500000
279392,Robin Quaison,8540,1843,Palermo,Palermo,Italy,Italy Serie A,2015/2016,2200000
30843,Robin van Persie,10260,11,Manchester United,Manchester United,England,England Premier League,2014/2015,9000000
98368,Robson,8475,110913,Waasland-Beveren,Waasland-Beveren,Belgium,Belgium Jupiler League,2014/2015,450000
41063,Rocco Quinn,8649,631,Ross County FC,Ross County FC,Scotland,Scotland Premier League,2015/2016,225000
40662,Rochdi Achenteh,8525,1907,Willem II,Willem II,Netherlands,Netherlands Eredivisie,2015/2016,500000
26307,Rod Fanni,8592,219,Olympique de Marseille,Olympique de Marseille,France,France Ligue 1,2014/2015,500000
179516,Roderic Filippi,6391,110316,GFC Ajaccio,GFC Ajaccio,France,France Ligue 1,2015/2016,1000000
181548,Roderick Miranda,7841,744,Rio Ave FC,Rio Ave FC,Portugal,Portugal Liga ZON Sagres,2015/2016,1000000
564575,Rodney Antwi,9908,1903,FC Utrecht,FC Utrecht,Netherlands,Netherlands Eredivisie,2014/2015,150000
193869,Rodrigo,10267,461,Valencia CF,Valencia CF,Spain,Spain LIGA BBVA,2015/2016,7500000
401095,Rodrigo Aguirre,8600,55,Udinese,Udinese,Italy,Italy Serie A,2015/2016,1500000
229803,Rodrigo Andres Battaglia,8348,1900,Moreirense FC,Moreirense FC,Portugal,Portugal Liga ZON Sagres,2015/2016,1000000
164272,Rodrigo Antonio,6403,1892,FC Paços de Ferreira,FC Paços de Ferreira,Portugal,Portugal Liga ZON Sagres,2015/2016,500000
172443,Rodrigo Dantas,9807,1889,CF Os Belenenses,CF Os Belenenses,Portugal,Portugal Liga ZON Sagres,2014/2015,300000
324578,Rodrigo De Paul,10267,461,Valencia CF,Valencia CF,Spain,Spain LIGA BBVA,2015/2016,3000000
38719,Rodrigo Defendi,7844,1887,Vitória Guimarães,Vitória Guimarães,Portugal,Portugal Liga ZON Sagres,2014/2015,200000
244963,Rodrigo Ely,8564,47,Milan,Milan,Italy,Italy Serie A,2015/2016,1500000
164089,Rodrigo Galo,6403,1892,FC Paços de Ferreira,FC Paços de Ferreira,Portugal,Portugal Liga ZON Sagres,2014/2015,1000000
675088,Rodrigo Hernandez,10205,483,Villarreal CF,Villarreal CF,Spain,Spain LIGA BBVA,2015/2016,500000
30991,Rodrigo Palacio,8636,44,Inter,Inter,Italy,Italy Serie A,2015/2016,2000000
667962,Rodrigo Pinho,10214,1891,CD Nacional,CD Nacional,Portugal,Portugal Liga ZON Sagres,2015/2016,300000
503149,Rodrigue Casimir Ninga,10249,70,Montpellier Hérault SC,Montpellier Hérault SC,France,France Ligue 1,2015/2016,2000000
26588,Roel Brouwers,9788,23,Borussia Mönchengladbach,Borussia Mönchengladbach,Germany,Germany 1. Bundesliga,2015/2016,400000
34675,Roger,8234,111239,FC Ingolstadt 04,FC Ingolstadt 04,Germany,Germany 1. Bundesliga,2015/2016,1250000
209373,Roland Alberg,10217,650,ADO Den Haag,ADO Den Haag,Netherlands,Netherlands Eredivisie,2015/2016,1000000
154928,Roland Gigolaev,1601,874,Ruch Chorzów,Ruch Chorzów,Poland,Poland Ekstraklasa,2015/2016,400000
31300,Rolando,8592,219,Olympique de Marseille,Olympique de Marseille,France,France Ligue 1,2015/2016,1500000
570431,Rolando Aarons,10261,13,Newcastle United,Newcastle United,England,England Premier League,2015/2016,1000000
27690,Rolando Bianchi,9857,189,Bologna,Bologna,Italy,Italy Serie A,2014/2015,100000
577911,Rolando Mandragora,10233,110556,Genoa,Genoa,Italy,Italy Serie A,2014/2015,3000000
210398,Romain Alessandrini,8592,219,Olympique de Marseille,Olympique de Marseille,France,France Ligue 1,2015/2016,4500000
94009,Romain Bregerie,8234,111239,FC Ingolstadt 04,FC Ingolstadt 04,Germany,Germany 1. Bundesliga,2015/2016,750000
41189,Romain Danze,9851,74,Stade Rennais FC,Stade Rennais FC,France,France Ligue 1,2015/2016,2000000
93485,Romain Genevois,9831,72,OGC Nice,OGC Nice,France,France Ligue 1,2015/2016,1750000
179845,Romain Hamouma,9853,1819,AS Saint-Étienne,AS Saint-Étienne,France,France Ligue 1,2015/2016,5000000
210429,Romain Metannire,8550,68,FC Metz,FC Metz,France,France Ligue 1,2014/2015,2000000
420867,Romain Philippoteaux,8689,217,FC Lorient,FC Lorient,France,France Ligue 1,2015/2016,2000000
179783,Romain Reynaud,1773,100087,Oud-Heverlee Leuven,Oud-Heverlee Leuven,Belgium,Belgium Jupiler League,2015/2016,200000
26028,Romain Rocchi,8550,68,FC Metz,FC Metz,France,France Ligue 1,2014/2015,250000
292678,Romain Saiss,8121,1530,Angers SCO,Angers SCO,France,France Ligue 1,2015/2016,4000000
33431,Romain Salin,10212,1893,CS Marítimo,CS Marítimo,Portugal,Portugal Liga ZON Sagres,2015/2016,1000000
93358,Romain Thomas,8121,1530,Angers SCO,Angers SCO,France,France Ligue 1,2015/2016,3500000
112978,Roman Buerki,9789,22,Borussia Dortmund,Borussia Dortmund,Germany,Germany 1. Bundesliga,2015/2016,6000000
289732,Roman Buess,10191,1715,FC Thun,FC Thun,Switzerland,Switzerland Super League,2015/2016,1000000
578032,Roman Ferber,9986,670,Sporting Charleroi,Sporting Charleroi,Belgium,Belgium Jupiler League,2015/2016,300000
72613,Roman Gergel,8020,2000002,Polonia Bytom,Polonia Bytom,Poland,Poland Ekstraklasa,2015/2016,550000
145551,Roman Neustaedter,10189,34,FC Schalke 04,FC Schalke 04,Germany,Germany 1. Bundesliga,2015/2016,7000000
27358,Roman Weidenfeller,9789,22,Borussia Dortmund,Borussia Dortmund,Germany,Germany 1. Bundesliga,2015/2016,1000000
31014,Romaric,7794,58,SC Bastia,SC Bastia,France,France Ligue 1,2014/2015,650000
319787,Romario,10212,1893,CS Marítimo,CS Marítimo,Portugal,Portugal Liga ZON Sagres,2015/2016,200000
554288,Romario Balde,188163,2000006,Tondela,Tondela,Portugal,Portugal Liga ZON Sagres,2015/2016,800000
181276,Romelu Lukaku,8668,7,Everton,Everton,England,England Premier League,2015/2016,40000000
148829,Romero Regales,1773,100087,Oud-Heverlee Leuven,Oud-Heverlee Leuven,Belgium,Belgium Jupiler League,2015/2016,300000
301634,Romeu Rocha,6403,1892,FC Paços de Ferreira,FC Paços de Ferreira,Portugal,Portugal Liga ZON Sagres,2015/2016,350000
178603,Romulo,9885,45,Juventus,Juventus,Italy,Italy Serie A,2014/2015,3500000
30602,Ron Vlaar,10229,1906,AZ,AZ,Netherlands,Netherlands Eredivisie,2015/2016,4000000
699362,Ronael Pierre-Gabriel,9853,1819,AS Saint-Étienne,AS Saint-Étienne,France,France Ligue 1,2015/2016,400000
182849,Ronaldo,8534,1746,Empoli,Empoli,Italy,Italy Serie A,2015/2016,200000
554294,Roniel,6403,1892,FC Paços de Ferreira,FC Paços de Ferreira,Portugal,Portugal Liga ZON Sagres,2015/2016,450000
45400,Ronnie Schwartz,9747,62,En Avant de Guingamp,En Avant de Guingamp,France,France Ligue 1,2014/2015,1000000
26631,Ronnie Stam,9985,232,Standard de Liège,Standard de Liège,Belgium,Belgium Jupiler League,2014/2015,450000
40605,Ronny,8177,166,Hertha BSC Berlin,Hertha BSC Berlin,Germany,Germany 1. Bundesliga,2014/2015,400000
331625,Ronny Marcos,9790,28,Hamburger SV,Hamburger SV,Germany,Germany 1. Bundesliga,2014/2015,200000
41087,Ron-Robert Zieler,9904,485,Hannover 96,Hannover 96,Germany,Germany 1. Bundesliga,2015/2016,8000000
292262,Roque Mesa,8306,472,UD Las Palmas,UD Las Palmas,Spain,Spain LIGA BBVA,2015/2016,9000000
30646,Roque Santa Cruz,9864,573,Málaga CF,Málaga CF,Spain,Spain LIGA BBVA,2015/2016,500000
35503,Rory Loy,8284,180,Dundee FC,Dundee FC,Scotland,Scotland Premier League,2015/2016,300000
246316,Rory McKenzie,8597,82,Kilmarnock,Kilmarnock,Scotland,Scotland Premier League,2015/2016,275000
301241,Ross Barbour,8597,82,Kilmarnock,Kilmarnock,Scotland,Scotland Premier League,2015/2016,150000
215384,Ross Barkley,8668,7,Everton,Everton,England,England Premier League,2015/2016,22000000
95352,Ross Draper,8066,620,Inverness Caledonian Thistle,Inverness Caledonian Thistle,Scotland,Scotland Premier League,2015/2016,350000
38880,Ross Wallace,8191,1796,Burnley,Burnley,England,England Premier League,2014/2015,1000000
113189,Rostyn Griffiths,9803,1902,Roda JC Kerkrade,Roda JC Kerkrade,Netherlands,Netherlands Eredivisie,2015/2016,450000
39379,Roy Beerens,8177,166,Hertha BSC Berlin,Hertha BSC Berlin,Germany,Germany 1. Bundesliga,2015/2016,1500000
26199,Roy Contout,274581,2000004,Royal Excel Mouscron,Royal Excel Mouscron,Belgium,Belgium Jupiler League,2014/2015,500000
638592,Roy Gelmi,10190,898,FC St. Gallen,FC St. Gallen,Switzerland,Switzerland Super League,2015/2016,1000000
11754,Ruben Amorim,9772,234,SL Benfica,SL Benfica,Portugal,Portugal Liga ZON Sagres,2014/2015,1000000
281323,Ruben Andrade,6367,2000001,Uniao da Madeira,Uniao da Madeira,Portugal,Portugal Liga ZON Sagres,2015/2016,150000
396526,Ruben Blanco,9910,450,RC Celta de Vigo,RC Celta de Vigo,Spain,Spain LIGA BBVA,2015/2016,1000000
168390,Ruben Botta,8533,192,Chievo Verona,Chievo Verona,Italy,Italy Serie A,2014/2015,2300000
96652,Ruben Castro,8603,449,Real Betis Balompié,Real Betis Balompié,Spain,Spain LIGA BBVA,2015/2016,2000000
358138,Ruben Duarte,8558,452,RCD Espanyol,RCD Espanyol,Spain,Spain LIGA BBVA,2015/2016,2000000
164323,Ruben Fernandes,9997,680,Sint-Truidense VV,Sint-Truidense VV,Belgium,Belgium Jupiler League,2015/2016,750000
242892,Ruben Ferreira,10212,1893,CS Marítimo,CS Marítimo,Portugal,Portugal Liga ZON Sagres,2015/2016,1750000
384413,Ruben Garcia,8581,1853,Levante UD,Levante UD,Spain,Spain LIGA BBVA,2015/2016,1500000
289178,Ruben Jurado,8028,111086,Piast Gliwice,Piast Gliwice,Poland,Poland Ekstraklasa,2014/2015,200000
257828,Ruben Ligeon,9908,1903,FC Utrecht,FC Utrecht,Netherlands,Netherlands Eredivisie,2015/2016,400000
164472,Ruben Lima,6367,2000001,Uniao da Madeira,Uniao da Madeira,Portugal,Portugal Liga ZON Sagres,2015/2016,150000
604982,Ruben Loftus-Cheek,8455,5,Chelsea,Chelsea,England,England Premier League,2015/2016,5000000
150045,Ruben Micael,10264,1896,SC Braga,SC Braga,Portugal,Portugal Liga ZON Sagres,2014/2015,1500000
534684,Ruben Neves,9773,236,FC Porto,FC Porto,Portugal,Portugal Liga ZON Sagres,2015/2016,11000000
282678,Ruben Pardo,8560,457,Real Sociedad,Real Sociedad,Spain,Spain LIGA BBVA,2015/2016,7500000
2805,Ruben Perez,7878,110832,Granada CF,Granada CF,Spain,Spain LIGA BBVA,2015/2016,2500000
191774,Ruben Pinto,9807,1889,CF Os Belenenses,CF Os Belenenses,Portugal,Portugal Liga ZON Sagres,2015/2016,2000000
97512,Ruben Ribeiro,8613,1898,Boavista FC,Boavista FC,Portugal,Portugal Liga ZON Sagres,2015/2016,800000
213711,Ruben Rochina,7878,110832,Granada CF,Granada CF,Spain,Spain LIGA BBVA,2015/2016,3500000
45860,Ruben Schaken,10217,650,ADO Den Haag,ADO Den Haag,Netherlands,Netherlands Eredivisie,2015/2016,700000
489013,Ruben Semedo,9768,237,Sporting CP,Sporting CP,Portugal,Portugal Liga ZON Sagres,2015/2016,7000000
318526,Ruben Vezo,10267,461,Valencia CF,Valencia CF,Spain,Spain LIGA BBVA,2015/2016,2000000
570980,Rubio Rubin,9908,1903,FC Utrecht,FC Utrecht,Netherlands,Netherlands Eredivisie,2015/2016,750000
280972,Ruca,10238,665,Vitória Setúbal,Vitória Setúbal,Portugal,Portugal Liga ZON Sagres,2015/2016,500000
107415,Rudy Gestede,10252,2,Aston Villa,Aston Villa,England,England Premier League,2015/2016,7000000
11336,Rudy Riou,1773,100087,Oud-Heverlee Leuven,Oud-Heverlee Leuven,Belgium,Belgium Jupiler League,2015/2016,300000
500618,Rui Correia,10214,1891,CD Nacional,CD Nacional,Portugal,Portugal Liga ZON Sagres,2015/2016,1250000
159598,Rui Fonte,10264,1896,SC Braga,SC Braga,Portugal,Portugal Liga ZON Sagres,2015/2016,2000000
148974,Rui Miguel,6547,100741,FC Penafiel,FC Penafiel,Portugal,Portugal Liga ZON Sagres,2014/2015,500000
40604,Rui Patricio,9768,237,Sporting CP,Sporting CP,Portugal,Portugal Liga ZON Sagres,2015/2016,16000000
40966,Rui Pedro,10215,1901,Académica de Coimbra,Académica de Coimbra,Portugal,Portugal Liga ZON Sagres,2015/2016,1000000
25942,Rui Sacramento,158085,112513,FC Arouca,FC Arouca,Portugal,Portugal Liga ZON Sagres,2015/2016,150000
164227,Rui Sampaio,158085,112513,FC Arouca,FC Arouca,Portugal,Portugal Liga ZON Sagres,2014/2015,600000
361717,Rui Silva,10214,1891,CD Nacional,CD Nacional,Portugal,Portugal Liga ZON Sagres,2015/2016,900000
163893,Rui Vieira,7841,744,Rio Ave FC,Rio Ave FC,Portugal,Portugal Liga ZON Sagres,2015/2016,200000
40094,Rune Almenning Jarstein,8177,166,Hertha BSC Berlin,Hertha BSC Berlin,Germany,Germany 1. Bundesliga,2015/2016,2000000
459658,Ruslan Malinovsky,9987,673,KRC Genk,KRC Genk,Belgium,Belgium Jupiler League,2015/2016,2000000
24903,Russell Martin,9850,1792,Norwich City,Norwich City,England,England Premier League,2015/2016,3000000
109288,Ruud Boymans,9908,1903,FC Utrecht,FC Utrecht,Netherlands,Netherlands Eredivisie,2015/2016,1500000
109061,Ruud Vormer,8342,231,Club Brugge KV,Club Brugge KV,Belgium,Belgium Jupiler League,2015/2016,5000000
155623,Ryad Boudebouz,10249,70,Montpellier Hérault SC,Montpellier Hérault SC,France,France Ligue 1,2015/2016,5500000
72417,Ryan Bennett,9850,1792,Norwich City,Norwich City,England,England Premier League,2015/2016,2000000
46010,Ryan Bertrand,8466,17,Southampton,Southampton,England,England Premier League,2015/2016,14000000
439369,Ryan Christie,9925,78,Celtic,Celtic,Scotland,Scotland Premier League,2015/2016,600000
172186,Ryan Dow,9938,181,Dundee United,Dundee United,Scotland,Scotland Premier League,2015/2016,250000
425251,Ryan Edwards,8426,1754,Partick Thistle F.C.,Partick Thistle F.C.,Scotland,Scotland Premier League,2015/2016,200000
34213,Ryan Esson,8066,620,Inverness Caledonian Thistle,Inverness Caledonian Thistle,Scotland,Scotland Premier League,2014/2015,150000
118897,Ryan Jack,8485,77,Aberdeen,Aberdeen,Scotland,Scotland Premier League,2015/2016,900000
160448,Ryan Mason,8586,18,Tottenham Hotspur,Tottenham Hotspur,England,England Premier League,2015/2016,8500000
94467,Ryan McGowan,9938,181,Dundee United,Dundee United,Scotland,Scotland Premier League,2015/2016,450000
388894,Ryan McLaughlin,8485,77,Aberdeen,Aberdeen,Scotland,Scotland Premier League,2015/2016,75000
172615,Ryan Mendes,8639,65,LOSC Lille,LOSC Lille,France,France Ligue 1,2014/2015,1500000
160367,Ryan Scully,8426,1754,Partick Thistle F.C.,Partick Thistle F.C.,Scotland,Scotland Premier League,2015/2016,50000
40695,Ryan Shawcross,10194,1806,Stoke City,Stoke City,England,England Premier League,2015/2016,11000000
36611,Ryan Stevenson,8426,1754,Partick Thistle F.C.,Partick Thistle F.C.,Scotland,Scotland Premier League,2015/2016,350000
24890,Ryan Taylor,10261,13,Newcastle United,Newcastle United,England,England Premier League,2014/2015,750000
496356,Ryan Thomas,6413,1914,PEC Zwolle,PEC Zwolle,Netherlands,Netherlands Eredivisie,2015/2016,1500000
106474,Rydell Poepon,9803,1902,Roda JC Kerkrade,Roda JC Kerkrade,Netherlands,Netherlands Eredivisie,2015/2016,600000
245422,Ryo Miyaichi,8611,1908,FC Twente,FC Twente,Netherlands,Netherlands Eredivisie,2014/2015,800000
196288,Ryota Morioka,8025,111092,Śląsk Wrocław,Śląsk Wrocław,Poland,Poland Ekstraklasa,2015/2016,800000
639150,Sabin Merino,8315,448,Athletic Club de Bilbao,Athletic Club de Bilbao,Spain,Spain LIGA BBVA,2015/2016,3000000
69653,Sacha Kljestan,8635,229,RSC Anderlecht,RSC Anderlecht,Belgium,Belgium Jupiler League,2014/2015,2000000
303339,Sadio Mane,8466,17,Southampton,Southampton,England,England Premier League,2015/2016,30000000
638612,Sai van Wermeskerken,6631,100626,FC Dordrecht,FC Dordrecht,Netherlands,Netherlands Eredivisie,2014/2015,125000
491883,Said Benrahma,8121,1530,Angers SCO,Angers SCO,France,France Ligue 1,2015/2016,800000
45473,Saidi Ntibazonkiza,7819,210,SM Caen,SM Caen,France,France Ligue 1,2015/2016,1000000
239807,Saido Berahino,8659,109,West Bromwich Albion,West Bromwich Albion,England,England Premier League,2015/2016,15000000
575778,Saidy Janko,9925,78,Celtic,Celtic,Scotland,Scotland Premier League,2015/2016,500000
339990,Saleh Gomaa,10214,1891,CD Nacional,CD Nacional,Portugal,Portugal Liga ZON Sagres,2014/2015,1200000
240367,Salif Sane,9904,485,Hannover 96,Hannover 96,Germany,Germany 1. Bundesliga,2015/2016,5000000
239061,Salih Ucan,8686,52,Roma,Roma,Italy,Italy Serie A,2014/2015,3000000
360510,Salim Cisse,10238,665,Vitória Setúbal,Vitória Setúbal,Portugal,Portugal Liga ZON Sagres,2015/2016,550000
166889,Sally Sarr,10199,897,FC Luzern,FC Luzern,Switzerland,Switzerland Super League,2015/2016,400000
31906,Salomon Kalou,8177,166,Hertha BSC Berlin,Hertha BSC Berlin,Germany,Germany 1. Bundesliga,2015/2016,5000000
364779,Salomon Nirisarike,9997,680,Sint-Truidense VV,Sint-Truidense VV,Belgium,Belgium Jupiler League,2015/2016,350000
280496,Salva Chamorro,188163,2000006,Tondela,Tondela,Portugal,Portugal Liga ZON Sagres,2015/2016,50000
477604,Salva Ruiz,7878,110832,Granada CF,Granada CF,Spain,Spain LIGA BBVA,2015/2016,200000
102879,Salva Sevilla,8558,452,RCD Espanyol,RCD Espanyol,Spain,Spain LIGA BBVA,2015/2016,1200000
214449,Salvador Agra,10214,1891,CD Nacional,CD Nacional,Portugal,Portugal Liga ZON Sagres,2015/2016,3000000
394824,Salvador Ichazo,9804,54,Torino,Torino,Italy,Italy Serie A,2015/2016,600000
299393,Salvatore Andrea Molina,8524,39,Atalanta,Atalanta,Italy,Italy Serie A,2014/2015,800000
37526,Salvatore Bocchetti,8564,47,Milan,Milan,Italy,Italy Serie A,2014/2015,4000000
27659,Salvatore Sirigu,9847,73,Paris Saint-Germain,Paris Saint-Germain,France,France Ligue 1,2015/2016,8000000
318809,Sam Larsson,10228,1913,SC Heerenveen,SC Heerenveen,Netherlands,Netherlands Eredivisie,2015/2016,4500000
391041,Sam Nicholson,9860,80,Heart of Midlothian,Heart of Midlothian,Scotland,Scotland Premier League,2015/2016,350000
559084,Sam Valcke,9984,1750,KSV Cercle Brugge,KSV Cercle Brugge,Belgium,Belgium Jupiler League,2014/2015,200000
46898,Sam Vokes,8191,1796,Burnley,Burnley,England,England Premier League,2014/2015,4000000
166917,Sambou Yatabare,8697,38,SV Werder Bremen,SV Werder Bremen,Germany,Germany 1. Bundesliga,2015/2016,2500000
303906,Samed Yesil,10199,897,FC Luzern,FC Luzern,Switzerland,Switzerland Super League,2015/2016,750000
164479,Sami,7844,1887,Vitória Guimarães,Vitória Guimarães,Portugal,Portugal Liga ZON Sagres,2014/2015,2500000
38364,Sami Allagui,9905,169,1. FSV Mainz 05,1. FSV Mainz 05,Germany,Germany 1. Bundesliga,2014/2015,500000
42346,Sami Khedira,9885,45,Juventus,Juventus,Italy,Italy Serie A,2015/2016,20000000
453324,Samir,9876,206,Hellas Verona,Hellas Verona,Italy,Italy Serie A,2015/2016,4000000
42422,Samir Handanovic,8636,44,Inter,Inter,Italy,Italy Serie A,2015/2016,15000000
26181,Samir Nasri,8456,10,Manchester City,Manchester City,England,England Premier League,2015/2016,18000000
41045,Samir Ujkani,8540,1843,Palermo,Palermo,Italy,Italy Serie A,2014/2015,600000
264840,Sammy Ameobi,10261,13,Newcastle United,Newcastle United,England,England Premier League,2014/2015,3500000
37900,Sammy Bossuyt,10000,15005,SV Zulte-Waregem,SV Zulte-Waregem,Belgium,Belgium Jupiler League,2015/2016,1200000
43250,Sammy Clingan,8597,82,Kilmarnock,Kilmarnock,Scotland,Scotland Premier League,2014/2015,450000
667952,Samu,8613,1898,Boavista FC,Boavista FC,Portugal,Portugal Liga ZON Sagres,2015/2016,150000
422412,Samuel Afum,10192,900,BSC Young Boys,BSC Young Boys,Switzerland,Switzerland Super League,2015/2016,500000
186136,Samuel Armenteros,8525,1907,Willem II,Willem II,Netherlands,Netherlands Eredivisie,2014/2015,1000000
364813,Samuel Asamoah,1773,100087,Oud-Heverlee Leuven,Oud-Heverlee Leuven,Belgium,Belgium Jupiler League,2015/2016,400000
157955,Samuel Atrous,8588,64,RC Lens,RC Lens,France,France Ligue 1,2014/2015,100000
562062,Samuel Castillejo,10205,483,Villarreal CF,Villarreal CF,Spain,Spain LIGA BBVA,2015/2016,6000000
33639,Samuel Eto'o,9882,1837,Sampdoria,Sampdoria,Italy,Italy Serie A,2014/2015,2000000
474672,Samuel Garcia,10205,483,Villarreal CF,Villarreal CF,Spain,Spain LIGA BBVA,2015/2016,2500000
478112,Samuel Gigot,8571,100081,KV Kortrijk,KV Kortrijk,Belgium,Belgium Jupiler League,2015/2016,1200000
176299,Samuel Inkoom,8613,1898,Boavista FC,Boavista FC,Portugal,Portugal Liga ZON Sagres,2015/2016,1300000
184520,Samuel Souprayen,9876,206,Hellas Verona,Hellas Verona,Italy,Italy Serie A,2015/2016,1000000
275457,Samuel Stefanik,8033,111087,Podbeskidzie Bielsko-Biała,Podbeskidzie Bielsko-Biała,Poland,Poland Ekstraklasa,2015/2016,300000
210117,Samuel Umtiti,9748,66,Olympique Lyonnais,Olympique Lyonnais,France,France Ligue 1,2015/2016,25000000
195589,Samuele Longo,9891,111657,Frosinone,Frosinone,Italy,Italy Serie A,2015/2016,1000000
560165,Samy Mmaee,9985,232,Standard de Liège,Standard de Liège,Belgium,Belgium Jupiler League,2014/2015,200000
465724,Sander Coopman,8342,231,Club Brugge KV,Club Brugge KV,Belgium,Belgium Jupiler League,2015/2016,650000
113270,Sander Fischer,10218,1971,Excelsior,Excelsior,Netherlands,Netherlands Eredivisie,2015/2016,900000
304668,Sander van de Streek,7788,647,SC Cambuur,SC Cambuur,Netherlands,Netherlands Eredivisie,2015/2016,800000
156727,Sandro,8659,109,West Bromwich Albion,West Bromwich Albion,England,England Premier League,2015/2016,5000000
41602,Sandro Burki,9930,434,FC Aarau,FC Aarau,Switzerland,Switzerland Super League,2014/2015,250000
195215,Sandro Gotal,10190,898,FC St. Gallen,FC St. Gallen,Switzerland,Switzerland Super League,2015/2016,500000
659742,Sandro Lauper,10191,1715,FC Thun,FC Thun,Switzerland,Switzerland Super League,2015/2016,300000
67369,Sandro Lombardi,7896,2000003,Lugano,Lugano,Switzerland,Switzerland Super League,2015/2016,250000
477615,Sandro Ramirez,8634,241,FC Barcelona,FC Barcelona,Spain,Spain LIGA BBVA,2015/2016,5000000
162680,Sandro Sirigu,8262,110502,SV Darmstadt 98,SV Darmstadt 98,Germany,Germany 1. Bundesliga,2015/2016,750000
36889,Sandro Wagner,8262,110502,SV Darmstadt 98,SV Darmstadt 98,Germany,Germany 1. Bundesliga,2015/2016,3000000
186524,Sandro Wieser,10191,1715,FC Thun,FC Thun,Switzerland,Switzerland Super League,2015/2016,1000000
354175,Sandy Walsh,9987,673,KRC Genk,KRC Genk,Belgium,Belgium Jupiler League,2015/2016,800000
107066,Sanel Jahic,9956,322,Grasshopper Club Zürich,Grasshopper Club Zürich,Switzerland,Switzerland Super League,2014/2015,200000
632356,Sangone Sarr,10243,894,FC Zürich,FC Zürich,Switzerland,Switzerland Super League,2015/2016,500000
290022,Sanjin Prcic,9851,74,Stade Rennais FC,Stade Rennais FC,France,France Ligue 1,2014/2015,1250000
37436,Santi Cazorla,9825,1,Arsenal,Arsenal,England,England Premier League,2015/2016,20000000
428947,Santi Mina,10267,461,Valencia CF,Valencia CF,Spain,Spain LIGA BBVA,2015/2016,7000000
207642,Santiago Arias,8640,247,PSV,PSV,Netherlands,Netherlands Eredivisie,2015/2016,6000000
196205,Santiago Garcia,8697,38,SV Werder Bremen,SV Werder Bremen,Germany,Germany 1. Bundesliga,2015/2016,3000000
18945,Santiago Gentiletti,8543,46,Lazio,Lazio,Italy,Italy Serie A,2015/2016,1000000
356960,Santiago Montoya,7844,1887,Vitória Guimarães,Vitória Guimarães,Portugal,Portugal Liga ZON Sagres,2015/2016,700000
188540,Santiago Vergini,8305,1860,Getafe CF,Getafe CF,Spain,Spain LIGA BBVA,2015/2016,2500000
199833,Saphir Taider,9857,189,Bologna,Bologna,Italy,Italy Serie A,2015/2016,5000000
207462,Sasa Aleksander Zivec,8028,111086,Piast Gliwice,Piast Gliwice,Poland,Poland Ekstraklasa,2015/2016,350000
36181,Sascha Burchert,8177,166,Hertha BSC Berlin,Hertha BSC Berlin,Germany,Germany 1. Bundesliga,2014/2015,200000
36522,Sascha Kotysch,9997,680,Sint-Truidense VV,Sint-Truidense VV,Belgium,Belgium Jupiler League,2015/2016,450000
95094,Sascha Moelders,8406,100409,FC Augsburg,FC Augsburg,Germany,Germany 1. Bundesliga,2014/2015,750000
31290,Sascha Riether,10189,34,FC Schalke 04,FC Schalke 04,Germany,Germany 1. Bundesliga,2015/2016,750000
213712,Saul Berjon,8372,467,SD Eibar,SD Eibar,Spain,Spain LIGA BBVA,2015/2016,2000000
309334,Saul Niguez,9906,240,Atlético Madrid,Atlético Madrid,Spain,Spain LIGA BBVA,2015/2016,35000000
215551,Scott Allan,9925,78,Celtic,Celtic,Scotland,Scotland Premier League,2015/2016,750000
37240,Scott Arfield,8191,1796,Burnley,Burnley,England,England Premier League,2014/2015,3000000
186891,Scott Bain,8284,180,Dundee FC,Dundee FC,Scotland,Scotland Premier League,2015/2016,400000
35955,Scott Boyd,8649,631,Ross County FC,Ross County FC,Scotland,Scotland Premier League,2015/2016,375000
47559,Scott Brown,8485,77,Aberdeen,Aberdeen,Scotland,Scotland Premier League,2015/2016,200000
25382,Scott Brown,9925,78,Celtic,Celtic,Scotland,Scotland Premier League,2015/2016,4500000
388456,Scott Brown,8467,100804,St. Johnstone FC,St. Johnstone FC,Scotland,Scotland Premier League,2015/2016,150000
23837,Scott Dann,9826,1799,Crystal Palace,Crystal Palace,England,England Premier League,2015/2016,5000000
109622,Scott Fox,8649,631,Ross County FC,Ross County FC,Scotland,Scotland Premier League,2015/2016,500000
540680,Scott Fraser,9938,181,Dundee United,Dundee United,Scotland,Scotland Premier League,2015/2016,250000
25843,Scott Lee Sutter,10192,900,BSC Young Boys,BSC Young Boys,Switzerland,Switzerland Super League,2015/2016,500000
32826,Scott McDonald,9927,83,Motherwell,Motherwell,Scotland,Scotland Premier League,2015/2016,600000
551805,Scott McKenna,8485,77,Aberdeen,Aberdeen,Scotland,Scotland Premier League,2015/2016,50000
127134,Scott Robinson,8597,82,Kilmarnock,Kilmarnock,Scotland,Scotland Premier League,2015/2016,300000
23991,Scott Sinclair,10252,2,Aston Villa,Aston Villa,England,England Premier League,2015/2016,3500000
304345,Sead Kolasinac,10189,34,FC Schalke 04,FC Schalke 04,Germany,Germany 1. Bundesliga,2015/2016,6000000
77690,Seamus Coleman,8668,7,Everton,Everton,England,England Premier League,2015/2016,17000000
25131,Sean Dillon,9938,181,Dundee United,Dundee United,Scotland,Scotland Premier League,2015/2016,300000
318493,Sean Kelly,9800,100805,St. Mirren,St. Mirren,Scotland,Scotland Premier League,2014/2015,275000
466861,Sean Klaiber,9908,1903,FC Utrecht,FC Utrecht,Netherlands,Netherlands Eredivisie,2015/2016,650000
597947,Sean McKirdy,9860,80,Heart of Midlothian,Heart of Midlothian,Scotland,Scotland Premier League,2015/2016,75000
192779,Sean Welsh,8426,1754,Partick Thistle F.C.,Partick Thistle F.C.,Scotland,Scotland Premier League,2015/2016,325000
204212,Seba,7842,10020,Estoril Praia,Estoril Praia,Portugal,Portugal Liga ZON Sagres,2015/2016,3500000
604345,Sebastiaan Brebels,10000,15005,SV Zulte-Waregem,SV Zulte-Waregem,Belgium,Belgium Jupiler League,2015/2016,200000
496865,Sebastian Ayala,10214,1891,CD Nacional,CD Nacional,Portugal,Portugal Liga ZON Sagres,2014/2015,600000
27310,Sebastian Boenisch,8178,32,Bayer 04 Leverkusen,Bayer 04 Leverkusen,Germany,Germany 1. Bundesliga,2015/2016,1000000
467316,Sebastian Bonecki,8021,110749,Zagłębie Lubin,Zagłębie Lubin,Poland,Poland Ekstraklasa,2015/2016,150000
165526,Sebastian Coates,9768,237,Sporting CP,Sporting CP,Portugal,Portugal Liga ZON Sagres,2015/2016,6000000
306407,Sebastian Cristoforo,8302,481,Sevilla FC,Sevilla FC,Spain,Spain LIGA BBVA,2015/2016,3000000
41655,Sebastian De Maio,10233,110556,Genoa,Genoa,Italy,Italy Serie A,2015/2016,2500000
150296,Sebastian Dubarbier,9865,1861,UD Almería,UD Almería,Spain,Spain LIGA BBVA,2014/2015,1000000
37389,Sebastian Freis,8358,25,SC Freiburg,SC Freiburg,Germany,Germany 1. Bundesliga,2014/2015,600000
96540,Sebastian Giovinco,9885,45,Juventus,Juventus,Italy,Italy Serie A,2014/2015,9500000
167065,Sebastian Jung,8721,175,VfL Wolfsburg,VfL Wolfsburg,Germany,Germany 1. Bundesliga,2015/2016,3000000
616784,Sebastian Kaminski,8027,112512,Zawisza Bydgoszcz,Zawisza Bydgoszcz,Poland,Poland Ekstraklasa,2014/2015,150000
30707,Sebastian Kehl,9789,22,Borussia Dortmund,Borussia Dortmund,Germany,Germany 1. Bundesliga,2014/2015,1000000
448806,Sebastian Kerk,8358,25,SC Freiburg,SC Freiburg,Germany,Germany 1. Bundesliga,2014/2015,1000000
95081,Sebastian Langkamp,8177,166,Hertha BSC Berlin,Hertha BSC Berlin,Germany,Germany 1. Bundesliga,2015/2016,3000000
35443,Sebastian Larsson,8472,106,Sunderland,Sunderland,England,England Premier League,2015/2016,2500000
69553,Sebastian Madera,1957,110745,Jagiellonia Białystok,Jagiellonia Białystok,Poland,Poland Ekstraklasa,2015/2016,350000
30975,Sebastian Mila,8030,111091,Lechia Gdańsk,Lechia Gdańsk,Poland,Poland Ekstraklasa,2015/2016,250000
638101,Sebastian Murawski,8023,110746,Pogoń Szczecin,Pogoń Szczecin,Poland,Poland Ekstraklasa,2015/2016,100000
47249,Sebastian Nowak,177361,2000005,Termalica Bruk-Bet Nieciecza,Termalica Bruk-Bet Nieciecza,Poland,Poland Ekstraklasa,2015/2016,100000
41927,Sebastian Proedl,9817,1795,Watford,Watford,England,England Premier League,2015/2016,4000000
13454,Sebastian Przyrowski,8020,2000002,Polonia Bytom,Polonia Bytom,Poland,Poland Ekstraklasa,2015/2016,100000
141370,Sebastian Rode,9823,21,FC Bayern Munich,FC Bayern Munich,Germany,Germany 1. Bundesliga,2015/2016,10000000
362254,Sebastian Rudol,8023,110746,Pogoń Szczecin,Pogoń Szczecin,Poland,Poland Ekstraklasa,2015/2016,350000
119525,Sebastian Rudy,8226,10029,TSG 1899 Hoffenheim,TSG 1899 Hoffenheim,Germany,Germany 1. Bundesliga,2015/2016,4000000
27232,Sebastian Schachten,10199,897,FC Luzern,FC Luzern,Switzerland,Switzerland Super League,2015/2016,300000
299021,Sebastian Steblecki,8020,2000002,Polonia Bytom,Polonia Bytom,Poland,Poland Ekstraklasa,2015/2016,200000
68827,Sebastian Ziajka,177361,2000005,Termalica Bruk-Bet Nieciecza,Termalica Bruk-Bet Nieciecza,Poland,Poland Ekstraklasa,2015/2016,100000
26209,Sebastien Bassong,9850,1792,Norwich City,Norwich City,England,England Premier League,2015/2016,3000000
104384,Sebastien Bruzzese,8342,231,Club Brugge KV,Club Brugge KV,Belgium,Belgium Jupiler League,2015/2016,800000
165583,Sebastien Corchia,8639,65,LOSC Lille,LOSC Lille,France,France Ligue 1,2015/2016,7500000
280083,Sebastien Dewaest,9987,673,KRC Genk,KRC Genk,Belgium,Belgium Jupiler League,2015/2016,3500000
352968,Sebastien Haller,9908,1903,FC Utrecht,FC Utrecht,Netherlands,Netherlands Eredivisie,2015/2016,7500000
716998,Sebastien Lamonge,9851,74,Stade Rennais FC,Stade Rennais FC,France,France Ligue 1,2015/2016,150000
466117,Sebastien Locigno,8573,682,KV Oostende,KV Oostende,Belgium,Belgium Jupiler League,2014/2015,200000
522746,Sebastien Pennacchio,274581,2000004,Royal Excel Mouscron,Royal Excel Mouscron,Belgium,Belgium Jupiler League,2014/2015,300000
38795,Sebastien Pocognoli,8659,109,West Bromwich Albion,West Bromwich Albion,England,England Premier League,2014/2015,750000
38365,Sebastien Siani,8573,682,KV Oostende,KV Oostende,Belgium,Belgium Jupiler League,2015/2016,2000000
33812,Sebastien Squillaci,7794,58,SC Bastia,SC Bastia,France,France Ligue 1,2015/2016,500000
92095,Sebastien Wuethrich,10249,70,Montpellier Hérault SC,Montpellier Hérault SC,France,France Ligue 1,2014/2015,500000
554134,Sefa Isci,10000,15005,SV Zulte-Waregem,SV Zulte-Waregem,Belgium,Belgium Jupiler League,2014/2015,150000
448540,Sehrou Guirassy,8639,65,LOSC Lille,LOSC Lille,France,France Ligue 1,2015/2016,2000000
36011,Sejad Salihovic,8226,10029,TSG 1899 Hoffenheim,TSG 1899 Hoffenheim,Germany,Germany 1. Bundesliga,2014/2015,700000
602211,Seko Fofana,7794,58,SC Bastia,SC Bastia,France,France Ligue 1,2015/2016,3500000
26590,Sekou Cisse,9987,673,KRC Genk,KRC Genk,Belgium,Belgium Jupiler League,2015/2016,1000000
245161,Sekou Junior Sanogo,10192,900,BSC Young Boys,BSC Young Boys,Switzerland,Switzerland Super League,2015/2016,2500000
111704,Selim Bouadla,10215,1901,Académica de Coimbra,Académica de Coimbra,Portugal,Portugal Liga ZON Sagres,2015/2016,300000
194325,Semedo,9764,1888,Gil Vicente FC,Gil Vicente FC,Portugal,Portugal Liga ZON Sagres,2014/2015,600000
138171,Semir Stilic,10265,1873,Wisła Kraków,Wisła Kraków,Poland,Poland Ekstraklasa,2014/2015,1000000
66890,Senad Lulic,8543,46,Lazio,Lazio,Italy,Italy Serie A,2015/2016,7000000
121093,Sercan Sararer,10269,36,VfB Stuttgart,VfB Stuttgart,Germany,Germany 1. Bundesliga,2014/2015,700000
36146,Serdar Tasci,9823,21,FC Bayern Munich,FC Bayern Munich,Germany,Germany 1. Bundesliga,2015/2016,3000000
132843,Serey Die,10269,36,VfB Stuttgart,VfB Stuttgart,Germany,Germany 1. Bundesliga,2015/2016,1500000
195299,Serge Aurier,9847,73,Paris Saint-Germain,Paris Saint-Germain,France,France Ligue 1,2015/2016,15000000
26221,Serge Gakpe,10233,110556,Genoa,Genoa,Italy,Italy Serie A,2015/2016,2000000
31325,Sergei Pylypchuk,8245,111083,Korona Kielce,Korona Kielce,Poland,Poland Ekstraklasa,2015/2016,200000
463301,Sergej Milinkovic-Savic,8543,46,Lazio,Lazio,Italy,Italy Serie A,2015/2016,9000000
79747,Sergey Krivets,8550,68,FC Metz,FC Metz,France,France Ligue 1,2014/2015,800000
282472,Sergi Darder,9748,66,Olympique Lyonnais,Olympique Lyonnais,France,France Ligue 1,2015/2016,12000000
193224,Sergi Enrich,8372,467,SD Eibar,SD Eibar,Spain,Spain LIGA BBVA,2015/2016,4000000
358148,Sergi Gomez,9910,450,RC Celta de Vigo,RC Celta de Vigo,Spain,Spain LIGA BBVA,2015/2016,5000000
212472,Sergi Roberto,8634,241,FC Barcelona,FC Barcelona,Spain,Spain LIGA BBVA,2015/2016,25000000
37412,Sergio Aguero,8456,10,Manchester City,Manchester City,England,England Premier League,2015/2016,60000000
246201,Sergio Alvarez,9910,450,RC Celta de Vigo,RC Celta de Vigo,Spain,Spain LIGA BBVA,2015/2016,3500000
202639,Sergio Alvarez,9869,459,Real Sporting de Gijón,Real Sporting de Gijón,Spain,Spain LIGA BBVA,2015/2016,2500000
96623,Sergio Asenjo,10205,483,Villarreal CF,Villarreal CF,Spain,Spain LIGA BBVA,2015/2016,5000000
154257,Sergio Busquets,8634,241,FC Barcelona,FC Barcelona,Spain,Spain LIGA BBVA,2015/2016,60000000
150649,Sergio Canales,8560,457,Real Sociedad,Real Sociedad,Spain,Spain LIGA BBVA,2015/2016,3000000
209950,Sergio Escudero,8302,481,Sevilla FC,Sevilla FC,Spain,Spain LIGA BBVA,2015/2016,3500000
190669,Sergio Ezequiel Araujo,8306,472,UD Las Palmas,UD Las Palmas,Spain,Spain LIGA BBVA,2015/2016,2000000
27657,Sergio Floccari,9857,189,Bologna,Bologna,Italy,Italy Serie A,2015/2016,500000
38578,Sergio Garcia,8558,452,RCD Espanyol,RCD Espanyol,Spain,Spain LIGA BBVA,2014/2015,3500000
213483,Sergio Marcos,10205,483,Villarreal CF,Villarreal CF,Spain,Spain LIGA BBVA,2014/2015,400000
163835,Sergio Oliveira,9773,236,FC Porto,FC Porto,Portugal,Portugal Liga ZON Sagres,2015/2016,2500000
156553,Sergio Padt,8674,1915,FC Groningen,FC Groningen,Netherlands,Netherlands Eredivisie,2015/2016,3000000
102630,Sergio Pelegrin,10268,468,Elche CF,Elche CF,Spain,Spain LIGA BBVA,2014/2015,200000
24448,Sergio Pellissier,8533,192,Chievo Verona,Chievo Verona,Italy,Italy Serie A,2015/2016,200000
30962,Sergio Ramos,8633,243,Real Madrid CF,Real Madrid CF,Spain,Spain LIGA BBVA,2015/2016,40000000
300532,Sergio Rico,8302,481,Sevilla FC,Sevilla FC,Spain,Spain LIGA BBVA,2015/2016,15000000
553476,Sergio Rochet,10229,1906,AZ,AZ,Netherlands,Netherlands Eredivisie,2015/2016,1250000
109060,Sergio Romero,10260,11,Manchester United,Manchester United,England,England Premier League,2015/2016,5000000
28439,Sergio Sanchez,9864,573,Málaga CF,Málaga CF,Spain,Spain LIGA BBVA,2014/2015,1500000
178584,Sergiusz Prusak,8019,110565,Górnik Łęczna,Górnik Łęczna,Poland,Poland Ekstraklasa,2015/2016,50000
491072,Sergiy Bolbat,9994,2007,Sporting Lokeren,Sporting Lokeren,Belgium,Belgium Jupiler League,2015/2016,850000
38956,Seth De Witte,8203,110724,KV Mechelen,KV Mechelen,Belgium,Belgium Jupiler League,2015/2016,1000000
31019,Seweryn Gancarczyk,8020,2000002,Polonia Bytom,Polonia Bytom,Poland,Poland Ekstraklasa,2014/2015,75000
79187,Seydou Doumbia,8686,52,Roma,Roma,Italy,Italy Serie A,2014/2015,6000000
26146,Seydou Keita,8686,52,Roma,Roma,Italy,Italy Serie A,2015/2016,500000
444187,Shadrach Eghan Kwesi,8611,1908,FC Twente,FC Twente,Netherlands,Netherlands Eredivisie,2015/2016,1250000
23293,Shane Long,8466,17,Southampton,Southampton,England,England Premier League,2015/2016,10000000
451983,Shani Tarashaj,9956,322,Grasshopper Club Zürich,Grasshopper Club Zürich,Switzerland,Switzerland Super League,2015/2016,4000000
30367,Shaun Wright-Phillips,10172,15,Queens Park Rangers,Queens Park Rangers,England,England Premier League,2014/2015,250000
278864,Shawn Parker,9905,169,1. FSV Mainz 05,1. FSV Mainz 05,Germany,Germany 1. Bundesliga,2014/2015,500000
24224,Shay Given,10194,1806,Stoke City,Stoke City,England,England Premier League,2015/2016,500000
396929,Sheldon Bateau,8203,110724,KV Mechelen,KV Mechelen,Belgium,Belgium Jupiler League,2015/2016,600000
495222,Sheraldo Becker,6413,1914,PEC Zwolle,PEC Zwolle,Netherlands,Netherlands Eredivisie,2015/2016,800000
33622,Sherjill MacDonald,10001,681,KVC Westerlo,KVC Westerlo,Belgium,Belgium Jupiler League,2014/2015,200000
656662,Sherko Gubari,9956,322,Grasshopper Club Zürich,Grasshopper Club Zürich,Switzerland,Switzerland Super League,2015/2016,400000
608125,Sheyi Ojo,8650,9,Liverpool,Liverpool,England,England Premier League,2015/2016,2000000
144993,Shinji Kagawa,9789,22,Borussia Dortmund,Borussia Dortmund,Germany,Germany 1. Bundesliga,2015/2016,16000000
20694,Shinji Okazaki,8197,95,Leicester City,Leicester City,England,England Premier League,2015/2016,10000000
174364,Shiran Yeini,8277,1909,Vitesse,Vitesse,Netherlands,Netherlands Eredivisie,2015/2016,800000
41726,Shkelzen Gashi,9931,896,FC Basel,FC Basel,Switzerland,Switzerland Super League,2015/2016,2500000
184999,Shkodran Mustafi,10267,461,Valencia CF,Valencia CF,Spain,Spain LIGA BBVA,2015/2016,30000000
40454,Shpetim Hasani,8019,110565,Górnik Łęczna,Górnik Łęczna,Poland,Poland Ekstraklasa,2014/2015,75000
25525,Siaka Tiene,10249,70,Montpellier Hérault SC,Montpellier Hérault SC,France,France Ligue 1,2014/2015,500000
303345,Siam Ben Youssef,7819,210,SM Caen,SM Caen,France,France Ligue 1,2015/2016,1750000
121872,Sidnei,9783,242,RC Deportivo de La Coruña,RC Deportivo de La Coruña,Spain,Spain LIGA BBVA,2015/2016,6000000
71560,Sidney Sam,10189,34,FC Schalke 04,FC Schalke 04,Germany,Germany 1. Bundesliga,2014/2015,500000
26606,Siebe Blondelle,8475,110913,Waasland-Beveren,Waasland-Beveren,Belgium,Belgium Jupiler League,2014/2015,400000
354494,Siebe Schrijvers,8475,110913,Waasland-Beveren,Waasland-Beveren,Belgium,Belgium Jupiler League,2015/2016,1500000
103899,Siem de Jong,10261,13,Newcastle United,Newcastle United,England,England Premier League,2015/2016,7000000
678384,Silvan Hefti,10190,898,FC St. Gallen,FC St. Gallen,Switzerland,Switzerland Super League,2015/2016,1000000
275034,Silvan Widmer,8600,55,Udinese,Udinese,Italy,Italy Serie A,2015/2016,7500000
40187,Silvestre Varela,9773,236,FC Porto,FC Porto,Portugal,Portugal Liga ZON Sagres,2015/2016,2800000
150081,Silvio,9772,234,SL Benfica,SL Benfica,Portugal,Portugal Liga ZON Sagres,2015/2016,1500000
38391,Silvio Proto,8635,229,RSC Anderlecht,RSC Anderlecht,Belgium,Belgium Jupiler League,2015/2016,2000000
114270,Silvio Rodic,8019,110565,Górnik Łęczna,Górnik Łęczna,Poland,Poland Ekstraklasa,2015/2016,150000
105351,Simao,8581,1853,Levante UD,Levante UD,Spain,Spain LIGA BBVA,2015/2016,2000000
178120,Sime Vrsaljko,7943,111974,Sassuolo,Sassuolo,Italy,Italy Serie A,2015/2016,14000000
105022,Simon Church,8485,77,Aberdeen,Aberdeen,Scotland,Scotland Premier League,2015/2016,500000
627547,Simon Diedhiou,9991,674,KAA Gent,KAA Gent,Belgium,Belgium Jupiler League,2015/2016,600000
35515,Simon Francis,8678,1943,Bournemouth,Bournemouth,England,England Premier League,2015/2016,2500000
438572,Simon Gustafson,10235,246,Feyenoord,Feyenoord,Netherlands,Netherlands Eredivisie,2015/2016,2250000
35112,Simon Kjaer,8639,65,LOSC Lille,LOSC Lille,France,France Ligue 1,2014/2015,10000000
32973,Simon Lappin,8467,100804,St. Johnstone FC,St. Johnstone FC,Scotland,Scotland Premier League,2015/2016,350000
37868,Simon Mignolet,8650,9,Liverpool,Liverpool,England,England Premier League,2015/2016,12000000
244035,Simon Murray,9938,181,Dundee United,Dundee United,Scotland,Scotland Premier League,2015/2016,250000
26797,Simon Poulsen,8640,247,PSV,PSV,Netherlands,Netherlands Eredivisie,2015/2016,800000
26335,Simon Pouplin,9831,72,OGC Nice,OGC Nice,France,France Ligue 1,2015/2016,500000
24275,Simon Ramsden,9927,83,Motherwell,Motherwell,Scotland,Scotland Premier League,2014/2015,300000
27429,Simon Rolfes,8178,32,Bayer 04 Leverkusen,Bayer 04 Leverkusen,Germany,Germany 1. Bundesliga,2014/2015,2000000
255221,Simon Thern,10228,1913,SC Heerenveen,SC Heerenveen,Netherlands,Netherlands Eredivisie,2015/2016,2500000
293722,Simon Tibbling,8674,1915,FC Groningen,FC Groningen,Netherlands,Netherlands Eredivisie,2015/2016,3000000
238438,Simon Zoller,8722,31,1. FC Köln,1. FC Köln,Germany,Germany 1. Bundesliga,2015/2016,3000000
111818,Simone Benedetti,8529,1842,Cagliari,Cagliari,Italy,Italy Serie A,2014/2015,400000
128803,Simone Colombi,208931,112409,Carpi,Carpi,Italy,Italy Serie A,2015/2016,1000000
41621,Simone Grippo,9824,286,FC Vaduz,FC Vaduz,Switzerland,Switzerland Super League,2015/2016,750000
27685,Simone Missiroli,7943,111974,Sassuolo,Sassuolo,Italy,Italy Serie A,2015/2016,6000000
42645,Simone Padoin,9885,45,Juventus,Juventus,Italy,Italy Serie A,2015/2016,1000000
39232,Simone Pepe,8533,192,Chievo Verona,Chievo Verona,Italy,Italy Serie A,2015/2016,500000
232110,Simone Rapp,10191,1715,FC Thun,FC Thun,Switzerland,Switzerland Super League,2015/2016,1000000
111739,Simone Romagnoli,208931,112409,Carpi,Carpi,Italy,Italy Serie A,2015/2016,1500000
423223,Simone Scuffet,8600,55,Udinese,Udinese,Italy,Italy Serie A,2014/2015,4400000
187360,Simone Verdi,208931,112409,Carpi,Carpi,Italy,Italy Serie A,2015/2016,3000000
166595,Simone Zaza,9885,45,Juventus,Juventus,Italy,Italy Serie A,2015/2016,15000000
38797,Sinan Bolat,8342,231,Club Brugge KV,Club Brugge KV,Belgium,Belgium Jupiler League,2015/2016,500000
585351,Sinan Bytyqi,7788,647,SC Cambuur,SC Cambuur,Netherlands,Netherlands Eredivisie,2014/2015,500000
139806,Sinisa Andjelkovic,8540,1843,Palermo,Palermo,Italy,Italy Serie A,2015/2016,700000
75398,Sisi,2182,873,Lech Poznań,Lech Poznań,Poland,Poland Ekstraklasa,2015/2016,450000
13428,Slawomir Peszko,8030,111091,Lechia Gdańsk,Lechia Gdańsk,Poland,Poland Ekstraklasa,2015/2016,400000
361793,Slimane Sissoko,8121,1530,Angers SCO,Angers SCO,France,France Ligue 1,2015/2016,300000
109280,Sloan Privat,9747,62,En Avant de Guingamp,En Avant de Guingamp,France,France Ligue 1,2015/2016,1750000
119838,Slobodan Medojevic,9810,1824,Eintracht Frankfurt,Eintracht Frankfurt,Germany,Germany 1. Bundesliga,2015/2016,1000000
93064,Slobodan Rajkovic,8262,110502,SV Darmstadt 98,SV Darmstadt 98,Germany,Germany 1. Bundesliga,2015/2016,1500000
178488,Sofian Bidaoui,10167,50,Parma,Parma,Italy,Italy Serie A,2014/2015,300000
365672,Sofiane Boufal,8639,65,LOSC Lille,LOSC Lille,France,France Ligue 1,2015/2016,15000000
93480,Sofiane Feghouli,10267,461,Valencia CF,Valencia CF,Spain,Spain LIGA BBVA,2015/2016,14000000
173957,Sofiane Hanni,8203,110724,KV Mechelen,KV Mechelen,Belgium,Belgium Jupiler League,2015/2016,7000000
593116,Sofyan Amrabat,9908,1903,FC Utrecht,FC Utrecht,Netherlands,Netherlands Eredivisie,2015/2016,650000
39455,Sokratis Papastathopoulos,9789,22,Borussia Dortmund,Borussia Dortmund,Germany,Germany 1. Bundesliga,2015/2016,22000000
292978,Somalia,9941,1809,Toulouse FC,Toulouse FC,France,France Ligue 1,2015/2016,1500000
23839,Sone Aluko,8667,1952,Hull City,Hull City,England,England Premier League,2014/2015,2000000
212814,Sonny Kittel,9810,1824,Eintracht Frankfurt,Eintracht Frankfurt,Germany,Germany 1. Bundesliga,2015/2016,500000
212147,Sonny Stevens,8611,1908,FC Twente,FC Twente,Netherlands,Netherlands Eredivisie,2014/2015,750000
58485,Sotiris Ninis,9986,670,Sporting Charleroi,Sporting Charleroi,Belgium,Belgium Jupiler League,2015/2016,1500000
279477,Souahilo Meite,10000,15005,SV Zulte-Waregem,SV Zulte-Waregem,Belgium,Belgium Jupiler League,2015/2016,2000000
466260,Souleymane Baba Diomande,9989,239,Lierse SK,Lierse SK,Belgium,Belgium Jupiler League,2014/2015,100000
34654,Souleymane Bamba,8540,1843,Palermo,Palermo,Italy,Italy Serie A,2014/2015,1250000
41124,Souleymane Camara,10249,70,Montpellier Hérault SC,Montpellier Hérault SC,France,France Ligue 1,2015/2016,500000
38703,Souleymane Diawara,9831,72,OGC Nice,OGC Nice,France,France Ligue 1,2014/2015,250000
36389,Srdjan Lakic,8460,10030,SC Paderborn 07,SC Paderborn 07,Germany,Germany 1. Bundesliga,2014/2015,250000
115190,Sreten Sretenovic,2186,110747,Cracovia,Cracovia,Poland,Poland Ekstraklasa,2015/2016,250000
426359,Stanislav Kritsyuk,10264,1896,SC Braga,SC Braga,Portugal,Portugal Liga ZON Sagres,2015/2016,5000000
278848,Stanley Elbers,10218,1971,Excelsior,Excelsior,Netherlands,Netherlands Eredivisie,2015/2016,300000
38802,Steed Malbranque,9748,66,Olympique Lyonnais,Olympique Lyonnais,France,France Ligue 1,2015/2016,250000
303360,Steeve Yago,9941,1809,Toulouse FC,Toulouse FC,France,France Ligue 1,2015/2016,1250000
94008,Steeven Langil,8475,110913,Waasland-Beveren,Waasland-Beveren,Belgium,Belgium Jupiler League,2015/2016,1200000
426174,Steeven Willems,9986,670,Sporting Charleroi,Sporting Charleroi,Belgium,Belgium Jupiler League,2015/2016,600000
38337,Stef Wils,9984,1750,KSV Cercle Brugge,KSV Cercle Brugge,Belgium,Belgium Jupiler League,2014/2015,250000
38647,Stefan Aigner,9810,1824,Eintracht Frankfurt,Eintracht Frankfurt,Germany,Germany 1. Bundesliga,2015/2016,3000000
193901,Stefan Bell,9905,169,1. FSV Mainz 05,1. FSV Mainz 05,Germany,Germany 1. Bundesliga,2015/2016,6000000
43341,Stefan Daniel Radu,8543,46,Lazio,Lazio,Italy,Italy Serie A,2015/2016,6000000
188555,Stefan de Vrij,8543,46,Lazio,Lazio,Italy,Italy Serie A,2015/2016,20000000
42257,Stefan Glarner,10191,1715,FC Thun,FC Thun,Switzerland,Switzerland Super League,2015/2016,500000
70078,Stefan Johansen,9925,78,Celtic,Celtic,Scotland,Scotland Premier League,2015/2016,3000000
31199,Stefan Kiessling,8178,32,Bayer 04 Leverkusen,Bayer 04 Leverkusen,Germany,Germany 1. Bundesliga,2015/2016,4000000
469705,Stefan Kutschke,8460,10030,SC Paderborn 07,SC Paderborn 07,Germany,Germany 1. Bundesliga,2014/2015,300000
433951,Stefan Lex,8234,111239,FC Ingolstadt 04,FC Ingolstadt 04,Germany,Germany 1. Bundesliga,2015/2016,750000
196203,Stefan Mitrovic,9991,674,KAA Gent,KAA Gent,Belgium,Belgium Jupiler League,2015/2016,2000000
102719,Stefan Nijland,6413,1914,PEC Zwolle,PEC Zwolle,Netherlands,Netherlands Eredivisie,2015/2016,1000000
58354,Stefan Reinartz,9810,1824,Eintracht Frankfurt,Eintracht Frankfurt,Germany,Germany 1. Bundesliga,2015/2016,4000000
268261,Stefan Ristovski,10167,50,Parma,Parma,Italy,Italy Serie A,2014/2015,1500000
178955,Stefan Savic,9906,240,Atlético Madrid,Atlético Madrid,Spain,Spain LIGA BBVA,2015/2016,25000000
183548,Stefan Scepovic,8305,1860,Getafe CF,Getafe CF,Spain,Spain LIGA BBVA,2015/2016,2000000
243493,Stefan Thesker,8611,1908,FC Twente,FC Twente,Netherlands,Netherlands Eredivisie,2015/2016,400000
305132,Stefano Denswil,8342,231,Club Brugge KV,Club Brugge KV,Belgium,Belgium Jupiler League,2015/2016,5000000
24484,Stefano Lucchini,9880,110915,Cesena,Cesena,Italy,Italy Serie A,2014/2015,125000
243465,Stefano Marzo,10228,1913,SC Heerenveen,SC Heerenveen,Netherlands,Netherlands Eredivisie,2015/2016,700000
25594,Stefano Mauri,8543,46,Lazio,Lazio,Italy,Italy Serie A,2015/2016,400000
27696,Stefano Okaka Chuka,8635,229,RSC Anderlecht,RSC Anderlecht,Belgium,Belgium Jupiler League,2015/2016,6500000
364104,Stefano Sabelli,208931,112409,Carpi,Carpi,Italy,Italy Serie A,2015/2016,1800000
39477,Stefano Sorrentino,8540,1843,Palermo,Palermo,Italy,Italy Serie A,2015/2016,800000
244966,Stefano Sturaro,9885,45,Juventus,Juventus,Italy,Italy Serie A,2015/2016,12000000
245433,Stefanos Kapinos,9905,169,1. FSV Mainz 05,1. FSV Mainz 05,Germany,Germany 1. Bundesliga,2014/2015,2500000
103846,Stephan Andrist,9930,434,FC Aarau,FC Aarau,Switzerland,Switzerland Super League,2014/2015,350000
161328,Stephan El Shaarawy,8686,52,Roma,Roma,Italy,Italy Serie A,2015/2016,17000000
30474,Stephan Lichtsteiner,9885,45,Juventus,Juventus,Italy,Italy Serie A,2015/2016,5000000
432447,Stephan Raheriharimanana,9831,72,OGC Nice,OGC Nice,France,France Ligue 1,2015/2016,150000
306990,Stephane Badji,8635,229,RSC Anderlecht,RSC Anderlecht,Belgium,Belgium Jupiler League,2015/2016,2000000
26065,Stephane Besle,10190,898,FC St. Gallen,FC St. Gallen,Switzerland,Switzerland Super League,2014/2015,150000
33116,Stephane Darbion,10242,294,ES Troyes AC,ES Troyes AC,France,France Ligue 1,2015/2016,500000
26336,Stephane M'Bia,8302,481,Sevilla FC,Sevilla FC,Spain,Spain LIGA BBVA,2014/2015,5000000
41097,Stephane Ruffier,9853,1819,AS Saint-Étienne,AS Saint-Étienne,France,France Ligue 1,2015/2016,8000000
33468,Stephane Sessegnon,8659,109,West Bromwich Albion,West Bromwich Albion,England,England Premier League,2015/2016,2000000
562995,Stephane Sparagna,8592,219,Olympique de Marseille,Olympique de Marseille,France,France Ligue 1,2015/2016,1000000
431589,Stephen Buyl,10000,15005,SV Zulte-Waregem,SV Zulte-Waregem,Belgium,Belgium Jupiler League,2015/2016,550000
262930,Stephen Hendrie,8429,184,Hamilton Academical FC,Hamilton Academical FC,Scotland,Scotland Premier League,2014/2015,1000000
24213,Stephen Ireland,10194,1806,Stoke City,Stoke City,England,England Premier League,2014/2015,1500000
259810,Stephen Kingsley,10003,1960,Swansea City,Swansea City,England,England Premier League,2015/2016,500000
591757,Stephen Mallan,9800,100805,St. Mirren,St. Mirren,Scotland,Scotland Premier League,2014/2015,275000
47190,Stephen McGinn,8284,180,Dundee FC,Dundee FC,Scotland,Scotland Premier League,2014/2015,150000
41060,Stephen McManus,9927,83,Motherwell,Motherwell,Scotland,Scotland Premier League,2015/2016,500000
287156,Stephen O'Donnell,8426,1754,Partick Thistle F.C.,Partick Thistle F.C.,Scotland,Scotland Premier League,2014/2015,250000
41059,Stephen Pearson,9927,83,Motherwell,Motherwell,Scotland,Scotland Premier League,2015/2016,250000
21864,Stephen Quinn,8667,1952,Hull City,Hull City,England,England Premier League,2014/2015,1500000
33138,Stephen Ward,8191,1796,Burnley,Burnley,England,England Premier League,2014/2015,1000000
110878,Stergos Marinos,9986,670,Sporting Charleroi,Sporting Charleroi,Belgium,Belgium Jupiler League,2015/2016,600000
92666,Stevan Jovetic,8636,44,Inter,Inter,Italy,Italy Serie A,2015/2016,12500000
156013,Steve Cook,8678,1943,Bournemouth,Bournemouth,England,England Premier League,2015/2016,5000000
38262,Steve De Ridder,10000,15005,SV Zulte-Waregem,SV Zulte-Waregem,Belgium,Belgium Jupiler League,2015/2016,700000
24227,Steve Harper,8667,1952,Hull City,Hull City,England,England Premier League,2014/2015,250000
31293,Steve Mandanda,8592,219,Olympique de Marseille,Olympique de Marseille,France,France Ligue 1,2015/2016,10000000
23283,Steve Sidwell,9879,144,Fulham,Fulham,England,England Premier League,2014/2015,1000000
25815,Steve von Bergen,10192,900,BSC Young Boys,BSC Young Boys,Switzerland,Switzerland Super League,2015/2016,1000000
35968,Steven Anderson,8467,100804,St. Johnstone FC,St. Johnstone FC,Scotland,Scotland Premier League,2015/2016,450000
209786,Steven Berghuis,10229,1906,AZ,AZ,Netherlands,Netherlands Eredivisie,2014/2015,4000000
176889,Steven Caulker,8466,17,Southampton,Southampton,England,England Premier League,2015/2016,7500000
23792,Steven Davis,8466,17,Southampton,Southampton,England,England Premier League,2015/2016,6000000
67896,Steven De Petter,8203,110724,KV Mechelen,KV Mechelen,Belgium,Belgium Jupiler League,2015/2016,600000
128239,Steven Deana,10179,110770,FC Sion,FC Sion,Switzerland,Switzerland Super League,2014/2015,250000
39631,Steven Defour,8635,229,RSC Anderlecht,RSC Anderlecht,Belgium,Belgium Jupiler League,2015/2016,6000000
32627,Steven Fletcher,8592,219,Olympique de Marseille,Olympique de Marseille,France,France Ligue 1,2015/2016,3000000
30618,Steven Gerrard,8650,9,Liverpool,Liverpool,England,England Premier League,2014/2015,1750000
35502,Steven Hammell,9927,83,Motherwell,Motherwell,Scotland,Scotland Premier League,2015/2016,400000
157561,Steven Joseph-Monrose,9987,673,KRC Genk,KRC Genk,Belgium,Belgium Jupiler League,2014/2015,600000
92094,Steven Lang,10190,898,FC St. Gallen,FC St. Gallen,Switzerland,Switzerland Super League,2015/2016,400000
195678,Steven Lawless,8426,1754,Partick Thistle F.C.,Partick Thistle F.C.,Scotland,Scotland Premier League,2015/2016,300000
35725,Steven MacLean,8467,100804,St. Johnstone FC,St. Johnstone FC,Scotland,Scotland Premier League,2015/2016,450000
444000,Steven Moreira,9851,74,Stade Rennais FC,Stade Rennais FC,France,France Ligue 1,2015/2016,1500000
32705,Steven Naismith,9850,1792,Norwich City,Norwich City,England,England Premier League,2015/2016,6000000
109621,Steven Nzonzi,8302,481,Sevilla FC,Sevilla FC,Spain,Spain LIGA BBVA,2015/2016,20000000
36012,Steven Pienaar,8668,7,Everton,Everton,England,England Premier League,2014/2015,1500000
23922,Steven Reid,8659,109,West Bromwich Albion,West Bromwich Albion,England,England Premier League,2014/2015,500000
196140,Steven Ross,8649,631,Ross County FC,Ross County FC,Scotland,Scotland Premier League,2014/2015,75000
32200,Steven Smith,8597,82,Kilmarnock,Kilmarnock,Scotland,Scotland Premier League,2015/2016,200000
24228,Steven Taylor,10261,13,Newcastle United,Newcastle United,England,England Premier League,2015/2016,1250000
41226,Steven Thicot,188163,2000006,Tondela,Tondela,Portugal,Portugal Liga ZON Sagres,2015/2016,400000
25411,Steven Thompson,9800,100805,St. Mirren,St. Mirren,Scotland,Scotland Premier League,2014/2015,325000
32616,Steven Whittaker,9850,1792,Norwich City,Norwich City,England,England Premier League,2015/2016,1250000
140819,Steven Zuber,8226,10029,TSG 1899 Hoffenheim,TSG 1899 Hoffenheim,Germany,Germany 1. Bundesliga,2015/2016,1750000
215780,Stewart Carswell,9927,83,Motherwell,Motherwell,Scotland,Scotland Premier League,2014/2015,250000
30892,Stewart Downing,8654,19,West Ham United,West Ham United,England,England Premier League,2014/2015,6000000
108760,Stewart Murdoch,8649,631,Ross County FC,Ross County FC,Scotland,Scotland Premier League,2015/2016,250000
74049,Stian Ringstad,10264,1896,SC Braga,SC Braga,Portugal,Portugal Liga ZON Sagres,2015/2016,600000
37065,Stijn De Smet,8571,100081,KV Kortrijk,KV Kortrijk,Belgium,Belgium Jupiler League,2015/2016,800000
26453,Stijn Schaars,8640,247,PSV,PSV,Netherlands,Netherlands Eredivisie,2015/2016,1000000
145586,Stijn Wuytens,10229,1906,AZ,AZ,Netherlands,Netherlands Eredivisie,2015/2016,1250000
178165,Stipe Bacelic-Grgic,9984,1750,KSV Cercle Brugge,KSV Cercle Brugge,Belgium,Belgium Jupiler League,2014/2015,300000
401343,Stipe Perica,8600,55,Udinese,Udinese,Italy,Italy Serie A,2015/2016,2500000
39584,Stipe Pletikosa,9783,242,RC Deportivo de La Coruña,RC Deportivo de La Coruña,Spain,Spain LIGA BBVA,2015/2016,500000
114011,Stjepan Kukuruzovic,9824,286,FC Vaduz,FC Vaduz,Switzerland,Switzerland Super League,2015/2016,800000
182637,Stojan Vranjes,8673,1871,Legia Warszawa,Legia Warszawa,Poland,Poland Ekstraklasa,2015/2016,400000
254241,Stole Dimitrievski,7878,110832,Granada CF,Granada CF,Spain,Spain LIGA BBVA,2014/2015,300000
162914,Stophira Sunzu,8639,65,LOSC Lille,LOSC Lille,France,France Ligue 1,2015/2016,1500000
237563,Stuart Armstrong,9925,78,Celtic,Celtic,Scotland,Scotland Premier League,2015/2016,1250000
214953,Stuart Bannigan,8426,1754,Partick Thistle F.C.,Partick Thistle F.C.,Scotland,Scotland Premier League,2015/2016,400000
519951,Stuart Findlay,8597,82,Kilmarnock,Kilmarnock,Scotland,Scotland Premier League,2015/2016,100000
148909,Stuart O'Keefe,9826,1799,Crystal Palace,Crystal Palace,England,England Premier League,2014/2015,750000
356069,Sturgeon,9807,1889,CF Os Belenenses,CF Os Belenenses,Portugal,Portugal Liga ZON Sagres,2015/2016,2500000
667790,Suat Serdar,9905,169,1. FSV Mainz 05,1. FSV Mainz 05,Germany,Germany 1. Bundesliga,2015/2016,1000000
534484,Success Isaac,7878,110832,Granada CF,Granada CF,Spain,Spain LIGA BBVA,2015/2016,4000000
245530,Suk-Young Yun,10172,15,Queens Park Rangers,Queens Park Rangers,England,England Premier League,2014/2015,400000
208208,Suleyman Koc,8460,10030,SC Paderborn 07,SC Paderborn 07,Germany,Germany 1. Bundesliga,2014/2015,1000000
30905,Sulley Ali Muntari,8564,47,Milan,Milan,Italy,Italy Serie A,2014/2015,1500000
574872,Sunday Abalo,7841,744,Rio Ave FC,Rio Ave FC,Portugal,Portugal Liga ZON Sagres,2014/2015,250000
144996,Sung-Yueng Ki,10003,1960,Swansea City,Swansea City,England,England Premier League,2015/2016,7500000
280276,Suso,10233,110556,Genoa,Genoa,Italy,Italy Serie A,2015/2016,7000000
37374,Sven Bender,9789,22,Borussia Dortmund,Borussia Dortmund,Germany,Germany 1. Bundesliga,2015/2016,11000000
563066,Sven Joss,10191,1715,FC Thun,FC Thun,Switzerland,Switzerland Super League,2015/2016,600000
40521,Sven Kums,9991,674,KAA Gent,KAA Gent,Belgium,Belgium Jupiler League,2015/2016,7500000
94885,Sven Schipplock,9790,28,Hamburger SV,Hamburger SV,Germany,Germany 1. Bundesliga,2015/2016,1250000
94841,Sven Ulreich,10269,36,VfB Stuttgart,VfB Stuttgart,Germany,Germany 1. Bundesliga,2014/2015,2500000
424879,Sven van Beek,10235,246,Feyenoord,Feyenoord,Netherlands,Netherlands Eredivisie,2015/2016,5500000
213873,Sverrir Ingi Ingason,9994,2007,Sporting Lokeren,Sporting Lokeren,Belgium,Belgium Jupiler League,2015/2016,1000000
30457,Sylvain Armand,9851,74,Stade Rennais FC,Stade Rennais FC,France,France Ligue 1,2015/2016,500000
24216,Sylvain Distin,8678,1943,Bournemouth,Bournemouth,England,England Premier League,2015/2016,750000
33122,Sylvain Marchal,8550,68,FC Metz,FC Metz,France,France Ligue 1,2014/2015,250000
41191,Sylvain Marveaux,9747,62,En Avant de Guingamp,En Avant de Guingamp,France,France Ligue 1,2014/2015,1500000
145061,Sylvio Ronny Rodelin,7819,210,SM Caen,SM Caen,France,France Ligue 1,2015/2016,2500000
184098,Sylwester Patejuk,8033,111087,Podbeskidzie Bielsko-Biała,Podbeskidzie Bielsko-Biała,Poland,Poland Ekstraklasa,2014/2015,100000
39045,Szabolcs Huszti,9810,1824,Eintracht Frankfurt,Eintracht Frankfurt,Germany,Germany 1. Bundesliga,2015/2016,1000000
266279,Szymon Drewniak,8020,2000002,Polonia Bytom,Polonia Bytom,Poland,Poland Ekstraklasa,2014/2015,200000
138155,Szymon Matuszek,8020,2000002,Polonia Bytom,Polonia Bytom,Poland,Poland Ekstraklasa,2015/2016,200000
69479,Szymon Pawlowski,2182,873,Lech Poznań,Lech Poznań,Poland,Poland Ekstraklasa,2015/2016,900000
13490,Szymon Sawala,8569,110744,GKS Bełchatów,GKS Bełchatów,Poland,Poland Ekstraklasa,2014/2015,100000
20118,Takafumi Akahoshi,8023,110746,Pogoń Szczecin,Pogoń Szczecin,Poland,Poland Ekstraklasa,2015/2016,350000
97762,Takashi Inui,8372,467,SD Eibar,SD Eibar,Spain,Spain LIGA BBVA,2015/2016,3000000
429880,Takuya Murayama,8023,110746,Pogoń Szczecin,Pogoń Szczecin,Poland,Poland Ekstraklasa,2015/2016,300000
73116,Tamas Kadar,2182,873,Lech Poznań,Lech Poznań,Poland,Poland Ekstraklasa,2015/2016,1000000
484906,Tana,8306,472,UD Las Palmas,UD Las Palmas,Spain,Spain LIGA BBVA,2015/2016,3500000
150083,Tarantini,7841,744,Rio Ave FC,Rio Ave FC,Portugal,Portugal Liga ZON Sagres,2015/2016,1250000
560564,Taras Romanczuk,1957,110745,Jagiellonia Białystok,Jagiellonia Białystok,Poland,Poland Ekstraklasa,2015/2016,300000
27866,Tarik Elyounoussi,8226,10029,TSG 1899 Hoffenheim,TSG 1899 Hoffenheim,Germany,Germany 1. Bundesliga,2015/2016,1500000
610238,Tarik Kada,9791,100634,Heracles Almelo,Heracles Almelo,Netherlands,Netherlands Eredivisie,2015/2016,300000
40764,Tarmo Kink,8066,620,Inverness Caledonian Thistle,Inverness Caledonian Thistle,Scotland,Scotland Premier League,2014/2015,250000
207234,Taulant Xhaka,9931,896,FC Basel,FC Basel,Switzerland,Switzerland Super League,2015/2016,4000000
609841,Taylor Moore,8588,64,RC Lens,RC Lens,France,France Ligue 1,2014/2015,1000000
240788,Ted van de Pavert,8526,635,De Graafschap,De Graafschap,Netherlands,Netherlands Eredivisie,2015/2016,500000
104377,Teddy Chevalier,8571,100081,KV Kortrijk,KV Kortrijk,Belgium,Belgium Jupiler League,2014/2015,1600000
210138,Teddy Mezague,274581,2000004,Royal Excel Mouscron,Royal Excel Mouscron,Belgium,Belgium Jupiler League,2015/2016,800000
66578,Teemu Pukki,9925,78,Celtic,Celtic,Scotland,Scotland Premier League,2014/2015,1750000
159373,Temitope Ayoluwa Obadeyi,8597,82,Kilmarnock,Kilmarnock,Scotland,Scotland Premier League,2015/2016,250000
145584,Tengarrinha,8613,1898,Boavista FC,Boavista FC,Portugal,Portugal Liga ZON Sagres,2015/2016,800000
98220,Teofilo Gutierrez,9768,237,Sporting CP,Sporting CP,Portugal,Portugal Liga ZON Sagres,2015/2016,3500000
305831,Terell Ondaan,8525,1907,Willem II,Willem II,Netherlands,Netherlands Eredivisie,2015/2016,750000
299572,Terence Kongolo,10235,246,Feyenoord,Feyenoord,Netherlands,Netherlands Eredivisie,2015/2016,6000000
466132,Theo Bongonda,9910,450,RC Celta de Vigo,RC Celta de Vigo,Spain,Spain LIGA BBVA,2015/2016,2500000
31915,Theo Robinson,9927,83,Motherwell,Motherwell,Scotland,Scotland Premier League,2015/2016,250000
31013,Theo Walcott,9825,1,Arsenal,Arsenal,England,England Premier League,2015/2016,22000000
150068,Theo Weeks,10212,1893,CS Marítimo,CS Marítimo,Portugal,Portugal Liga ZON Sagres,2014/2015,750000
107588,Theodor Gebre Selassie,8697,38,SV Werder Bremen,SV Werder Bremen,Germany,Germany 1. Bundesliga,2015/2016,2750000
38601,Theofanis Gekas,10179,110770,FC Sion,FC Sion,Switzerland,Switzerland Super League,2015/2016,600000
172949,Thiago Alcantara,9823,21,FC Bayern Munich,FC Bayern Munich,Germany,Germany 1. Bundesliga,2015/2016,22000000
151050,Thiago Cionek,8540,1843,Palermo,Palermo,Italy,Italy Serie A,2015/2016,900000
26852,Thiago Motta,9847,73,Paris Saint-Germain,Paris Saint-Germain,France,France Ligue 1,2015/2016,3000000
80562,Thiago Silva,9847,73,Paris Saint-Germain,Paris Saint-Germain,France,France Ligue 1,2015/2016,16000000
19297,Thiago Xavier,10242,294,ES Troyes AC,ES Troyes AC,France,France Ligue 1,2015/2016,250000
668725,Thibang Phete,7844,1887,Vitória Guimarães,Vitória Guimarães,Portugal,Portugal Liga ZON Sagres,2015/2016,250000
41364,Thibault Giresse,9747,62,En Avant de Guingamp,En Avant de Guingamp,France,France Ligue 1,2015/2016,500000
213799,Thibault Moulin,8475,110913,Waasland-Beveren,Waasland-Beveren,Belgium,Belgium Jupiler League,2015/2016,1500000
359378,Thibault Peyre,274581,2000004,Royal Excel Mouscron,Royal Excel Mouscron,Belgium,Belgium Jupiler League,2015/2016,600000
170323,Thibaut Courtois,8455,5,Chelsea,Chelsea,England,England Premier League,2015/2016,35000000
190854,Thibaut van Acker,9984,1750,KSV Cercle Brugge,KSV Cercle Brugge,Belgium,Belgium Jupiler League,2014/2015,400000
304022,Thibaut Vion,8550,68,FC Metz,FC Metz,France,France Ligue 1,2014/2015,300000
254702,Thievy Bifouma,9837,379,Stade de Reims,Stade de Reims,France,France Ligue 1,2015/2016,2500000
243489,Thijs Bouma,8526,635,De Graafschap,De Graafschap,Netherlands,Netherlands Eredivisie,2015/2016,200000
150869,Thimothee Kolodziejczak,8302,481,Sevilla FC,Sevilla FC,Spain,Spain LIGA BBVA,2015/2016,7000000
384446,Thom Haye,10229,1906,AZ,AZ,Netherlands,Netherlands Eredivisie,2015/2016,1000000
434325,Thomas,9906,240,Atlético Madrid,Atlético Madrid,Spain,Spain LIGA BBVA,2015/2016,250000
93994,Thomas Ayasse,10242,294,ES Troyes AC,ES Troyes AC,France,France Ligue 1,2015/2016,1000000
243439,Thomas Bruns,9791,100634,Heracles Almelo,Heracles Almelo,Netherlands,Netherlands Eredivisie,2015/2016,2500000
32863,Thomas Buffel,9987,673,KRC Genk,KRC Genk,Belgium,Belgium Jupiler League,2015/2016,350000
212702,Thomas Carroll,8586,18,Tottenham Hotspur,Tottenham Hotspur,England,England Premier League,2015/2016,5000000
491016,Thomas Fekete,9824,286,FC Vaduz,FC Vaduz,Switzerland,Switzerland Super League,2015/2016,3000000
346142,Thomas Foket,9991,674,KAA Gent,KAA Gent,Belgium,Belgium Jupiler League,2015/2016,3000000
179791,Thomas Heurtaux,8600,55,Udinese,Udinese,Italy,Italy Serie A,2015/2016,4000000
27255,Thomas Kessler,8722,31,1. FC Köln,1. FC Köln,Germany,Germany 1. Bundesliga,2015/2016,400000
186951,Thomas Konrad,8284,180,Dundee FC,Dundee FC,Scotland,Scotland Premier League,2015/2016,250000
36878,Thomas Kraft,8177,166,Hertha BSC Berlin,Hertha BSC Berlin,Germany,Germany 1. Bundesliga,2015/2016,1500000
26813,Thomas Kristensen,10217,650,ADO Den Haag,ADO Den Haag,Netherlands,Netherlands Eredivisie,2015/2016,550000
278838,Thomas Lam,6413,1914,PEC Zwolle,PEC Zwolle,Netherlands,Netherlands Eredivisie,2015/2016,1250000
468931,Thomas Lemar,9829,69,AS Monaco,AS Monaco,France,France Ligue 1,2015/2016,14000000
41098,Thomas Mangani,8121,1530,Angers SCO,Angers SCO,France,France Ligue 1,2015/2016,2500000
131530,Thomas Matton,9991,674,KAA Gent,KAA Gent,Belgium,Belgium Jupiler League,2015/2016,1200000
277771,Thomas Meunier,8342,231,Club Brugge KV,Club Brugge KV,Belgium,Belgium Jupiler League,2015/2016,6000000
116772,Thomas Mueller,9823,21,FC Bayern Munich,FC Bayern Munich,Germany,Germany 1. Bundesliga,2015/2016,75000000
660136,Thomas Ouwejan,10229,1906,AZ,AZ,Netherlands,Netherlands Eredivisie,2015/2016,250000
8800,Thomas Reinmann,10191,1715,FC Thun,FC Thun,Switzerland,Switzerland Super League,2015/2016,300000
29049,Thomas Scobbie,8467,100804,St. Johnstone FC,St. Johnstone FC,Scotland,Scotland Premier League,2015/2016,350000
512740,Thomas Toure,9827,59,Girondins de Bordeaux,Girondins de Bordeaux,France,France Ligue 1,2015/2016,1500000
26005,Thomas Vermaelen,8634,241,FC Barcelona,FC Barcelona,Spain,Spain LIGA BBVA,2015/2016,4000000
277348,Thomas Vincensini,7794,58,SC Bastia,SC Bastia,France,France Ligue 1,2015/2016,150000
181071,Thomas Wils,9989,239,Lierse SK,Lierse SK,Belgium,Belgium Jupiler League,2014/2015,350000
264190,Thorgan Hazard,9788,23,Borussia Mönchengladbach,Borussia Mönchengladbach,Germany,Germany 1. Bundesliga,2015/2016,12000000
36479,Thorsten Kirschbaum,10269,36,VfB Stuttgart,VfB Stuttgart,Germany,Germany 1. Bundesliga,2014/2015,300000
209225,Thulani Serero,8593,245,Ajax,Ajax,Netherlands,Netherlands Eredivisie,2015/2016,2500000
30871,Tiago,9906,240,Atlético Madrid,Atlético Madrid,Spain,Spain LIGA BBVA,2015/2016,2000000
150272,Tiago Almeida,9807,1889,CF Os Belenenses,CF Os Belenenses,Portugal,Portugal Liga ZON Sagres,2015/2016,450000
281560,Tiago Caeiro,9807,1889,CF Os Belenenses,CF Os Belenenses,Portugal,Portugal Liga ZON Sagres,2015/2016,500000
242877,Tiago Ferreira,6367,2000001,Uniao da Madeira,Uniao da Madeira,Portugal,Portugal Liga ZON Sagres,2015/2016,350000
45294,Tiago Gomes,10264,1896,SC Braga,SC Braga,Portugal,Portugal Liga ZON Sagres,2014/2015,900000
280977,Tiago Ilori,9827,59,Girondins de Bordeaux,Girondins de Bordeaux,France,France Ligue 1,2014/2015,3000000
385299,Tiago Mesquita,8613,1898,Boavista FC,Boavista FC,Portugal,Portugal Liga ZON Sagres,2015/2016,600000
40951,Tiago Pinto,7841,744,Rio Ave FC,Rio Ave FC,Portugal,Portugal Liga ZON Sagres,2014/2015,2600000
242882,Tiago Rodrigues,10212,1893,CS Marítimo,CS Marítimo,Portugal,Portugal Liga ZON Sagres,2015/2016,1500000
422812,Tiago Silva,9807,1889,CF Os Belenenses,CF Os Belenenses,Portugal,Portugal Liga ZON Sagres,2015/2016,600000
22421,Tiago Valente,10238,665,Vitória Setúbal,Vitória Setúbal,Portugal,Portugal Liga ZON Sagres,2015/2016,400000
478393,Tiemoue Bakayoko,9829,69,AS Monaco,AS Monaco,France,France Ligue 1,2015/2016,6000000
469216,Tijane Reis,7842,10020,Estoril Praia,Estoril Praia,Portugal,Portugal Liga ZON Sagres,2014/2015,100000
110116,Tim Breukers,9791,100634,Heracles Almelo,Heracles Almelo,Netherlands,Netherlands Eredivisie,2015/2016,400000
27276,Tim Cornelisse,8525,1907,Willem II,Willem II,Netherlands,Netherlands Eredivisie,2014/2015,100000
410653,Tim Hoelscher,8611,1908,FC Twente,FC Twente,Netherlands,Netherlands Eredivisie,2015/2016,500000
31465,Tim Howard,8668,7,Everton,Everton,England,England Premier League,2015/2016,1750000
24229,Tim Krul,10261,13,Newcastle United,Newcastle United,England,England Premier League,2015/2016,8000000
651112,Tim Linthorst,8526,635,De Graafschap,De Graafschap,Netherlands,Netherlands Eredivisie,2015/2016,150000
72707,Tim Matavz,10233,110556,Genoa,Genoa,Italy,Italy Serie A,2015/2016,1500000
21753,Tim Matthijs,8203,110724,KV Mechelen,KV Mechelen,Belgium,Belgium Jupiler League,2015/2016,500000
33662,Tim Smolders,9984,1750,KSV Cercle Brugge,KSV Cercle Brugge,Belgium,Belgium Jupiler League,2014/2015,200000
178206,Timm Klose,9850,1792,Norwich City,Norwich City,England,England Premier League,2015/2016,5500000
26440,Timmy Simons,8342,231,Club Brugge KV,Club Brugge KV,Belgium,Belgium Jupiler League,2015/2016,100000
514301,Timo Baumgartl,10269,36,VfB Stuttgart,VfB Stuttgart,Germany,Germany 1. Bundesliga,2015/2016,3500000
212815,Timo Horn,8722,31,1. FC Köln,1. FC Köln,Germany,Germany 1. Bundesliga,2015/2016,10000000
352392,Timo Letschert,9908,1903,FC Utrecht,FC Utrecht,Netherlands,Netherlands Eredivisie,2015/2016,3000000
450980,Timo Werner,10269,36,VfB Stuttgart,VfB Stuttgart,Germany,Germany 1. Bundesliga,2015/2016,8000000
408986,Timon Wellenreuther,10189,34,FC Schalke 04,FC Schalke 04,Germany,Germany 1. Bundesliga,2014/2015,700000
465750,Timothy Castagne,9987,673,KRC Genk,KRC Genk,Belgium,Belgium Jupiler League,2015/2016,2000000
158234,Timothy Chandler,9810,1824,Eintracht Frankfurt,Eintracht Frankfurt,Germany,Germany 1. Bundesliga,2015/2016,1500000
42704,Timothy Derijck,10217,650,ADO Den Haag,ADO Den Haag,Netherlands,Netherlands Eredivisie,2015/2016,750000
639058,Timothy Fosu-Mensah,10260,11,Manchester United,Manchester United,England,England Premier League,2015/2016,1000000
427062,Tin Jedvaj,8178,32,Bayer 04 Leverkusen,Bayer 04 Leverkusen,Germany,Germany 1. Bundesliga,2015/2016,6500000
134236,Tino Costa,8535,110374,Fiorentina,Fiorentina,Italy,Italy Serie A,2015/2016,3000000
209442,Tinoco,188163,2000006,Tondela,Tondela,Portugal,Portugal Liga ZON Sagres,2015/2016,400000
614970,Tiquinho,10214,1891,CD Nacional,CD Nacional,Portugal,Portugal Liga ZON Sagres,2015/2016,1000000
183449,Tito,8370,480,Rayo Vallecano,Rayo Vallecano,Spain,Spain LIGA BBVA,2015/2016,2500000
117541,Tjaronn Chery,8674,1915,FC Groningen,FC Groningen,Netherlands,Netherlands Eredivisie,2014/2015,4500000
361326,Tobias Figueiredo,9768,237,Sporting CP,Sporting CP,Portugal,Portugal Liga ZON Sagres,2015/2016,2000000
141114,Tobias Kempe,8262,110502,SV Darmstadt 98,SV Darmstadt 98,Germany,Germany 1. Bundesliga,2015/2016,800000
36380,Tobias Levels,8234,111239,FC Ingolstadt 04,FC Ingolstadt 04,Germany,Germany 1. Bundesliga,2015/2016,1000000
37678,Tobias Sippel,9788,23,Borussia Mönchengladbach,Borussia Mönchengladbach,Germany,Germany 1. Bundesliga,2015/2016,1000000
303914,Tobias Strobl,8226,10029,TSG 1899 Hoffenheim,TSG 1899 Hoffenheim,Germany,Germany 1. Bundesliga,2015/2016,3000000
26982,Tobias Werner,8406,100409,FC Augsburg,FC Augsburg,Germany,Germany 1. Bundesliga,2015/2016,1500000
160599,Toby Alderweireld,8586,18,Tottenham Hotspur,Tottenham Hotspur,England,England Premier League,2015/2016,27000000
41268,Toche,9783,242,RC Deportivo de La Coruña,RC Deportivo de La Coruña,Spain,Spain LIGA BBVA,2014/2015,700000
410015,Todd Kane,8464,1910,N.E.C.,N.E.C.,Netherlands,Netherlands Eredivisie,2015/2016,1500000
212881,Tolga Cigerci,8177,166,Hertha BSC Berlin,Hertha BSC Berlin,Germany,Germany 1. Bundesliga,2015/2016,3500000
178781,Tolgay Arslan,9790,28,Hamburger SV,Hamburger SV,Germany,Germany 1. Bundesliga,2014/2015,3000000
212370,Tom Beugelsdijk,10217,650,ADO Den Haag,ADO Den Haag,Netherlands,Netherlands Eredivisie,2015/2016,750000
160713,Tom Cleverley,8668,7,Everton,Everton,England,England Premier League,2015/2016,9000000
37069,Tom De Sutter,8342,231,Club Brugge KV,Club Brugge KV,Belgium,Belgium Jupiler League,2015/2016,1200000
181227,Tom Hateley,8025,111092,Śląsk Wrocław,Śląsk Wrocław,Poland,Poland Ekstraklasa,2015/2016,300000
24155,Tom Heaton,8191,1796,Burnley,Burnley,England,England Premier League,2014/2015,3000000
45461,Tom Hiariej,7788,647,SC Cambuur,SC Cambuur,Netherlands,Netherlands Eredivisie,2015/2016,300000
24656,Tom Huddlestone,8667,1952,Hull City,Hull City,England,England Premier League,2014/2015,5000000
94658,Tom Mickel,9790,28,Hamburger SV,Hamburger SV,Germany,Germany 1. Bundesliga,2015/2016,150000
149260,Tom Muyters,10218,1971,Excelsior,Excelsior,Netherlands,Netherlands Eredivisie,2015/2016,350000
303899,Tom Rogic,9925,78,Celtic,Celtic,Scotland,Scotland Premier League,2015/2016,1250000
7604,Tom van Hyfte,9803,1902,Roda JC Kerkrade,Roda JC Kerkrade,Netherlands,Netherlands Eredivisie,2015/2016,850000
160906,Tom van Weert,10218,1971,Excelsior,Excelsior,Netherlands,Netherlands Eredivisie,2015/2016,1000000
212695,Tomane,7844,1887,Vitória Guimarães,Vitória Guimarães,Portugal,Portugal Liga ZON Sagres,2015/2016,500000
11024,Tomas Cerny,8426,1754,Partick Thistle F.C.,Partick Thistle F.C.,Scotland,Scotland Premier League,2015/2016,600000
361749,Tomas Dabo,158085,112513,FC Arouca,FC Arouca,Portugal,Portugal Liga ZON Sagres,2015/2016,500000
69803,Tomas Necid,6413,1914,PEC Zwolle,PEC Zwolle,Netherlands,Netherlands Eredivisie,2014/2015,4500000
150292,Tomas Pekhart,8234,111239,FC Ingolstadt 04,FC Ingolstadt 04,Germany,Germany 1. Bundesliga,2015/2016,500000
193978,Tomas Pina,10205,483,Villarreal CF,Villarreal CF,Spain,Spain LIGA BBVA,2015/2016,3500000
52243,Tomas Rincon,10233,110556,Genoa,Genoa,Italy,Italy Serie A,2015/2016,7000000
31435,Tomas Rosicky,9825,1,Arsenal,Arsenal,England,England Premier League,2014/2015,500000
156175,Tomas Vaclik,9931,896,FC Basel,FC Basel,Switzerland,Switzerland Super League,2015/2016,4000000
488445,Tomas Vestenicky,2186,110747,Cracovia,Cracovia,Poland,Poland Ekstraklasa,2015/2016,350000
13551,Tomasz Brzyski,8673,1871,Legia Warszawa,Legia Warszawa,Poland,Poland Ekstraklasa,2015/2016,150000
158284,Tomasz Cywka,10265,1873,Wisła Kraków,Wisła Kraków,Poland,Poland Ekstraklasa,2015/2016,200000
69085,Tomasz Foszmanczyk,177361,2000005,Termalica Bruk-Bet Nieciecza,Termalica Bruk-Bet Nieciecza,Poland,Poland Ekstraklasa,2015/2016,200000
69266,Tomasz Gorkiewicz,8033,111087,Podbeskidzie Bielsko-Biała,Podbeskidzie Bielsko-Biała,Poland,Poland Ekstraklasa,2014/2015,100000
172896,Tomasz Holota,8025,111092,Śląsk Wrocław,Śląsk Wrocław,Poland,Poland Ekstraklasa,2015/2016,450000
69244,Tomasz Jodlowiec,8673,1871,Legia Warszawa,Legia Warszawa,Poland,Poland Ekstraklasa,2015/2016,1700000
306174,Tomasz Kedziora,2182,873,Lech Poznań,Lech Poznań,Poland,Poland Ekstraklasa,2015/2016,900000
69223,Tomasz Nowak,8019,110565,Górnik Łęczna,Górnik Łęczna,Poland,Poland Ekstraklasa,2015/2016,200000
68877,Tomasz Podgorski,1601,874,Ruch Chorzów,Ruch Chorzów,Poland,Poland Ekstraklasa,2015/2016,200000
540098,Tomasz Zajac,8245,111083,Korona Kielce,Korona Kielce,Poland,Poland Ekstraklasa,2015/2016,100000
281206,Tomi Juric,9803,1902,Roda JC Kerkrade,Roda JC Kerkrade,Netherlands,Netherlands Eredivisie,2015/2016,750000
94260,Tomislav Bozic,8019,110565,Górnik Łęczna,Górnik Łęczna,Poland,Poland Ekstraklasa,2015/2016,250000
305214,Tomislav Kis,8571,100081,KV Kortrijk,KV Kortrijk,Belgium,Belgium Jupiler League,2015/2016,500000
38800,Tomislav Mikulic,2186,110747,Cracovia,Cracovia,Poland,Poland Ekstraklasa,2014/2015,200000
178119,Tomislav Puljic,10199,897,FC Luzern,FC Luzern,Switzerland,Switzerland Super League,2015/2016,400000
45204,Tommer Hemed,9865,1861,UD Almería,UD Almería,Spain,Spain LIGA BBVA,2014/2015,2500000
24625,Tommy Elphick,8678,1943,Bournemouth,Bournemouth,England,England Premier League,2015/2016,3000000
140445,Tommy Oar,9908,1903,FC Utrecht,FC Utrecht,Netherlands,Netherlands Eredivisie,2014/2015,1500000
24932,Tonel,9807,1889,CF Os Belenenses,CF Os Belenenses,Portugal,Portugal Liga ZON Sagres,2015/2016,200000
166020,Tongo Hamed Doumbia,9941,1809,Toulouse FC,Toulouse FC,France,France Ligue 1,2015/2016,1500000
340014,Toni Gorupec,10238,665,Vitória Setúbal,Vitória Setúbal,Portugal,Portugal Liga ZON Sagres,2015/2016,600000
95078,Toni Kroos,8633,243,Real Madrid CF,Real Madrid CF,Spain,Spain LIGA BBVA,2015/2016,60000000
306239,Toni Silva,6367,2000001,Uniao da Madeira,Uniao da Madeira,Portugal,Portugal Liga ZON Sagres,2015/2016,750000
143442,Toni Sunjic,10269,36,VfB Stuttgart,VfB Stuttgart,Germany,Germany 1. Bundesliga,2015/2016,1500000
304000,Tonny Vilhena,10235,246,Feyenoord,Feyenoord,Netherlands,Netherlands Eredivisie,2015/2016,5500000
37579,Tono,8370,480,Rayo Vallecano,Rayo Vallecano,Spain,Spain LIGA BBVA,2015/2016,100000
390669,Tony Dingwall,8649,631,Ross County FC,Ross County FC,Scotland,Scotland Premier League,2015/2016,150000
24023,Tony Hibbert,8668,7,Everton,Everton,England,England Premier League,2014/2015,500000
114025,Tony Jantschke,9788,23,Borussia Mönchengladbach,Borussia Mönchengladbach,Germany,Germany 1. Bundesliga,2015/2016,6000000
104002,Tony Varela,10218,1971,Excelsior,Excelsior,Netherlands,Netherlands Eredivisie,2014/2015,200000
185433,Torgeir Boerven,8611,1908,FC Twente,FC Twente,Netherlands,Netherlands Eredivisie,2014/2015,500000
173730,Tornike Okriashvili,9987,673,KRC Genk,KRC Genk,Belgium,Belgium Jupiler League,2015/2016,1800000
449276,Tortol Lumanza Lembi,8475,110913,Waasland-Beveren,Waasland-Beveren,Belgium,Belgium Jupiler League,2015/2016,250000
421995,Toze,7844,1887,Vitória Guimarães,Vitória Guimarães,Portugal,Portugal Liga ZON Sagres,2015/2016,1000000
99320,Toze Marreco,274581,2000004,Royal Excel Mouscron,Royal Excel Mouscron,Belgium,Belgium Jupiler League,2015/2016,600000
30937,Tranquillo Barnetta,10189,34,FC Schalke 04,FC Schalke 04,Germany,Germany 1. Bundesliga,2014/2015,1500000
207021,Trent Sainsbury,6413,1914,PEC Zwolle,PEC Zwolle,Netherlands,Netherlands Eredivisie,2015/2016,1000000
145066,Tripy Makonda,10215,1901,Académica de Coimbra,Académica de Coimbra,Portugal,Portugal Liga ZON Sagres,2014/2015,200000
293003,Tristan Dingome,274581,2000004,Royal Excel Mouscron,Royal Excel Mouscron,Belgium,Belgium Jupiler League,2015/2016,900000
72436,Troy Deeney,9817,1795,Watford,Watford,England,England Premier League,2015/2016,11000000
465728,Tuur Dierckx,8342,231,Club Brugge KV,Club Brugge KV,Belgium,Belgium Jupiler League,2015/2016,900000
150824,Txema Anibarro,8372,467,SD Eibar,SD Eibar,Spain,Spain LIGA BBVA,2014/2015,100000
419196,Tyias Browning,8668,7,Everton,Everton,England,England Premier League,2015/2016,1000000
501040,Tyler Blackett,9925,78,Celtic,Celtic,Scotland,Scotland Premier League,2015/2016,1000000
396757,Tyler Boyd,7844,1887,Vitória Guimarães,Vitória Guimarães,Portugal,Portugal Liga ZON Sagres,2015/2016,350000
561844,Tyronne Ebuehi,10217,650,ADO Den Haag,ADO Den Haag,Netherlands,Netherlands Eredivisie,2015/2016,450000
533227,Uche Henry Agbo,7878,110832,Granada CF,Granada CF,Spain,Spain LIGA BBVA,2015/2016,350000
289222,Uche Nwofor,8613,1898,Boavista FC,Boavista FC,Portugal,Portugal Liga ZON Sagres,2015/2016,200000
204169,Uffe Bech,9904,485,Hannover 96,Hannover 96,Germany,Germany 1. Bundesliga,2015/2016,1500000
2973,Ugur Inceman,9803,1902,Roda JC Kerkrade,Roda JC Kerkrade,Netherlands,Netherlands Eredivisie,2015/2016,350000
40955,Ukra,7841,744,Rio Ave FC,Rio Ave FC,Portugal,Portugal Liga ZON Sagres,2015/2016,1500000
183484,Ulises Davila,10238,665,Vitória Setúbal,Vitória Setúbal,Portugal,Portugal Liga ZON Sagres,2014/2015,700000
520979,Ulisses Garcia,8697,38,SV Werder Bremen,SV Werder Bremen,Germany,Germany 1. Bundesliga,2015/2016,1000000
466892,Ulysse Diallo,10212,1893,CS Marítimo,CS Marítimo,Portugal,Portugal Liga ZON Sagres,2015/2016,200000
590494,Umar Sadiq,8686,52,Roma,Roma,Italy,Italy Serie A,2015/2016,2500000
571623,Unai Bustinza,8315,448,Athletic Club de Bilbao,Athletic Club de Bilbao,Spain,Spain LIGA BBVA,2014/2015,300000
571615,Unai Lopez,8315,448,Athletic Club de Bilbao,Athletic Club de Bilbao,Spain,Spain LIGA BBVA,2014/2015,1500000
30603,Urby Emanuelson,9876,206,Hellas Verona,Hellas Verona,Italy,Italy Serie A,2015/2016,800000
184770,Uros Cosic,8534,1746,Empoli,Empoli,Italy,Italy Serie A,2015/2016,800000
72819,Uros Korun,8028,111086,Piast Gliwice,Piast Gliwice,Poland,Poland Ekstraklasa,2015/2016,450000
176691,Uros Matic,9761,1904,NAC Breda,NAC Breda,Netherlands,Netherlands Eredivisie,2014/2015,2000000
435214,Uros Spajic,9941,1809,Toulouse FC,Toulouse FC,France,France Ligue 1,2015/2016,1500000
249237,Uros Vitas,8203,110724,KV Mechelen,KV Mechelen,Belgium,Belgium Jupiler League,2015/2016,600000
33027,Ustaritz,6547,100741,FC Penafiel,FC Penafiel,Portugal,Portugal Liga ZON Sagres,2014/2015,350000
35708,Uwe Huenemeier,8460,10030,SC Paderborn 07,SC Paderborn 07,Germany,Germany 1. Bundesliga,2014/2015,2000000
623540,Vaclav Cerny,8593,245,Ajax,Ajax,Netherlands,Netherlands Eredivisie,2015/2016,2000000
158257,Vaclav Kadlec,9810,1824,Eintracht Frankfurt,Eintracht Frankfurt,Germany,Germany 1. Bundesliga,2015/2016,2500000
38366,Vadis Odjidja-Ofoe,9850,1792,Norwich City,Norwich City,England,England Premier League,2015/2016,4500000
128083,Vagner,274581,2000004,Royal Excel Mouscron,Royal Excel Mouscron,Belgium,Belgium Jupiler League,2015/2016,800000
40819,Vagner Love,9829,69,AS Monaco,AS Monaco,France,France Ligue 1,2015/2016,3000000
563068,Valentin Belon,8588,64,RC Lens,RC Lens,France,France Ligue 1,2014/2015,300000
237631,Valentin Eysseric,9853,1819,AS Saint-Étienne,AS Saint-Étienne,France,France Ligue 1,2015/2016,4000000
562694,Valentin Lavigne,8689,217,FC Lorient,FC Lorient,France,France Ligue 1,2015/2016,800000
150833,Valentin Roberge,9837,379,Stade de Reims,Stade de Reims,France,France Ligue 1,2014/2015,1000000
562719,Valentin Rongier,9830,71,FC Nantes,FC Nantes,France,France Ligue 1,2015/2016,1500000
91984,Valentin Stocker,8177,166,Hertha BSC Berlin,Hertha BSC Berlin,Germany,Germany 1. Bundesliga,2015/2016,3000000
562688,Valentin Vada,9827,59,Girondins de Bordeaux,Girondins de Bordeaux,France,France Ligue 1,2015/2016,1500000
183364,Valentine Viola,274581,2000004,Royal Excel Mouscron,Royal Excel Mouscron,Belgium,Belgium Jupiler League,2015/2016,800000
239259,Valere Germain,9831,72,OGC Nice,OGC Nice,France,France Ligue 1,2015/2016,7000000
278473,Valeri Kazaishvili,8277,1909,Vitesse,Vitesse,Netherlands,Netherlands Eredivisie,2015/2016,3500000
520341,Valmir Berisha,7788,647,SC Cambuur,SC Cambuur,Netherlands,Netherlands Eredivisie,2015/2016,250000
501569,Valmir Sulejmani,9904,485,Hannover 96,Hannover 96,Germany,Germany 1. Bundesliga,2015/2016,250000
30966,Valon Behrami,9817,1795,Watford,Watford,England,England Premier League,2015/2016,2500000
36121,Valter Birsa,8533,192,Chievo Verona,Chievo Verona,Italy,Italy Serie A,2015/2016,3500000
200718,Valtteri Moren,8475,110913,Waasland-Beveren,Waasland-Beveren,Belgium,Belgium Jupiler League,2015/2016,400000
39440,Vangelis Moras,9876,206,Hellas Verona,Hellas Verona,Italy,Italy Serie A,2015/2016,400000
429657,Vanja Markovic,8245,111083,Korona Kielce,Korona Kielce,Poland,Poland Ekstraklasa,2015/2016,100000
543021,Vanja Milinkovic-Savic,8030,111091,Lechia Gdańsk,Lechia Gdańsk,Poland,Poland Ekstraklasa,2015/2016,500000
667951,Vasco Costa,10238,665,Vitória Setúbal,Vitória Setúbal,Portugal,Portugal Liga ZON Sagres,2015/2016,300000
163918,Vasco Regini,9882,1837,Sampdoria,Sampdoria,Italy,Italy Serie A,2015/2016,2500000
470362,Vasco Rocha,6403,1892,FC Paços de Ferreira,FC Paços de Ferreira,Portugal,Portugal Liga ZON Sagres,2014/2015,600000
71500,Vasilios Torosidis,8686,52,Roma,Roma,Italy,Italy Serie A,2015/2016,2000000
157856,Vaso Vasic,9956,322,Grasshopper Club Zürich,Grasshopper Club Zürich,Switzerland,Switzerland Super League,2015/2016,600000
160460,Vasyl Pryima,9891,111657,Frosinone,Frosinone,Italy,Italy Serie A,2015/2016,700000
36084,Vedad Ibisevic,8177,166,Hertha BSC Berlin,Hertha BSC Berlin,Germany,Germany 1. Bundesliga,2015/2016,2500000
25840,Veroljub Salatic,10179,110770,FC Sion,FC Sion,Switzerland,Switzerland Super League,2015/2016,1000000
38469,Verza,8581,1853,Levante UD,Levante UD,Spain,Spain LIGA BBVA,2015/2016,1800000
213916,Vicente Gomez,8306,472,UD Las Palmas,UD Las Palmas,Spain,Spain LIGA BBVA,2015/2016,2500000
109222,Vicente Guaita,8305,1860,Getafe CF,Getafe CF,Spain,Spain LIGA BBVA,2015/2016,2000000
111237,Vicente Iborra,8302,481,Sevilla FC,Sevilla FC,Spain,Spain LIGA BBVA,2015/2016,9000000
52004,Victor Alvarez,8558,452,RCD Espanyol,RCD Espanyol,Spain,Spain LIGA BBVA,2015/2016,2500000
321587,Victor Andrade,7844,1887,Vitória Guimarães,Vitória Guimarães,Portugal,Portugal Liga ZON Sagres,2015/2016,1000000
25666,Victor Anichebe,8659,109,West Bromwich Albion,West Bromwich Albion,England,England Premier League,2015/2016,2000000
667964,Victor Braga,8348,1900,Moreirense FC,Moreirense FC,Portugal,Portugal Liga ZON Sagres,2015/2016,75000
513086,Victor Camarasa,8581,1853,Levante UD,Levante UD,Spain,Spain LIGA BBVA,2015/2016,3000000
25462,Victor Casadesus,8581,1853,Levante UD,Levante UD,Spain,Spain LIGA BBVA,2015/2016,1000000
26014,Victor Hugo Montano,10249,70,Montpellier Hérault SC,Montpellier Hérault SC,France,France Ligue 1,2014/2015,750000
172644,Victor Ibarbo,8686,52,Roma,Roma,Italy,Italy Serie A,2014/2015,3500000
106228,Victor Moses,8654,19,West Ham United,West Ham United,England,England Premier League,2015/2016,7000000
258269,Victor Nilsson Lindeloef,9772,234,SL Benfica,SL Benfica,Portugal,Portugal Liga ZON Sagres,2015/2016,12000000
183346,Victor Perez,10281,462,Real Valladolid,Real Valladolid,Spain,Spain LIGA BBVA,2014/2015,600000
369800,Victor Romero Rodriguez,8305,1860,Getafe CF,Getafe CF,Spain,Spain LIGA BBVA,2015/2016,3000000
182921,Victor Ruiz,10205,483,Villarreal CF,Villarreal CF,Spain,Spain LIGA BBVA,2015/2016,10000000
107930,Victor Sanchez Mata,8558,452,RCD Espanyol,RCD Espanyol,Spain,Spain LIGA BBVA,2015/2016,3500000
32657,Victor Valdes,9985,232,Standard de Liège,Standard de Liège,Belgium,Belgium Jupiler League,2015/2016,2500000
113868,Victor Vazquez,8342,231,Club Brugge KV,Club Brugge KV,Belgium,Belgium Jupiler League,2015/2016,1800000
166676,Victor Wanyama,8466,17,Southampton,Southampton,England,England Premier League,2015/2016,15000000
658786,Victorien Angban,9997,680,Sint-Truidense VV,Sint-Truidense VV,Belgium,Belgium Jupiler League,2015/2016,1000000
181911,Vid Belec,208931,112409,Carpi,Carpi,Italy,Italy Serie A,2015/2016,2200000
40193,Vieirinha,8721,175,VfL Wolfsburg,VfL Wolfsburg,Germany,Germany 1. Bundesliga,2015/2016,6500000
40444,Viktor Elm,10229,1906,AZ,AZ,Netherlands,Netherlands Eredivisie,2014/2015,1500000
266526,Viktor Fischer,8593,245,Ajax,Ajax,Netherlands,Netherlands Eredivisie,2015/2016,5000000
155350,Viktor Genev,9800,100805,St. Mirren,St. Mirren,Scotland,Scotland Premier League,2014/2015,200000
37844,Vilmos Vanczak,10179,110770,FC Sion,FC Sion,Switzerland,Switzerland Super League,2015/2016,400000
202443,Vincent Aboubakar,9773,236,FC Porto,FC Porto,Portugal,Portugal Liga ZON Sagres,2015/2016,10500000
94307,Vincent Bessat,7819,210,SM Caen,SM Caen,France,France Ligue 1,2015/2016,1500000
25540,Vincent Enyeama,8639,65,LOSC Lille,LOSC Lille,France,France Ligue 1,2015/2016,2000000
467022,Vincent Janssen,10229,1906,AZ,AZ,Netherlands,Netherlands Eredivisie,2015/2016,14000000
39027,Vincent Kompany,8456,10,Manchester City,Manchester City,England,England Premier League,2015/2016,30000000
574633,Vincent Koziello,9831,72,OGC Nice,OGC Nice,France,France Ligue 1,2015/2016,11000000
299370,Vincent Laurini,8534,1746,Empoli,Empoli,Italy,Italy Serie A,2015/2016,1500000
188467,Vincent Le Goff,8689,217,FC Lorient,FC Lorient,France,France Ligue 1,2015/2016,1500000
148828,Vincent Manceau,8121,1530,Angers SCO,Angers SCO,France,France Ligue 1,2015/2016,1750000
210390,Vincent Pajot,9853,1819,AS Saint-Étienne,AS Saint-Étienne,France,France Ligue 1,2015/2016,2500000
140495,Vincent Ruefli,10179,110770,FC Sion,FC Sion,Switzerland,Switzerland Super League,2015/2016,800000
210443,Vincent Sasso,10264,1896,SC Braga,SC Braga,Portugal,Portugal Liga ZON Sagres,2014/2015,1000000
634310,Vincent Sierro,10179,110770,FC Sion,FC Sion,Switzerland,Switzerland Super League,2015/2016,1000000
467488,Vincent Vermeij,8526,635,De Graafschap,De Graafschap,Netherlands,Netherlands Eredivisie,2015/2016,900000
114746,Vincenzo Rennella,8603,449,Real Betis Balompié,Real Betis Balompié,Spain,Spain LIGA BBVA,2015/2016,650000
465399,Vinicius,10243,894,FC Zürich,FC Zürich,Switzerland,Switzerland Super League,2015/2016,500000
450005,Vinicius Araujo,9985,232,Standard de Liège,Standard de Liège,Belgium,Belgium Jupiler League,2014/2015,700000
209405,Virgil van Dijk,8466,17,Southampton,Southampton,England,England Premier League,2015/2016,16000000
176435,Vitali Balashov,10265,1873,Wisła Kraków,Wisła Kraków,Poland,Poland Ekstraklasa,2015/2016,300000
37233,Vito Mannone,8472,106,Sunderland,Sunderland,England,England Premier League,2015/2016,2500000
109647,Vito Wormgoor,10217,650,ADO Den Haag,ADO Den Haag,Netherlands,Netherlands Eredivisie,2015/2016,700000
213805,Vitolo,8302,481,Sevilla FC,Sevilla FC,Spain,Spain LIGA BBVA,2015/2016,18000000
358713,Vitor Bruno,6547,100741,FC Penafiel,FC Penafiel,Portugal,Portugal Liga ZON Sagres,2014/2015,450000
112397,Vitor Gomes,8348,1900,Moreirense FC,Moreirense FC,Portugal,Portugal Liga ZON Sagres,2015/2016,600000
282009,Vitor Goncalves,9764,1888,Gil Vicente FC,Gil Vicente FC,Portugal,Portugal Liga ZON Sagres,2014/2015,600000
177837,Vlad Chiriches,9875,48,Napoli,Napoli,Italy,Italy Serie A,2015/2016,5500000
42478,Vlada Avramov,8524,39,Atalanta,Atalanta,Italy,Italy Serie A,2014/2015,300000
26594,Vladan Kujovic,8342,231,Club Brugge KV,Club Brugge KV,Belgium,Belgium Jupiler League,2014/2015,200000
196311,Vladimir Darida,8177,166,Hertha BSC Berlin,Hertha BSC Berlin,Germany,Germany 1. Bundesliga,2015/2016,10000000
14658,Vladimir Dvalishvili,8023,110746,Pogoń Szczecin,Pogoń Szczecin,Poland,Poland Ekstraklasa,2015/2016,300000
157490,Vladimir Volkov,2182,873,Lech Poznań,Lech Poznań,Poland,Poland Ekstraklasa,2015/2016,600000
89846,Vladimirs Kamess,8023,110746,Pogoń Szczecin,Pogoń Szczecin,Poland,Poland Ekstraklasa,2014/2015,250000
77860,Vladislavs Gabovs,8245,111083,Korona Kielce,Korona Kielce,Poland,Poland Ekstraklasa,2015/2016,300000
261653,Vladlen Yurchenko,8178,32,Bayer 04 Leverkusen,Bayer 04 Leverkusen,Germany,Germany 1. Bundesliga,2015/2016,500000
179375,Vlastimir Jovanovic,8245,111083,Korona Kielce,Korona Kielce,Poland,Poland Ekstraklasa,2015/2016,400000
179289,Vojo Ubiparip,2182,873,Lech Poznań,Lech Poznań,Poland,Poland Ekstraklasa,2014/2015,250000
459659,Volodymyr Koval,177361,2000005,Termalica Bruk-Bet Nieciecza,Termalica Bruk-Bet Nieciecza,Poland,Poland Ekstraklasa,2015/2016,150000
459662,Volodymyr Tanchyk,1601,874,Ruch Chorzów,Ruch Chorzów,Poland,Poland Ekstraklasa,2014/2015,400000
109652,Vurnon Anita,10261,13,Newcastle United,Newcastle United,England,England Premier League,2015/2016,4000000
148487,Vytautas Andriuskevicius,7788,647,SC Cambuur,SC Cambuur,Netherlands,Netherlands Eredivisie,2015/2016,400000
301807,Wagner,188163,2000006,Tondela,Tondela,Portugal,Portugal Liga ZON Sagres,2015/2016,600000
166019,Wahbi Khazri,8472,106,Sunderland,Sunderland,England,England Premier League,2015/2016,9000000
150872,Wakaso Mubarak,8306,472,UD Las Palmas,UD Las Palmas,Spain,Spain LIGA BBVA,2015/2016,2000000
664970,Waldemar Anton,9904,485,Hannover 96,Hannover 96,Germany,Germany 1. Bundesliga,2015/2016,1000000
179310,Waldemar Sobota,8342,231,Club Brugge KV,Club Brugge KV,Belgium,Belgium Jupiler League,2014/2015,900000
179828,Walid Mesloub,8689,217,FC Lorient,FC Lorient,France,France Ligue 1,2015/2016,1500000
450002,Wallace,9829,69,AS Monaco,AS Monaco,France,France Ligue 1,2015/2016,6000000
500939,Wallyson Mallmann,9831,72,OGC Nice,OGC Nice,France,France Ligue 1,2015/2016,1250000
41534,Walter Bressan,9880,110915,Cesena,Cesena,Italy,Italy Serie A,2014/2015,100000
56585,Walter Gargano,9875,48,Napoli,Napoli,Italy,Italy Serie A,2014/2015,2300000
618713,Walter Gonzalez,158085,112513,FC Arouca,FC Arouca,Portugal,Portugal Liga ZON Sagres,2015/2016,750000
30492,Walter Samuel,9931,896,FC Basel,FC Basel,Switzerland,Switzerland Super League,2015/2016,400000
389202,Wanderson,8305,1860,Getafe CF,Getafe CF,Spain,Spain LIGA BBVA,2015/2016,1750000
723037,Wanderson Lima,188163,2000006,Tondela,Tondela,Portugal,Portugal Liga ZON Sagres,2015/2016,100000
352003,Warner Hahn,6413,1914,PEC Zwolle,PEC Zwolle,Netherlands,Netherlands Eredivisie,2014/2015,2000000
264089,Washington,10214,1891,CD Nacional,CD Nacional,Portugal,Portugal Liga ZON Sagres,2015/2016,750000
36283,Wayne Hennessey,9826,1799,Crystal Palace,Crystal Palace,England,England Premier League,2015/2016,4000000
30829,Wayne Rooney,10260,11,Manchester United,Manchester United,England,England Premier League,2015/2016,30000000
38831,Wayne Routledge,10003,1960,Swansea City,Swansea City,England,England Premier League,2015/2016,3000000
41707,Weligton,9864,573,Málaga CF,Málaga CF,Spain,Spain LIGA BBVA,2015/2016,800000
202220,Wellington Silva,9865,1861,UD Almería,UD Almería,Spain,Spain LIGA BBVA,2014/2015,1500000
487867,Wendell,8178,32,Bayer 04 Leverkusen,Bayer 04 Leverkusen,Germany,Germany 1. Bundesliga,2015/2016,15000000
30362,Wes Brown,8472,106,Sunderland,Sunderland,England,England Premier League,2015/2016,500000
192775,Wes Fletcher,9927,83,Motherwell,Motherwell,Scotland,Scotland Premier League,2015/2016,125000
23571,Wes Morgan,8197,95,Leicester City,Leicester City,England,England Premier League,2015/2016,3500000
465628,Wesley Hoedt,8543,46,Lazio,Lazio,Italy,Italy Serie A,2015/2016,3500000
35493,Wesley Hoolahan,9850,1792,Norwich City,Norwich City,England,England Premier League,2015/2016,2000000
210451,Wesley Lautoa,8689,217,FC Lorient,FC Lorient,France,France Ligue 1,2015/2016,2000000
26686,Wesley Verhoek,6433,100632,Go Ahead Eagles,Go Ahead Eagles,Netherlands,Netherlands Eredivisie,2014/2015,250000
560853,Wessel Dammers,7788,647,SC Cambuur,SC Cambuur,Netherlands,Netherlands Eredivisie,2015/2016,300000
488418,Wilde-Donald Guerrier,10265,1873,Wisła Kraków,Wisła Kraków,Poland,Poland Ekstraklasa,2015/2016,500000
143365,Wilfried Bony,8456,10,Manchester City,Manchester City,England,England Premier League,2015/2016,20000000
350986,Wilfried Kanon,10217,650,ADO Den Haag,ADO Den Haag,Netherlands,Netherlands Eredivisie,2015/2016,1500000
109065,Wilfried Moimbe,9830,71,FC Nantes,FC Nantes,France,France Ligue 1,2015/2016,1000000
198510,Wilfried Zaha,9826,1799,Crystal Palace,Crystal Palace,England,England Premier League,2015/2016,9000000
291131,Wilfried Zahibo,10267,461,Valencia CF,Valencia CF,Spain,Spain LIGA BBVA,2015/2016,400000
118843,Wiljan Pluim,8525,1907,Willem II,Willem II,Netherlands,Netherlands Eredivisie,2014/2015,450000
45879,Willem Janssen,9908,1903,FC Utrecht,FC Utrecht,Netherlands,Netherlands Eredivisie,2015/2016,1500000
193805,William Alves,10238,665,Vitória Setúbal,Vitória Setúbal,Portugal,Portugal Liga ZON Sagres,2015/2016,400000
114218,William Buckley,8472,106,Sunderland,Sunderland,England,England Premier League,2014/2015,2500000
257865,William Carvalho,9768,237,Sporting CP,Sporting CP,Portugal,Portugal Liga ZON Sagres,2015/2016,30000000
242243,William Dutoit,9997,680,Sint-Truidense VV,Sint-Truidense VV,Belgium,Belgium Jupiler League,2015/2016,2000000
667901,William Gustavo,10215,1901,Académica de Coimbra,Académica de Coimbra,Portugal,Portugal Liga ZON Sagres,2015/2016,150000
570437,William Jebor,7841,744,Rio Ave FC,Rio Ave FC,Portugal,Portugal Liga ZON Sagres,2014/2015,300000
129393,William Matheus,9941,1809,Toulouse FC,Toulouse FC,France,France Ligue 1,2015/2016,1250000
157560,William Remy,10249,70,Montpellier Hérault SC,Montpellier Hérault SC,France,France Ligue 1,2015/2016,2000000
209099,William Soares,6367,2000001,Uniao da Madeira,Uniao da Madeira,Portugal,Portugal Liga ZON Sagres,2015/2016,550000
466884,William Troost-Ekong,6631,100626,FC Dordrecht,FC Dordrecht,Netherlands,Netherlands Eredivisie,2014/2015,1000000
71466,William Vainqueur,8686,52,Roma,Roma,Italy,Italy Serie A,2015/2016,4500000
94086,Willian,8455,5,Chelsea,Chelsea,England,England Premier League,2015/2016,32000000
179083,Willian Jose,8306,472,UD Las Palmas,UD Las Palmas,Spain,Spain LIGA BBVA,2015/2016,4000000
35463,Willo Flood,8485,77,Aberdeen,Aberdeen,Scotland,Scotland Premier League,2015/2016,350000
246331,Willy Boly,10264,1896,SC Braga,SC Braga,Portugal,Portugal Liga ZON Sagres,2015/2016,4000000
362205,Willyan,10214,1891,CD Nacional,CD Nacional,Portugal,Portugal Liga ZON Sagres,2015/2016,750000
154268,Wilson Eduardo,10264,1896,SC Braga,SC Braga,Portugal,Portugal Liga ZON Sagres,2015/2016,2500000
35110,Winston Reid,8654,19,West Ham United,West Ham United,England,England Premier League,2015/2016,10000000
210184,Wissam Ben Yedder,9941,1809,Toulouse FC,Toulouse FC,France,France Ligue 1,2015/2016,9000000
610273,Witi,10214,1891,CD Nacional,CD Nacional,Portugal,Portugal Liga ZON Sagres,2015/2016,400000
238529,Wojciech Golla,8464,1910,N.E.C.,N.E.C.,Netherlands,Netherlands Eredivisie,2015/2016,1250000
68870,Wojciech Kedziora,177361,2000005,Termalica Bruk-Bet Nieciecza,Termalica Bruk-Bet Nieciecza,Poland,Poland Ekstraklasa,2015/2016,50000
249057,Wojciech Pawlowski,8025,111092,Śląsk Wrocław,Śląsk Wrocław,Poland,Poland Ekstraklasa,2014/2015,100000
13390,Wojciech Skaba,1601,874,Ruch Chorzów,Ruch Chorzów,Poland,Poland Ekstraklasa,2015/2016,100000
169718,Wojciech Szczesny,8686,52,Roma,Roma,Italy,Italy Serie A,2015/2016,12000000
108179,Wojciech Trochim,8033,111087,Podbeskidzie Bielsko-Biała,Podbeskidzie Bielsko-Biała,Poland,Poland Ekstraklasa,2014/2015,150000
26538,Wout Brama,6413,1914,PEC Zwolle,PEC Zwolle,Netherlands,Netherlands Eredivisie,2015/2016,2000000
147601,Wout Droste,9791,100634,Heracles Almelo,Heracles Almelo,Netherlands,Netherlands Eredivisie,2015/2016,900000
38327,Wouter Biebauw,8573,682,KV Oostende,KV Oostende,Belgium,Belgium Jupiler League,2015/2016,500000
38339,Wouter Corstjens,8475,110913,Waasland-Beveren,Waasland-Beveren,Belgium,Belgium Jupiler League,2014/2015,200000
553479,Wouter Marinus,6413,1914,PEC Zwolle,PEC Zwolle,Netherlands,Netherlands Eredivisie,2015/2016,800000
351999,Wouter Weghorst,9791,100634,Heracles Almelo,Heracles Almelo,Netherlands,Netherlands Eredivisie,2015/2016,1750000
423058,Wylan Cyprien,8588,64,RC Lens,RC Lens,France,France Ligue 1,2014/2015,4000000
30889,Xabi Alonso,9823,21,FC Bayern Munich,FC Bayern Munich,Germany,Germany 1. Bundesliga,2015/2016,4000000
449484,Xabi Irureta,8372,467,SD Eibar,SD Eibar,Spain,Spain LIGA BBVA,2015/2016,800000
159881,Xabier Etxeita,8315,448,Athletic Club de Bilbao,Athletic Club de Bilbao,Spain,Spain LIGA BBVA,2015/2016,4000000
33973,Xabier Prieto,8560,457,Real Sociedad,Real Sociedad,Spain,Spain LIGA BBVA,2015/2016,4000000
179179,Xander Houtkoop,7788,647,SC Cambuur,SC Cambuur,Netherlands,Netherlands Eredivisie,2015/2016,400000
422273,Xandro Schenk,6433,100632,Go Ahead Eagles,Go Ahead Eagles,Netherlands,Netherlands Eredivisie,2014/2015,300000
39854,Xavi Hernandez,8634,241,FC Barcelona,FC Barcelona,Spain,Spain LIGA BBVA,2014/2015,3000000
67941,Xavier Chen,8203,110724,KV Mechelen,KV Mechelen,Belgium,Belgium Jupiler League,2015/2016,200000
149140,Xavier Luissint,8573,682,KV Oostende,KV Oostende,Belgium,Belgium Jupiler League,2014/2015,150000
179513,Xavier Mercier,8571,100081,KV Kortrijk,KV Kortrijk,Belgium,Belgium Jupiler League,2015/2016,900000
154256,Xavier Torres,8603,449,Real Betis Balompié,Real Betis Balompié,Spain,Spain LIGA BBVA,2015/2016,1500000
176300,Xherdan Shaqiri,10194,1806,Stoke City,Stoke City,England,England Premier League,2015/2016,15000000
260659,Ximo Navarro,9865,1861,UD Almería,UD Almería,Spain,Spain LIGA BBVA,2014/2015,1500000
37845,Xisco,7869,1867,Córdoba CF,Córdoba CF,Spain,Spain LIGA BBVA,2014/2015,800000
562697,Yacine Bammou,9830,71,FC Nantes,FC Nantes,France,France Ligue 1,2015/2016,1500000
179795,Yacine Brahimi,9773,236,FC Porto,FC Porto,Portugal,Portugal Liga ZON Sagres,2015/2016,20000000
179793,Yacouba Sylla,9851,74,Stade Rennais FC,Stade Rennais FC,France,France Ligue 1,2015/2016,1500000
274776,Yanick Brecher,10243,894,FC Zürich,FC Zürich,Switzerland,Switzerland Super League,2015/2016,250000
512726,Yanis Mbombo Lokwa,9997,680,Sint-Truidense VV,Sint-Truidense VV,Belgium,Belgium Jupiler League,2015/2016,400000
563069,Yann Bodiger,9941,1809,Toulouse FC,Toulouse FC,France,France Ligue 1,2015/2016,2000000
5610,Yann Jouffre,8689,217,FC Lorient,FC Lorient,France,France Ligue 1,2015/2016,1000000
109330,Yann M'Vila,8472,106,Sunderland,Sunderland,England,England Premier League,2015/2016,8000000
570466,Yann Rolim,10238,665,Vitória Setúbal,Vitória Setúbal,Portugal,Portugal Liga ZON Sagres,2014/2015,200000
41618,Yann Sommer,9788,23,Borussia Mönchengladbach,Borussia Mönchengladbach,Germany,Germany 1. Bundesliga,2015/2016,10000000
668362,Yanni Regaesel,9810,1824,Eintracht Frankfurt,Eintracht Frankfurt,Germany,Germany 1. Bundesliga,2015/2016,1000000
160194,Yannick Bolasie,9826,1799,Crystal Palace,Crystal Palace,England,England Premier League,2015/2016,20000000
46243,Yannick Cahuzac,7794,58,SC Bastia,SC Bastia,France,France Ligue 1,2015/2016,1000000
354467,Yannick Ferreira-Carrasco,9906,240,Atlético Madrid,Atlético Madrid,Spain,Spain LIGA BBVA,2015/2016,30000000
450976,Yannick Gerhardt,8722,31,1. FC Köln,1. FC Köln,Germany,Germany 1. Bundesliga,2015/2016,10000000
638593,Yannick Schmid,10199,897,FC Luzern,FC Luzern,Switzerland,Switzerland Super League,2015/2016,100000
168342,Yannis Salibur,9747,62,En Avant de Guingamp,En Avant de Guingamp,France,France Ligue 1,2015/2016,3000000
143790,Yannis Tafer,10190,898,FC St. Gallen,FC St. Gallen,Switzerland,Switzerland Super League,2015/2016,1250000
554052,Yarouba Cissako,10000,15005,SV Zulte-Waregem,SV Zulte-Waregem,Belgium,Belgium Jupiler League,2014/2015,1500000
352404,Yassine Ayoub,9908,1903,FC Utrecht,FC Utrecht,Netherlands,Netherlands Eredivisie,2015/2016,3500000
319822,Yassine Benzia,8639,65,LOSC Lille,LOSC Lille,France,France Ligue 1,2015/2016,3000000
31100,Yassine Chikhaoui,10243,894,FC Zürich,FC Zürich,Switzerland,Switzerland Super League,2014/2015,1500000
166618,Yassine El Ghanassy,8573,682,KV Oostende,KV Oostende,Belgium,Belgium Jupiler League,2015/2016,1500000
179517,Yassine Jebbour,7794,58,SC Bastia,SC Bastia,France,France Ligue 1,2015/2016,600000
644001,Yaw Yeboah,8639,65,LOSC Lille,LOSC Lille,France,France Ligue 1,2015/2016,1250000
561620,Yaya Boumediene,274581,2000004,Royal Excel Mouscron,Royal Excel Mouscron,Belgium,Belgium Jupiler League,2015/2016,200000
192921,Yaya Sanogo,9826,1799,Crystal Palace,Crystal Palace,England,England Premier League,2014/2015,1000000
181842,Yaya Soumahoro,9997,680,Sint-Truidense VV,Sint-Truidense VV,Belgium,Belgium Jupiler League,2015/2016,550000
36615,Yaya Toure,8456,10,Manchester City,Manchester City,England,England Premier League,2015/2016,12000000
164212,Yazalde,7841,744,Rio Ave FC,Rio Ave FC,Portugal,Portugal Liga ZON Sagres,2015/2016,1000000
288783,Yeltsin Tejeda,4087,111271,Évian Thonon Gaillard FC,Évian Thonon Gaillard FC,France,France Ligue 1,2014/2015,1500000
179866,Yeni N'Gbakoto,8550,68,FC Metz,FC Metz,France,France Ligue 1,2014/2015,2500000
510569,Yoan Cardinale,9831,72,OGC Nice,OGC Nice,France,France Ligue 1,2015/2016,3000000
31292,Yoan Gouffran,10261,13,Newcastle United,Newcastle United,England,England Premier League,2015/2016,3000000
160222,Yoann Andreu,8121,1530,Angers SCO,Angers SCO,France,France Ligue 1,2015/2016,1500000
277569,Yoann Arquin,9800,100805,St. Mirren,St. Mirren,Scotland,Scotland Premier League,2014/2015,150000
210452,Yoann Court,10242,294,ES Troyes AC,ES Troyes AC,France,France Ligue 1,2015/2016,600000
33744,Yoann Gourcuff,9851,74,Stade Rennais FC,Stade Rennais FC,France,France Ligue 1,2015/2016,2500000
277341,Yoann Touzghar,8588,64,RC Lens,RC Lens,France,France Ligue 1,2014/2015,1250000
192064,Yoel Rodriguez,8370,480,Rayo Vallecano,Rayo Vallecano,Spain,Spain LIGA BBVA,2015/2016,1000000
312791,Yoell van Nieff,10218,1971,Excelsior,Excelsior,Netherlands,Netherlands Eredivisie,2015/2016,400000
94326,Yohan Benalouane,8524,39,Atalanta,Atalanta,Italy,Italy Serie A,2014/2015,2000000
466589,Yohan Boli,9997,680,Sint-Truidense VV,Sint-Truidense VV,Belgium,Belgium Jupiler League,2015/2016,700000
26160,Yohan Cabaye,9826,1799,Crystal Palace,Crystal Palace,England,England Premier League,2015/2016,18000000
280968,Yohan Croizet,1773,100087,Oud-Heverlee Leuven,Oud-Heverlee Leuven,Belgium,Belgium Jupiler League,2015/2016,1200000
157859,Yohan Mollo,9853,1819,AS Saint-Étienne,AS Saint-Étienne,France,France Ligue 1,2014/2015,3500000
164221,Yohan Tavares,7842,10020,Estoril Praia,Estoril Praia,Portugal,Portugal Liga ZON Sagres,2015/2016,2750000
159883,Yohan Thuram Ulien,9985,232,Standard de Liège,Standard de Liège,Belgium,Belgium Jupiler League,2015/2016,600000
26126,Yohann Pele,8592,219,Olympique de Marseille,Olympique de Marseille,France,France Ligue 1,2015/2016,500000
176206,Yoichiro Kakitani,9931,896,FC Basel,FC Basel,Switzerland,Switzerland Super League,2015/2016,900000
135310,Yonathan Del Valle,7841,744,Rio Ave FC,Rio Ave FC,Portugal,Portugal Liga ZON Sagres,2014/2015,3400000
38969,Yoni Buyens,9987,673,KRC Genk,KRC Genk,Belgium,Belgium Jupiler League,2015/2016,1000000
147959,Yoric Ravet,10192,900,BSC Young Boys,BSC Young Boys,Switzerland,Switzerland Super League,2015/2016,3000000
459499,Yoshinori Muto,9905,169,1. FSV Mainz 05,1. FSV Mainz 05,Germany,Germany 1. Bundesliga,2015/2016,5500000
179511,Younes Belhanda,10189,34,FC Schalke 04,FC Schalke 04,Germany,Germany 1. Bundesliga,2015/2016,7500000
493467,Younes Kaabouni,9827,59,Girondins de Bordeaux,Girondins de Bordeaux,France,France Ligue 1,2014/2015,600000
26108,Younes Kaboul,8472,106,Sunderland,Sunderland,England,England Premier League,2015/2016,2500000
320672,Younes Namli,10228,1913,SC Heerenveen,SC Heerenveen,Netherlands,Netherlands Eredivisie,2014/2015,400000
193803,Youness Mokhtar,8611,1908,FC Twente,FC Twente,Netherlands,Netherlands Eredivisie,2014/2015,1500000
103869,Younousse Sankhare,9747,62,En Avant de Guingamp,En Avant de Guingamp,France,France Ligue 1,2015/2016,3500000
465960,Youri Tielemans,8635,229,RSC Anderlecht,RSC Anderlecht,Belgium,Belgium Jupiler League,2015/2016,14000000
161291,Youssef El Arabi,7878,110832,Granada CF,Granada CF,Spain,Spain LIGA BBVA,2015/2016,7000000
657454,Youssef El Jebli,8526,635,De Graafschap,De Graafschap,Netherlands,Netherlands Eredivisie,2015/2016,400000
467689,Youssouf Sabaly,9830,71,FC Nantes,FC Nantes,France,France Ligue 1,2015/2016,3500000
71502,Youssuf Mulumbu,9850,1792,Norwich City,Norwich City,England,England Premier League,2015/2016,2500000
354472,Yrondu Musavu-King,8689,217,FC Lorient,FC Lorient,France,France Ligue 1,2015/2016,800000
207603,Yuji Ono,9997,680,Sint-Truidense VV,Sint-Truidense VV,Belgium,Belgium Jupiler League,2015/2016,500000
623091,Yuning Zhang,8277,1909,Vitesse,Vitesse,Netherlands,Netherlands Eredivisie,2015/2016,300000
278863,Yunus Malli,9905,169,1. FSV Mainz 05,1. FSV Mainz 05,Germany,Germany 1. Bundesliga,2015/2016,10000000
80295,Yuri Berchiche,8560,457,Real Sociedad,Real Sociedad,Spain,Spain LIGA BBVA,2015/2016,3000000
98254,Yuto Nagatomo,8636,44,Inter,Inter,Italy,Italy Serie A,2015/2016,6000000
302079,Yuya Kubo,10192,900,BSC Young Boys,BSC Young Boys,Switzerland,Switzerland Super League,2015/2016,2000000
166449,Yuya Osako,8722,31,1. FC Köln,1. FC Köln,Germany,Germany 1. Bundesliga,2015/2016,2500000
210392,Yvan Erichot,9997,680,Sint-Truidense VV,Sint-Truidense VV,Belgium,Belgium Jupiler League,2015/2016,800000
38341,Yves De Winter,9997,680,Sint-Truidense VV,Sint-Truidense VV,Belgium,Belgium Jupiler League,2015/2016,300000
37993,Yves Lenaerts,1773,100087,Oud-Heverlee Leuven,Oud-Heverlee Leuven,Belgium,Belgium Jupiler League,2015/2016,150000
274787,Yvon Mvogo,10192,900,BSC Young Boys,BSC Young Boys,Switzerland,Switzerland Super League,2015/2016,3000000
210682,Zacharie Boucher,9941,1809,Toulouse FC,Toulouse FC,France,France Ligue 1,2014/2015,1500000
191972,Zainadine Junior,10214,1891,CD Nacional,CD Nacional,Portugal,Portugal Liga ZON Sagres,2015/2016,1000000
432463,Zakaria Bakkali,10267,461,Valencia CF,Valencia CF,Spain,Spain LIGA BBVA,2015/2016,3000000
613255,Zakaria El Azzouzi,8611,1908,FC Twente,FC Twente,Netherlands,Netherlands Eredivisie,2015/2016,1000000
193177,Zakaria Labyad,8277,1909,Vitesse,Vitesse,Netherlands,Netherlands Eredivisie,2014/2015,2000000
239528,Zakaria M'Sila,8475,110913,Waasland-Beveren,Waasland-Beveren,Belgium,Belgium Jupiler League,2015/2016,300000
238786,Zakarya Bergdich,10233,110556,Genoa,Genoa,Italy,Italy Serie A,2014/2015,700000
172489,Zander Clark,8467,100804,St. Johnstone FC,St. Johnstone FC,Scotland,Scotland Premier League,2015/2016,225000
143750,Zargo Toure,8689,217,FC Lorient,FC Lorient,France,France Ligue 1,2015/2016,2000000
181312,Zarko Tomasevic,8571,100081,KV Kortrijk,KV Kortrijk,Belgium,Belgium Jupiler League,2015/2016,1500000
115585,Zaur Sadaev,2182,873,Lech Poznań,Lech Poznań,Poland,Poland Ekstraklasa,2014/2015,700000
32633,Zbigniew Malkowski,8245,111083,Korona Kielce,Korona Kielce,Poland,Poland Ekstraklasa,2015/2016,50000
89251,Zdenek Ondrasek,10265,1873,Wisła Kraków,Wisła Kraków,Poland,Poland Ekstraklasa,2015/2016,800000
25772,Zdravko Kuzmanovic,8600,55,Udinese,Udinese,Italy,Italy Serie A,2015/2016,2000000
34104,Ze Castro,8370,480,Rayo Vallecano,Rayo Vallecano,Spain,Spain LIGA BBVA,2015/2016,1000000
128047,Ze Eduardo,9880,110915,Cesena,Cesena,Italy,Italy Serie A,2014/2015,150000
306167,Ze Luis,10264,1896,SC Braga,SC Braga,Portugal,Portugal Liga ZON Sagres,2014/2015,5000000
570159,Ze Manuel,8613,1898,Boavista FC,Boavista FC,Portugal,Portugal Liga ZON Sagres,2015/2016,900000
157284,Zeljko Brkic,208931,112409,Carpi,Carpi,Italy,Italy Serie A,2015/2016,1000000
164093,Zequinha,158085,112513,FC Arouca,FC Arouca,Portugal,Portugal Liga ZON Sagres,2015/2016,750000
175259,Zezinho,10214,1891,CD Nacional,CD Nacional,Portugal,Portugal Liga ZON Sagres,2015/2016,300000
244953,Ziggy Gordon,8429,184,Hamilton Academical FC,Hamilton Academical FC,Scotland,Scotland Premier League,2015/2016,500000
642618,Zinedine Machach,9941,1809,Toulouse FC,Toulouse FC,France,France Ligue 1,2015/2016,1500000
277772,Zinho Gano,8475,110913,Waasland-Beveren,Waasland-Beveren,Belgium,Belgium Jupiler League,2015/2016,1000000
532766,Zizo,9989,239,Lierse SK,Lierse SK,Belgium,Belgium Jupiler League,2014/2015,350000
35724,Zlatan Ibrahimovic,9847,73,Paris Saint-Germain,Paris Saint-Germain,France,France Ligue 1,2015/2016,12000000
42860,Zlatko Junuzovic,8697,38,SV Werder Bremen,SV Werder Bremen,Germany,Germany 1. Bundesliga,2015/2016,7000000
107281,Zoltan Stieber,9790,28,Hamburger SV,Hamburger SV,Germany,Germany 1. Bundesliga,2014/2015,800000
491794,Zoran Josipovic,7896,2000003,Lugano,Lugano,Switzerland,Switzerland Super League,2015/2016,450000
282473,Zouhair Feddal,8581,1853,Levante UD,Levante UD,Spain,Spain LIGA BBVA,2015/2016,1500000
26357,Zoumana Camara,9847,73,Paris Saint-Germain,Paris Saint-Germain,France,France Ligue 1,2014/2015,500000
